timestamp_utc,open_time_ms,open,high,low,close,volume
2026-01-01T00:00:00+00:00,1767225600000,87648.21000000,87849.26000000,87632.74000000,87809.23000000,233.66036000
2026-01-01T01:00:00+00:00,1767229200000,87809.24000000,88050.00000000,87809.23000000,87960.00000000,241.44162000
2026-01-01T02:00:00+00:00,1767232800000,87960.01000000,88088.10000000,87895.37000000,87914.00000000,209.55860000
2026-01-01T03:00:00+00:00,1767236400000,87914.00000000,88015.70000000,87832.09000000,87846.02000000,149.08354000
2026-01-01T04:00:00+00:00,1767240000000,87846.01000000,87854.81000000,87550.43000000,87590.40000000,476.17901000
2026-01-01T05:00:00+00:00,1767243600000,87590.41000000,87749.34000000,87590.40000000,87704.39000000,283.17436000
2026-01-01T06:00:00+00:00,1767247200000,87704.39000000,87704.39000000,87636.29000000,87658.00000000,123.89656000
2026-01-01T07:00:00+00:00,1767250800000,87658.01000000,87673.01000000,87596.00000000,87631.88000000,225.27492000
2026-01-01T08:00:00+00:00,1767254400000,87631.88000000,87811.13000000,87631.87000000,87770.90000000,285.21745000
2026-01-01T09:00:00+00:00,1767258000000,87770.89000000,87965.25000000,87751.82000000,87877.99000000,210.22963000
2026-01-01T10:00:00+00:00,1767261600000,87877.99000000,87883.80000000,87799.17000000,87863.76000000,128.07380000
2026-01-01T11:00:00+00:00,1767265200000,87863.75000000,88024.64000000,87859.36000000,88024.64000000,196.30405000
2026-01-01T12:00:00+00:00,1767268800000,88024.64000000,88036.42000000,87925.28000000,87950.00000000,200.13556000
2026-01-01T13:00:00+00:00,1767272400000,87950.00000000,88019.82000000,87860.66000000,87922.64000000,155.72883000
2026-01-01T14:00:00+00:00,1767276000000,87922.63000000,87970.59000000,87810.66000000,87967.05000000,390.01531000
2026-01-01T15:00:00+00:00,1767279600000,87967.05000000,88113.45000000,87916.39000000,88032.18000000,260.01234000
2026-01-01T16:00:00+00:00,1767283200000,88032.17000000,88048.70000000,87879.03000000,87988.76000000,189.99476000
2026-01-01T17:00:00+00:00,1767286800000,87988.77000000,88500.00000000,87976.00000000,88316.37000000,476.08554000
2026-01-01T18:00:00+00:00,1767290400000,88316.38000000,88364.00000000,88105.08000000,88193.94000000,257.59166000
2026-01-01T19:00:00+00:00,1767294000000,88193.94000000,88431.23000000,88062.32000000,88391.15000000,216.66303000
2026-01-01T20:00:00+00:00,1767297600000,88391.16000000,88391.16000000,88240.00000000,88258.12000000,135.39527000
2026-01-01T21:00:00+00:00,1767301200000,88258.12000000,88447.84000000,88254.08000000,88377.67000000,168.57205000
2026-01-01T22:00:00+00:00,1767304800000,88377.67000000,88699.99000000,88377.67000000,88645.57000000,474.23054000
2026-01-01T23:00:00+00:00,1767308400000,88645.57000000,88919.45000000,88474.63000000,88839.04000000,593.05254000
2026-01-02T00:00:00+00:00,1767312000000,88839.05000000,88890.09000000,88594.39000000,88833.97000000,448.72758000
2026-01-02T01:00:00+00:00,1767315600000,88833.96000000,88877.12000000,88525.73000000,88639.89000000,242.38673000
2026-01-02T02:00:00+00:00,1767319200000,88639.89000000,88665.10000000,88379.88000000,88637.03000000,253.81052000
2026-01-02T03:00:00+00:00,1767322800000,88637.02000000,89120.01000000,88573.64000000,88950.65000000,670.13653000
2026-01-02T04:00:00+00:00,1767326400000,88950.64000000,88992.00000000,88629.00000000,88637.64000000,287.46487000
2026-01-02T05:00:00+00:00,1767330000000,88637.64000000,88787.56000000,88576.56000000,88765.20000000,223.91609000
2026-01-02T06:00:00+00:00,1767333600000,88765.21000000,89079.44000000,88715.44000000,88935.04000000,291.36506000
2026-01-02T07:00:00+00:00,1767337200000,88935.05000000,89068.62000000,88794.01000000,88857.61000000,387.57118000
2026-01-02T08:00:00+00:00,1767340800000,88857.60000000,89200.00000000,88758.94000000,89178.13000000,436.78167000
2026-01-02T09:00:00+00:00,1767344400000,89178.13000000,89484.06000000,89106.34000000,89467.32000000,885.84196000
2026-01-02T10:00:00+00:00,1767348000000,89467.32000000,89942.44000000,89451.34000000,89666.29000000,1401.67184000
2026-01-02T11:00:00+00:00,1767351600000,89666.30000000,89682.04000000,89360.00000000,89502.95000000,610.27074000
2026-01-02T12:00:00+00:00,1767355200000,89502.94000000,89593.17000000,89387.01000000,89400.00000000,388.55376000
2026-01-02T13:00:00+00:00,1767358800000,89400.00000000,89688.60000000,89309.94000000,89348.68000000,481.02676000
2026-01-02T14:00:00+00:00,1767362400000,89348.67000000,90135.00000000,88459.96000000,89580.00000000,2152.74387000
2026-01-02T15:00:00+00:00,1767366000000,89580.01000000,89888.00000000,88800.00000000,89418.11000000,1551.51931000
2026-01-02T16:00:00+00:00,1767369600000,89418.10000000,90800.00000000,89205.92000000,90376.05000000,2486.21857000
2026-01-02T17:00:00+00:00,1767373200000,90376.05000000,90961.81000000,90185.43000000,90370.52000000,1336.49207000
2026-01-02T18:00:00+00:00,1767376800000,90370.52000000,90555.99000000,89552.18000000,89773.10000000,847.22983000
2026-01-02T19:00:00+00:00,1767380400000,89773.10000000,90157.03000000,89650.00000000,89897.23000000,485.53154000
2026-01-02T20:00:00+00:00,1767384000000,89897.23000000,90075.00000000,89636.77000000,89740.00000000,538.07124000
2026-01-02T21:00:00+00:00,1767387600000,89740.01000000,90175.01000000,89728.37000000,90065.80000000,330.88507000
2026-01-02T22:00:00+00:00,1767391200000,90065.80000000,90400.00000000,90026.54000000,90195.37000000,409.68756000
2026-01-02T23:00:00+00:00,1767394800000,90195.37000000,90201.67000000,89902.16000000,89995.13000000,249.06866000
2026-01-03T00:00:00+00:00,1767398400000,89995.14000000,90195.77000000,89966.48000000,90156.19000000,298.52212000
2026-01-03T01:00:00+00:00,1767402000000,90156.19000000,90292.87000000,90077.69000000,90282.69000000,236.37769000
2026-01-03T02:00:00+00:00,1767405600000,90282.68000000,90418.32000000,90129.53000000,90340.00000000,305.59164000
2026-01-03T03:00:00+00:00,1767409200000,90340.01000000,90376.49000000,90200.00000000,90321.22000000,185.70264000
2026-01-03T04:00:00+00:00,1767412800000,90321.23000000,90480.62000000,90053.53000000,90170.00000000,411.08569000
2026-01-03T05:00:00+00:00,1767416400000,90170.01000000,90198.00000000,89924.48000000,90031.10000000,222.72398000
2026-01-03T06:00:00+00:00,1767420000000,90031.10000000,90134.60000000,89850.10000000,89871.05000000,273.68226000
2026-01-03T07:00:00+00:00,1767423600000,89871.04000000,89950.88000000,89314.01000000,89577.13000000,869.92487000
2026-01-03T08:00:00+00:00,1767427200000,89577.13000000,89831.90000000,89420.75000000,89670.51000000,458.16930000
2026-01-03T09:00:00+00:00,1767430800000,89670.51000000,89982.11000000,89634.95000000,89791.99000000,409.91195000
2026-01-03T10:00:00+00:00,1767434400000,89792.00000000,89881.10000000,89715.21000000,89754.47000000,270.67124000
2026-01-03T11:00:00+00:00,1767438000000,89754.48000000,89782.81000000,89679.14000000,89752.74000000,162.35671000
2026-01-03T12:00:00+00:00,1767441600000,89752.75000000,90046.00000000,89664.93000000,90039.13000000,374.21001000
2026-01-03T13:00:00+00:00,1767445200000,90039.12000000,90065.74000000,89920.01000000,90004.96000000,287.30479000
2026-01-03T14:00:00+00:00,1767448800000,90004.97000000,90249.99000000,89960.00000000,90126.02000000,298.26434000
2026-01-03T15:00:00+00:00,1767452400000,90126.02000000,90126.02000000,89968.00000000,89969.31000000,155.37202000
2026-01-03T16:00:00+00:00,1767456000000,89969.31000000,90219.67000000,89918.59000000,90105.24000000,200.27276000
2026-01-03T17:00:00+00:00,1767459600000,90105.24000000,90123.77000000,90026.93000000,90093.99000000,83.86507000
2026-01-03T18:00:00+00:00,1767463200000,90094.00000000,90197.88000000,90035.52000000,90138.87000000,141.85601000
2026-01-03T19:00:00+00:00,1767466800000,90138.87000000,90156.19000000,90060.00000000,90123.77000000,90.08443000
2026-01-03T20:00:00+00:00,1767470400000,90123.76000000,90372.40000000,90017.23000000,90372.39000000,179.02196000
2026-01-03T21:00:00+00:00,1767474000000,90372.40000000,90741.16000000,90318.29000000,90564.31000000,398.89642000
2026-01-03T22:00:00+00:00,1767477600000,90564.32000000,90738.99000000,90497.52000000,90590.04000000,433.49380000
2026-01-03T23:00:00+00:00,1767481200000,90590.04000000,90700.00000000,90469.39000000,90628.01000000,310.10546000
2026-01-04T00:00:00+00:00,1767484800000,90628.01000000,91610.17000000,90628.00000000,91341.47000000,1737.64298000
2026-01-04T01:00:00+00:00,1767488400000,91341.48000000,91475.52000000,91005.37000000,91235.37000000,375.26249000
2026-01-04T02:00:00+00:00,1767492000000,91235.37000000,91292.00000000,91080.06000000,91124.00000000,278.28940000
2026-01-04T03:00:00+00:00,1767495600000,91124.00000000,91350.00000000,91080.06000000,91236.78000000,328.23931000
2026-01-04T04:00:00+00:00,1767499200000,91236.78000000,91587.72000000,91183.15000000,91400.00000000,457.69348000
2026-01-04T05:00:00+00:00,1767502800000,91400.01000000,91490.68000000,91348.31000000,91480.04000000,172.44443000
2026-01-04T06:00:00+00:00,1767506400000,91480.04000000,91810.00000000,91237.54000000,91237.55000000,747.06543000
2026-01-04T07:00:00+00:00,1767510000000,91237.54000000,91546.31000000,91211.25000000,91532.00000000,456.46078000
2026-01-04T08:00:00+00:00,1767513600000,91532.00000000,91536.00000000,91174.46000000,91374.99000000,620.80815000
2026-01-04T09:00:00+00:00,1767517200000,91374.99000000,91485.21000000,91244.29000000,91468.28000000,941.08164000
2026-01-04T10:00:00+00:00,1767520800000,91468.28000000,91620.50000000,91422.67000000,91600.62000000,665.01473000
2026-01-04T11:00:00+00:00,1767524400000,91600.62000000,91600.62000000,91236.19000000,91300.00000000,369.35457000
2026-01-04T12:00:00+00:00,1767528000000,91300.01000000,91360.00000000,91084.00000000,91150.98000000,454.56858000
2026-01-04T13:00:00+00:00,1767531600000,91150.99000000,91276.94000000,91014.10000000,91264.00000000,272.68922000
2026-01-04T14:00:00+00:00,1767535200000,91264.00000000,91419.22000000,91146.86000000,91336.39000000,272.07953000
2026-01-04T15:00:00+00:00,1767538800000,91336.39000000,91381.60000000,91096.27000000,91334.94000000,316.98098000
2026-01-04T16:00:00+00:00,1767542400000,91334.94000000,91455.90000000,91244.60000000,91321.00000000,326.44422000
2026-01-04T17:00:00+00:00,1767546000000,91321.00000000,91436.21000000,91306.77000000,91335.73000000,137.11227000
2026-01-04T18:00:00+00:00,1767549600000,91335.72000000,91335.73000000,91000.00000000,91205.39000000,304.66859000
2026-01-04T19:00:00+00:00,1767553200000,91205.38000000,91205.39000000,90863.47000000,91138.07000000,372.30446000
2026-01-04T20:00:00+00:00,1767556800000,91138.06000000,91349.38000000,91132.00000000,91313.94000000,147.52188000
2026-01-04T21:00:00+00:00,1767560400000,91313.93000000,91421.96000000,91182.71000000,91279.99000000,135.33795000
2026-01-04T22:00:00+00:00,1767564000000,91279.99000000,91401.98000000,91150.47000000,91220.01000000,149.03275000
2026-01-04T23:00:00+00:00,1767567600000,91220.00000000,91590.00000000,91220.00000000,91529.73000000,388.43188000
2026-01-05T00:00:00+00:00,1767571200000,91529.74000000,92426.82000000,91514.81000000,92405.46000000,2061.87264000
2026-01-05T01:00:00+00:00,1767574800000,92405.46000000,93388.00000000,92280.69000000,92967.28000000,1977.50385000
2026-01-05T02:00:00+00:00,1767578400000,92967.29000000,93157.99000000,92724.98000000,93033.11000000,913.68581000
2026-01-05T03:00:00+00:00,1767582000000,93033.11000000,93204.70000000,92871.26000000,92878.22000000,595.50021000
2026-01-05T04:00:00+00:00,1767585600000,92878.22000000,92947.87000000,92330.46000000,92595.07000000,588.83873000
2026-01-05T05:00:00+00:00,1767589200000,92595.07000000,92720.73000000,92340.39000000,92359.99000000,400.53800000
2026-01-05T06:00:00+00:00,1767592800000,92359.99000000,92500.00000000,92155.00000000,92491.81000000,320.70875000
2026-01-05T07:00:00+00:00,1767596400000,92491.82000000,92644.31000000,92484.72000000,92520.63000000,528.78142000
2026-01-05T08:00:00+00:00,1767600000000,92520.63000000,92774.28000000,92446.00000000,92467.53000000,603.26757000
2026-01-05T09:00:00+00:00,1767603600000,92467.54000000,92845.53000000,92320.17000000,92688.60000000,645.33375000
2026-01-05T10:00:00+00:00,1767607200000,92688.61000000,93151.00000000,92679.12000000,93080.00000000,681.83063000
2026-01-05T11:00:00+00:00,1767610800000,93080.00000000,93151.00000000,92883.03000000,93134.26000000,567.75651000
2026-01-05T12:00:00+00:00,1767614400000,93134.25000000,93206.20000000,92752.60000000,92874.28000000,453.58870000
2026-01-05T13:00:00+00:00,1767618000000,92874.28000000,93020.00000000,92535.41000000,92742.74000000,486.24906000
2026-01-05T14:00:00+00:00,1767621600000,92742.73000000,93666.00000000,92407.13000000,93428.00000000,1355.05943000
2026-01-05T15:00:00+00:00,1767625200000,93428.00000000,94000.00000000,93170.95000000,93957.73000000,1929.19905000
2026-01-05T16:00:00+00:00,1767628800000,93957.74000000,94076.35000000,93586.65000000,93701.31000000,1298.79178000
2026-01-05T17:00:00+00:00,1767632400000,93701.30000000,94477.69000000,93250.00000000,94317.84000000,1154.31910000
2026-01-05T18:00:00+00:00,1767636000000,94317.84000000,94500.00000000,93920.00000000,94449.62000000,974.95833000
2026-01-05T19:00:00+00:00,1767639600000,94449.61000000,94500.00000000,94131.44000000,94303.40000000,762.31290000
2026-01-05T20:00:00+00:00,1767643200000,94303.40000000,94789.08000000,94038.00000000,94177.99000000,1133.04005000
2026-01-05T21:00:00+00:00,1767646800000,94178.00000000,94227.40000000,93800.00000000,94095.78000000,474.75745000
2026-01-05T22:00:00+00:00,1767650400000,94095.78000000,94406.00000000,94012.30000000,94171.22000000,370.72137000
2026-01-05T23:00:00+00:00,1767654000000,94171.21000000,94194.01000000,93859.70000000,93859.71000000,394.98075000
2026-01-06T00:00:00+00:00,1767657600000,93859.71000000,93993.07000000,93555.93000000,93816.70000000,522.32093000
2026-01-06T01:00:00+00:00,1767661200000,93816.70000000,94161.86000000,93739.37000000,93771.82000000,384.14412000
2026-01-06T02:00:00+00:00,1767664800000,93771.82000000,93870.66000000,93529.18000000,93620.60000000,336.13865000
2026-01-06T03:00:00+00:00,1767668400000,93620.60000000,93943.88000000,93601.96000000,93769.24000000,285.34343000
2026-01-06T04:00:00+00:00,1767672000000,93769.25000000,94000.00000000,93734.25000000,93801.07000000,231.47521000
2026-01-06T05:00:00+00:00,1767675600000,93801.07000000,93816.00000000,93572.11000000,93599.99000000,407.00036000
2026-01-06T06:00:00+00:00,1767679200000,93599.99000000,93951.07000000,93538.83000000,93780.01000000,538.64562000
2026-01-06T07:00:00+00:00,1767682800000,93780.01000000,93782.60000000,93137.98000000,93255.08000000,860.27324000
2026-01-06T08:00:00+00:00,1767686400000,93255.08000000,93420.11000000,93167.29000000,93240.17000000,355.74138000
2026-01-06T09:00:00+00:00,1767690000000,93240.18000000,93569.61000000,93229.37000000,93462.72000000,327.55172000
2026-01-06T10:00:00+00:00,1767693600000,93462.72000000,93654.49000000,93413.20000000,93579.56000000,273.28705000
2026-01-06T11:00:00+00:00,1767697200000,93579.56000000,93895.00000000,93571.43000000,93840.00000000,403.66589000
2026-01-06T12:00:00+00:00,1767700800000,93839.99000000,93981.10000000,93784.30000000,93872.16000000,338.69848000
2026-01-06T13:00:00+00:00,1767704400000,93872.17000000,93872.17000000,93636.75000000,93716.53000000,315.19532000
2026-01-06T14:00:00+00:00,1767708000000,93716.53000000,94444.44000000,93531.28000000,93836.81000000,1676.33623000
2026-01-06T15:00:00+00:00,1767711600000,93836.81000000,94311.22000000,93352.01000000,93648.99000000,1417.41756000
2026-01-06T16:00:00+00:00,1767715200000,93649.00000000,93775.60000000,92336.00000000,92692.32000000,2208.46324000
2026-01-06T17:00:00+00:00,1767718800000,92692.32000000,92773.05000000,91539.68000000,91589.24000000,1784.74974000
2026-01-06T18:00:00+00:00,1767722400000,91589.23000000,92221.52000000,91262.94000000,92034.09000000,1427.50922000
2026-01-06T19:00:00+00:00,1767726000000,92034.09000000,92361.82000000,91902.00000000,92104.50000000,733.78195000
2026-01-06T20:00:00+00:00,1767729600000,92104.49000000,92698.04000000,92098.29000000,92505.32000000,775.34743000
2026-01-06T21:00:00+00:00,1767733200000,92505.31000000,93845.03000000,92372.40000000,93258.05000000,1874.69965000
2026-01-06T22:00:00+00:00,1767736800000,93258.04000000,93533.78000000,92966.75000000,93362.68000000,713.98511000
2026-01-06T23:00:00+00:00,1767740400000,93362.67000000,93792.17000000,93333.32000000,93747.97000000,354.64676000
2026-01-07T00:00:00+00:00,1767744000000,93747.97000000,93747.97000000,92626.31000000,92709.52000000,843.19542000
2026-01-07T01:00:00+00:00,1767747600000,92709.36000000,92902.52000000,92330.33000000,92435.35000000,936.69400000
2026-01-07T02:00:00+00:00,1767751200000,92435.36000000,93060.00000000,92236.07000000,92949.77000000,598.87784000
2026-01-07T03:00:00+00:00,1767754800000,92949.77000000,93108.69000000,92747.12000000,92815.83000000,294.44853000
2026-01-07T04:00:00+00:00,1767758400000,92815.83000000,92930.35000000,92610.00000000,92670.29000000,319.36155000
2026-01-07T05:00:00+00:00,1767762000000,92670.30000000,92847.16000000,92500.00000000,92529.54000000,227.33033000
2026-01-07T06:00:00+00:00,1767765600000,92529.53000000,92899.57000000,92523.75000000,92614.84000000,240.63686000
2026-01-07T07:00:00+00:00,1767769200000,92614.84000000,92895.56000000,92614.83000000,92879.13000000,256.24423000
2026-01-07T08:00:00+00:00,1767772800000,92879.14000000,92961.53000000,92698.09000000,92718.90000000,263.50620000
2026-01-07T09:00:00+00:00,1767776400000,92718.90000000,92718.91000000,91600.00000000,91716.14000000,1258.05952000
2026-01-07T10:00:00+00:00,1767780000000,91716.14000000,92000.00000000,91600.00000000,91975.31000000,538.05487000
2026-01-07T11:00:00+00:00,1767783600000,91975.31000000,92253.16000000,91928.21000000,92087.21000000,542.17686000
2026-01-07T12:00:00+00:00,1767787200000,92087.21000000,92176.98000000,91977.73000000,91997.86000000,317.95554000
2026-01-07T13:00:00+00:00,1767790800000,91997.85000000,92299.40000000,91864.52000000,92044.67000000,443.04448000
2026-01-07T14:00:00+00:00,1767794400000,92044.67000000,92135.10000000,91353.39000000,91959.04000000,1427.59818000
2026-01-07T15:00:00+00:00,1767798000000,91959.05000000,92000.00000000,91024.00000000,91349.96000000,1434.72957000
2026-01-07T16:00:00+00:00,1767801600000,91349.95000000,91790.00000000,91150.00000000,91264.54000000,677.82559000
2026-01-07T17:00:00+00:00,1767805200000,91264.55000000,91698.15000000,91026.01000000,91252.14000000,548.07377000
2026-01-07T18:00:00+00:00,1767808800000,91252.13000000,91441.35000000,90733.14000000,90901.39000000,816.16719000
2026-01-07T19:00:00+00:00,1767812400000,90901.38000000,91280.07000000,90675.52000000,91186.07000000,611.74260000
2026-01-07T20:00:00+00:00,1767816000000,91186.07000000,91300.75000000,90778.32000000,91047.49000000,438.79062000
2026-01-07T21:00:00+00:00,1767819600000,91047.49000000,91231.90000000,91035.77000000,91089.50000000,245.38775000
2026-01-07T22:00:00+00:00,1767823200000,91089.50000000,91383.14000000,90873.08000000,91180.85000000,362.92780000
2026-01-07T23:00:00+00:00,1767826800000,91180.85000000,91489.60000000,91004.10000000,91364.16000000,633.66095000
2026-01-08T00:00:00+00:00,1767830400000,91364.16000000,91529.72000000,91072.16000000,91394.71000000,369.48198000
2026-01-08T01:00:00+00:00,1767834000000,91394.70000000,91687.99000000,91300.00000000,91428.40000000,306.46699000
2026-01-08T02:00:00+00:00,1767837600000,91428.39000000,91473.00000000,90764.00000000,90956.49000000,571.10105000
2026-01-08T03:00:00+00:00,1767841200000,90956.50000000,91142.51000000,90616.36000000,90813.40000000,547.79189000
2026-01-08T04:00:00+00:00,1767844800000,90813.40000000,91168.00000000,90700.00000000,91022.75000000,357.33917000
2026-01-08T05:00:00+00:00,1767848400000,91022.74000000,91188.00000000,90786.14000000,90829.58000000,295.83835000
2026-01-08T06:00:00+00:00,1767852000000,90829.58000000,90872.00000000,89897.01000000,89898.01000000,1360.25581000
2026-01-08T07:00:00+00:00,1767855600000,89898.00000000,90588.00000000,89641.84000000,90548.02000000,1094.34311000
2026-01-08T08:00:00+00:00,1767859200000,90548.02000000,90917.22000000,90155.05000000,90227.25000000,841.98085000
2026-01-08T09:00:00+00:00,1767862800000,90227.25000000,90374.78000000,89956.00000000,90010.00000000,514.04982000
2026-01-08T10:00:00+00:00,1767866400000,90009.99000000,90493.18000000,89777.25000000,90410.10000000,526.53398000
2026-01-08T11:00:00+00:00,1767870000000,90409.61000000,90487.31000000,90022.26000000,90226.77000000,548.71612000
2026-01-08T12:00:00+00:00,1767873600000,90226.77000000,90240.85000000,89781.96000000,89989.21000000,992.96975000
2026-01-08T13:00:00+00:00,1767877200000,89989.20000000,90105.08000000,89861.59000000,89962.14000000,441.44929000
2026-01-08T14:00:00+00:00,1767880800000,89962.14000000,90171.00000000,89311.00000000,90024.01000000,1521.76403000
2026-01-08T15:00:00+00:00,1767884400000,90024.00000000,90847.52000000,89820.89000000,90781.57000000,1428.07575000
2026-01-08T16:00:00+00:00,1767888000000,90781.57000000,90926.84000000,90312.89000000,90926.84000000,855.68064000
2026-01-08T17:00:00+00:00,1767891600000,90926.84000000,91440.00000000,90842.00000000,91366.39000000,874.20589000
2026-01-08T18:00:00+00:00,1767895200000,91366.39000000,91469.00000000,90952.00000000,91117.35000000,517.40477000
2026-01-08T19:00:00+00:00,1767898800000,91117.35000000,91333.00000000,90812.98000000,90937.41000000,409.29800000
2026-01-08T20:00:00+00:00,1767902400000,90937.42000000,90996.02000000,90568.11000000,90927.62000000,476.53275000
2026-01-08T21:00:00+00:00,1767906000000,90927.63000000,91336.63000000,90917.70000000,91272.96000000,629.96765000
2026-01-08T22:00:00+00:00,1767909600000,91272.96000000,91493.00000000,91033.11000000,91231.90000000,417.67218000
2026-01-08T23:00:00+00:00,1767913200000,91231.89000000,91336.63000000,91046.87000000,91099.99000000,233.87135000
2026-01-09T00:00:00+00:00,1767916800000,91100.00000000,91307.72000000,91058.70000000,91290.33000000,179.40576000
2026-01-09T01:00:00+00:00,1767920400000,91290.34000000,91632.10000000,90850.00000000,91056.19000000,545.56598000
2026-01-09T02:00:00+00:00,1767924000000,91056.20000000,91481.19000000,91023.00000000,91038.38000000,431.10210000
2026-01-09T03:00:00+00:00,1767927600000,91038.39000000,91271.73000000,90941.44000000,91220.23000000,417.79460000
2026-01-09T04:00:00+00:00,1767931200000,91220.24000000,91236.72000000,90933.30000000,91012.80000000,322.36121000
2026-01-09T05:00:00+00:00,1767934800000,91012.81000000,91119.81000000,90882.71000000,91091.82000000,292.21625000
2026-01-09T06:00:00+00:00,1767938400000,91091.82000000,91146.47000000,90989.29000000,91137.58000000,209.50276000
2026-01-09T07:00:00+00:00,1767942000000,91137.58000000,91137.58000000,90738.34000000,90741.84000000,669.47590000
2026-01-09T08:00:00+00:00,1767945600000,90741.85000000,90843.77000000,89694.66000000,90033.52000000,1141.88324000
2026-01-09T09:00:00+00:00,1767949200000,90033.52000000,90481.20000000,90014.60000000,90338.46000000,507.45187000
2026-01-09T10:00:00+00:00,1767952800000,90338.47000000,90558.01000000,90283.47000000,90485.87000000,396.79277000
2026-01-09T11:00:00+00:00,1767956400000,90485.87000000,90691.32000000,90404.21000000,90463.11000000,540.59585000
2026-01-09T12:00:00+00:00,1767960000000,90463.12000000,90603.53000000,90235.13000000,90449.23000000,690.17113000
2026-01-09T13:00:00+00:00,1767963600000,90449.22000000,90938.62000000,90405.15000000,90607.66000000,722.68305000
2026-01-09T14:00:00+00:00,1767967200000,90607.66000000,90666.91000000,89940.00000000,90150.00000000,840.37741000
2026-01-09T15:00:00+00:00,1767970800000,90150.01000000,92082.55000000,89850.00000000,91176.47000000,3441.12901000
2026-01-09T16:00:00+00:00,1767974400000,91176.48000000,91783.32000000,91175.79000000,91623.89000000,1143.47636000
2026-01-09T17:00:00+00:00,1767978000000,91623.89000000,91680.41000000,91012.00000000,91422.23000000,688.89123000
2026-01-09T18:00:00+00:00,1767981600000,91422.23000000,91507.82000000,90340.00000000,90820.31000000,551.14415000
2026-01-09T19:00:00+00:00,1767985200000,90820.30000000,90820.30000000,90190.00000000,90332.15000000,578.57871000
2026-01-09T20:00:00+00:00,1767988800000,90332.14000000,90580.62000000,90235.00000000,90303.36000000,313.31668000
2026-01-09T21:00:00+00:00,1767992400000,90303.37000000,90643.81000000,90113.87000000,90541.97000000,207.05117000
2026-01-09T22:00:00+00:00,1767996000000,90541.98000000,90723.06000000,90353.91000000,90630.08000000,575.52178000
2026-01-09T23:00:00+00:00,1767999600000,90630.08000000,90732.01000000,90604.58000000,90641.28000000,183.79042000
2026-01-10T00:00:00+00:00,1768003200000,90641.27000000,90693.89000000,90527.99000000,90600.00000000,151.21516000
2026-01-10T01:00:00+00:00,1768006800000,90600.00000000,90732.20000000,90587.00000000,90688.00000000,113.18366000
2026-01-10T02:00:00+00:00,1768010400000,90688.00000000,90782.23000000,90607.02000000,90697.17000000,139.70054000
2026-01-10T03:00:00+00:00,1768014000000,90697.17000000,90697.18000000,90554.26000000,90626.14000000,124.89032000
2026-01-10T04:00:00+00:00,1768017600000,90626.15000000,90649.99000000,90408.23000000,90448.30000000,164.87324000
2026-01-10T05:00:00+00:00,1768021200000,90448.30000000,90617.62000000,90431.45000000,90603.52000000,84.41081000
2026-01-10T06:00:00+00:00,1768024800000,90603.52000000,90603.53000000,90474.35000000,90505.47000000,74.15884000
2026-01-10T07:00:00+00:00,1768028400000,90505.48000000,90682.70000000,90505.47000000,90678.50000000,168.18359000
2026-01-10T08:00:00+00:00,1768032000000,90678.50000000,90773.33000000,90618.28000000,90661.95000000,288.33994000
2026-01-10T09:00:00+00:00,1768035600000,90661.94000000,90768.97000000,90630.09000000,90768.96000000,158.69299000
2026-01-10T10:00:00+00:00,1768039200000,90768.97000000,90832.00000000,90728.45000000,90828.00000000,126.67512000
2026-01-10T11:00:00+00:00,1768042800000,90828.00000000,90828.00000000,90708.25000000,90723.86000000,73.68827000
2026-01-10T12:00:00+00:00,1768046400000,90723.87000000,90788.78000000,90665.75000000,90733.71000000,94.62022000
2026-01-10T13:00:00+00:00,1768050000000,90733.71000000,90772.78000000,90633.86000000,90656.51000000,82.99160000
2026-01-10T14:00:00+00:00,1768053600000,90656.52000000,90658.69000000,90538.46000000,90591.01000000,144.35468000
2026-01-10T15:00:00+00:00,1768057200000,90591.01000000,90665.76000000,90584.17000000,90665.75000000,92.51513000
2026-01-10T16:00:00+00:00,1768060800000,90665.76000000,90725.74000000,90609.56000000,90676.66000000,142.80125000
2026-01-10T17:00:00+00:00,1768064400000,90676.66000000,90746.00000000,90544.96000000,90544.96000000,152.86625000
2026-01-10T18:00:00+00:00,1768068000000,90544.96000000,90595.63000000,90504.55000000,90595.62000000,158.53961000
2026-01-10T19:00:00+00:00,1768071600000,90595.62000000,90631.37000000,90580.61000000,90626.54000000,75.94050000
2026-01-10T20:00:00+00:00,1768075200000,90626.54000000,90659.03000000,90571.00000000,90572.86000000,99.38243000
2026-01-10T21:00:00+00:00,1768078800000,90572.86000000,90572.86000000,90500.38000000,90510.74000000,144.94285000
2026-01-10T22:00:00+00:00,1768082400000,90510.75000000,90600.00000000,90404.00000000,90427.76000000,161.64189000
2026-01-10T23:00:00+00:00,1768086000000,90427.76000000,90567.15000000,90427.75000000,90504.70000000,85.50833000
2026-01-11T00:00:00+00:00,1768089600000,90504.70000000,90650.75000000,90451.10000000,90640.44000000,114.36360000
2026-01-11T01:00:00+00:00,1768093200000,90640.44000000,90675.53000000,90558.95000000,90628.23000000,83.46973000
2026-01-11T02:00:00+00:00,1768096800000,90628.24000000,90731.90000000,90615.34000000,90699.00000000,123.06702000
2026-01-11T03:00:00+00:00,1768100400000,90699.00000000,90737.95000000,90631.64000000,90733.50000000,142.98004000
2026-01-11T04:00:00+00:00,1768104000000,90733.49000000,90785.48000000,90661.53000000,90785.48000000,141.85581000
2026-01-11T05:00:00+00:00,1768107600000,90785.48000000,90850.00000000,90740.00000000,90774.43000000,128.06651000
2026-01-11T06:00:00+00:00,1768111200000,90774.42000000,90796.83000000,90585.34000000,90744.00000000,169.88277000
2026-01-11T07:00:00+00:00,1768114800000,90744.00000000,90749.00000000,90675.52000000,90710.79000000,107.03833000
2026-01-11T08:00:00+00:00,1768118400000,90710.80000000,90816.00000000,90610.27000000,90790.01000000,261.70108000
2026-01-11T09:00:00+00:00,1768122000000,90790.01000000,90815.44000000,90675.60000000,90740.02000000,180.86038000
2026-01-11T10:00:00+00:00,1768125600000,90740.01000000,90740.02000000,90692.79000000,90736.67000000,123.08314000
2026-01-11T11:00:00+00:00,1768129200000,90736.66000000,90756.00000000,90695.05000000,90754.99000000,128.73157000
2026-01-11T12:00:00+00:00,1768132800000,90754.99000000,91020.00000000,90720.21000000,90938.13000000,211.42505000
2026-01-11T13:00:00+00:00,1768136400000,90938.12000000,90972.33000000,90821.47000000,90849.45000000,154.00693000
2026-01-11T14:00:00+00:00,1768140000000,90849.45000000,91191.50000000,90849.45000000,91127.16000000,282.45011000
2026-01-11T15:00:00+00:00,1768143600000,91127.17000000,91153.99000000,90708.25000000,90875.79000000,496.14604000
2026-01-11T16:00:00+00:00,1768147200000,90875.79000000,91283.89000000,90875.79000000,91039.15000000,389.24788000
2026-01-11T17:00:00+00:00,1768150800000,91039.14000000,91147.82000000,90904.07000000,90986.68000000,234.85682000
2026-01-11T18:00:00+00:00,1768154400000,90986.68000000,90986.69000000,90793.43000000,90886.68000000,177.99755000
2026-01-11T19:00:00+00:00,1768158000000,90886.68000000,90922.08000000,90673.30000000,90690.80000000,159.30510000
2026-01-11T20:00:00+00:00,1768161600000,90690.81000000,90743.72000000,90370.85000000,90708.26000000,497.31755000
2026-01-11T21:00:00+00:00,1768165200000,90708.25000000,90838.69000000,90590.61000000,90757.06000000,217.97309000
2026-01-11T22:00:00+00:00,1768168800000,90757.07000000,90757.07000000,90453.36000000,90526.02000000,255.60666000
2026-01-11T23:00:00+00:00,1768172400000,90526.01000000,91041.79000000,90236.00000000,91013.65000000,695.70318000
2026-01-12T00:00:00+00:00,1768176000000,91013.66000000,91258.66000000,90700.29000000,91258.65000000,740.61830000
2026-01-12T01:00:00+00:00,1768179600000,91258.66000000,91799.00000000,91086.00000000,91412.44000000,973.78286000
2026-01-12T02:00:00+00:00,1768183200000,91412.44000000,92384.40000000,91374.00000000,92203.56000000,1103.07593000
2026-01-12T03:00:00+00:00,1768186800000,92203.56000000,92519.95000000,91808.11000000,91808.12000000,968.99203000
2026-01-12T04:00:00+00:00,1768190400000,91808.12000000,92290.81000000,91741.82000000,92175.78000000,651.26560000
2026-01-12T05:00:00+00:00,1768194000000,92175.79000000,92267.66000000,92037.51000000,92111.86000000,274.66206000
2026-01-12T06:00:00+00:00,1768197600000,92111.87000000,92207.01000000,91805.43000000,91836.34000000,279.64865000
2026-01-12T07:00:00+00:00,1768201200000,91836.35000000,91970.00000000,91381.36000000,91408.09000000,500.65720000
2026-01-12T08:00:00+00:00,1768204800000,91408.09000000,91630.13000000,90388.89000000,90752.27000000,1298.94335000
2026-01-12T09:00:00+00:00,1768208400000,90752.28000000,90942.85000000,90648.15000000,90685.64000000,605.22242000
2026-01-12T10:00:00+00:00,1768212000000,90685.65000000,90793.18000000,90370.00000000,90433.46000000,399.68146000
2026-01-12T11:00:00+00:00,1768215600000,90433.45000000,90824.86000000,90425.36000000,90620.96000000,457.29481000
2026-01-12T12:00:00+00:00,1768219200000,90620.95000000,90863.74000000,90615.66000000,90789.37000000,244.81991000
2026-01-12T13:00:00+00:00,1768222800000,90789.37000000,90829.73000000,90538.00000000,90636.01000000,327.61952000
2026-01-12T14:00:00+00:00,1768226400000,90636.00000000,91131.39000000,90128.44000000,90908.95000000,1300.15719000
2026-01-12T15:00:00+00:00,1768230000000,90908.95000000,91665.00000000,90705.91000000,91665.00000000,1031.47333000
2026-01-12T16:00:00+00:00,1768233600000,91664.99000000,92332.00000000,91567.81000000,92123.52000000,1578.09092000
2026-01-12T17:00:00+00:00,1768237200000,92123.51000000,92306.62000000,91000.53000000,91522.83000000,1208.45838000
2026-01-12T18:00:00+00:00,1768240800000,91522.83000000,91943.26000000,91411.79000000,91691.80000000,505.47425000
2026-01-12T19:00:00+00:00,1768244400000,91691.80000000,91880.00000000,91434.80000000,91861.27000000,337.94969000
2026-01-12T20:00:00+00:00,1768248000000,91861.27000000,92046.23000000,91417.99000000,91484.86000000,374.00813000
2026-01-12T21:00:00+00:00,1768251600000,91484.87000000,91502.37000000,90938.20000000,91055.17000000,398.88227000
2026-01-12T22:00:00+00:00,1768255200000,91055.17000000,91441.34000000,91052.21000000,91244.99000000,313.86446000
2026-01-12T23:00:00+00:00,1768258800000,91244.99000000,91311.68000000,91059.88000000,91296.20000000,313.43996000
2026-01-13T00:00:00+00:00,1768262400000,91296.20000000,91546.08000000,91249.00000000,91482.74000000,334.56358000
2026-01-13T01:00:00+00:00,1768266000000,91482.74000000,91546.08000000,91042.66000000,91185.35000000,442.20574000
2026-01-13T02:00:00+00:00,1768269600000,91185.34000000,91382.82000000,91097.80000000,91118.30000000,271.94314000
2026-01-13T03:00:00+00:00,1768273200000,91118.30000000,91453.45000000,91118.29000000,91408.91000000,263.81213000
2026-01-13T04:00:00+00:00,1768276800000,91408.90000000,91650.81000000,91350.71000000,91515.16000000,272.26771000
2026-01-13T05:00:00+00:00,1768280400000,91515.17000000,92255.94000000,91472.36000000,91920.99000000,991.25943000
2026-01-13T06:00:00+00:00,1768284000000,91921.00000000,92275.38000000,91806.19000000,92184.36000000,600.50125000
2026-01-13T07:00:00+00:00,1768287600000,92184.37000000,92212.48000000,91905.33000000,91942.00000000,704.56170000
2026-01-13T08:00:00+00:00,1768291200000,91941.99000000,92250.66000000,91924.27000000,92165.90000000,528.98890000
2026-01-13T09:00:00+00:00,1768294800000,92165.89000000,92672.11000000,91950.00000000,92269.42000000,1215.58278000
2026-01-13T10:00:00+00:00,1768298400000,92269.42000000,92350.03000000,92021.15000000,92128.62000000,394.76711000
2026-01-13T11:00:00+00:00,1768302000000,92128.63000000,92261.04000000,91972.44000000,92000.74000000,405.87783000
2026-01-13T12:00:00+00:00,1768305600000,92000.73000000,92153.84000000,91910.25000000,92109.35000000,280.96679000
2026-01-13T13:00:00+00:00,1768309200000,92109.35000000,92606.42000000,91978.66000000,92076.12000000,1336.20170000
2026-01-13T14:00:00+00:00,1768312800000,92076.11000000,92915.12000000,91787.61000000,92462.03000000,1289.79234000
2026-01-13T15:00:00+00:00,1768316400000,92462.03000000,93450.00000000,92132.66000000,93449.99000000,1429.93474000
2026-01-13T16:00:00+00:00,1768320000000,93449.99000000,93760.00000000,93078.31000000,93389.63000000,1920.24440000
2026-01-13T17:00:00+00:00,1768323600000,93389.63000000,93498.72000000,93100.00000000,93241.99000000,796.01222000
2026-01-13T18:00:00+00:00,1768327200000,93241.99000000,93871.29000000,93198.09000000,93633.71000000,950.82758000
2026-01-13T19:00:00+00:00,1768330800000,93633.71000000,94231.82000000,93475.07000000,94226.84000000,1085.51387000
2026-01-13T20:00:00+00:00,1768334400000,94226.85000000,94500.00000000,94113.13000000,94408.70000000,1604.35758000
2026-01-13T21:00:00+00:00,1768338000000,94408.70000000,94507.99000000,94062.00000000,94087.23000000,1173.77039000
2026-01-13T22:00:00+00:00,1768341600000,94087.23000000,96495.00000000,94087.23000000,95757.21000000,3452.31954000
2026-01-13T23:00:00+00:00,1768345200000,95757.19000000,96107.97000000,95055.01000000,95414.00000000,1275.24237000
2026-01-14T00:00:00+00:00,1768348800000,95413.99000000,95647.91000000,95154.04000000,95236.84000000,662.80362000
2026-01-14T01:00:00+00:00,1768352400000,95236.84000000,95582.00000000,95116.03000000,95245.60000000,749.06956000
2026-01-14T02:00:00+00:00,1768356000000,95245.61000000,95562.00000000,95190.06000000,95347.46000000,588.58584000
2026-01-14T03:00:00+00:00,1768359600000,95347.47000000,95722.01000000,95285.50000000,95720.99000000,381.44090000
2026-01-14T04:00:00+00:00,1768363200000,95720.99000000,95799.22000000,95224.44000000,95245.16000000,460.39311000
2026-01-14T05:00:00+00:00,1768366800000,95245.17000000,95270.25000000,94972.00000000,95005.00000000,669.59606000
2026-01-14T06:00:00+00:00,1768370400000,95005.01000000,95028.88000000,94559.28000000,95028.87000000,859.31999000
2026-01-14T07:00:00+00:00,1768374000000,95028.88000000,95233.99000000,94850.00000000,95205.10000000,884.32504000
2026-01-14T08:00:00+00:00,1768377600000,95205.11000000,95315.15000000,94900.00000000,94900.01000000,380.43239000
2026-01-14T09:00:00+00:00,1768381200000,94900.01000000,95186.51000000,94870.01000000,95088.24000000,468.07232000
2026-01-14T10:00:00+00:00,1768384800000,95088.24000000,95291.98000000,94888.00000000,95091.75000000,526.44388000
2026-01-14T11:00:00+00:00,1768388400000,95091.49000000,95091.49000000,94737.95000000,94792.99000000,381.08629000
2026-01-14T12:00:00+00:00,1768392000000,94793.00000000,95154.78000000,94680.67000000,95077.56000000,424.37035000
2026-01-14T13:00:00+00:00,1768395600000,95077.56000000,95241.70000000,94890.68000000,94998.19000000,454.30020000
2026-01-14T14:00:00+00:00,1768399200000,94998.20000000,96827.00000000,94982.56000000,96493.15000000,2348.26402000
2026-01-14T15:00:00+00:00,1768402800000,96493.14000000,97084.68000000,96188.25000000,96764.57000000,2804.69067000
2026-01-14T16:00:00+00:00,1768406400000,96764.57000000,97693.66000000,96730.77000000,97293.24000000,2448.97546000
2026-01-14T17:00:00+00:00,1768410000000,97293.23000000,97777.00000000,96800.00000000,96956.07000000,2017.29615000
2026-01-14T18:00:00+00:00,1768413600000,96956.07000000,97110.00000000,96246.56000000,96806.55000000,1150.91366000
2026-01-14T19:00:00+00:00,1768417200000,96806.54000000,97640.68000000,96688.36000000,97267.42000000,1063.44638000
2026-01-14T20:00:00+00:00,1768420800000,97267.42000000,97924.49000000,97209.25000000,97655.28000000,1157.33493000
2026-01-14T21:00:00+00:00,1768424400000,97655.27000000,97717.72000000,97390.00000000,97564.00000000,494.72849000
2026-01-14T22:00:00+00:00,1768428000000,97563.99000000,97587.34000000,96772.02000000,96878.34000000,1038.79474000
2026-01-14T23:00:00+00:00,1768431600000,96878.34000000,97371.33000000,96865.34000000,96951.78000000,437.21023000
2026-01-15T00:00:00+00:00,1768435200000,96951.78000000,97000.00000000,96500.00000000,96658.03000000,798.45682000
2026-01-15T01:00:00+00:00,1768438800000,96658.03000000,96959.09000000,96297.32000000,96445.31000000,701.30226000
2026-01-15T02:00:00+00:00,1768442400000,96445.32000000,96617.06000000,96095.80000000,96339.91000000,530.33501000
2026-01-15T03:00:00+00:00,1768446000000,96339.92000000,96393.58000000,95777.00000000,95985.10000000,791.58790000
2026-01-15T04:00:00+00:00,1768449600000,95985.11000000,96387.42000000,95952.89000000,96316.27000000,483.75975000
2026-01-15T05:00:00+00:00,1768453200000,96316.27000000,96510.57000000,96247.64000000,96429.71000000,419.70339000
2026-01-15T06:00:00+00:00,1768456800000,96429.71000000,96588.45000000,96172.41000000,96243.78000000,473.63021000
2026-01-15T07:00:00+00:00,1768460400000,96243.79000000,96760.15000000,96191.79000000,96630.48000000,679.19921000
2026-01-15T08:00:00+00:00,1768464000000,96630.47000000,96662.00000000,96289.98000000,96643.00000000,760.49437000
2026-01-15T09:00:00+00:00,1768467600000,96643.01000000,97193.34000000,96559.19000000,97040.75000000,1029.77719000
2026-01-15T10:00:00+00:00,1768471200000,97040.75000000,97070.39000000,96750.00000000,96818.68000000,414.89635000
2026-01-15T11:00:00+00:00,1768474800000,96818.68000000,96935.39000000,96580.03000000,96581.08000000,588.17595000
2026-01-15T12:00:00+00:00,1768478400000,96581.07000000,96994.65000000,96525.24000000,96981.65000000,332.67430000
2026-01-15T13:00:00+00:00,1768482000000,96981.66000000,97032.99000000,96620.12000000,96846.75000000,496.85903000
2026-01-15T14:00:00+00:00,1768485600000,96846.74000000,97165.03000000,95592.69000000,96063.43000000,1629.09421000
2026-01-15T15:00:00+00:00,1768489200000,96063.43000000,96791.67000000,95435.91000000,96737.04000000,2359.55410000
2026-01-15T16:00:00+00:00,1768492800000,96737.04000000,96969.99000000,96272.72000000,96738.51000000,1973.14331000
2026-01-15T17:00:00+00:00,1768496400000,96738.50000000,97163.00000000,96426.18000000,96636.35000000,2398.07402000
2026-01-15T18:00:00+00:00,1768500000000,96636.35000000,96650.51000000,95745.25000000,95835.00000000,2117.40598000
2026-01-15T19:00:00+00:00,1768503600000,95835.01000000,95920.31000000,95183.13000000,95516.01000000,1380.26708000
2026-01-15T20:00:00+00:00,1768507200000,95516.01000000,95660.00000000,95134.48000000,95260.67000000,524.36978000
2026-01-15T21:00:00+00:00,1768510800000,95260.68000000,95631.08000000,95196.00000000,95584.35000000,297.62442000
2026-01-15T22:00:00+00:00,1768514400000,95584.36000000,95871.00000000,95488.91000000,95583.87000000,269.05055000
2026-01-15T23:00:00+00:00,1768518000000,95583.87000000,95718.31000000,95378.58000000,95604.80000000,276.37850000
2026-01-16T00:00:00+00:00,1768521600000,95604.81000000,95828.01000000,95570.96000000,95633.50000000,207.12295000
2026-01-16T01:00:00+00:00,1768525200000,95633.50000000,95855.12000000,95420.75000000,95664.18000000,401.56495000
2026-01-16T02:00:00+00:00,1768528800000,95664.17000000,95687.47000000,95393.90000000,95504.40000000,384.29986000
2026-01-16T03:00:00+00:00,1768532400000,95504.40000000,95586.60000000,95321.58000000,95354.69000000,214.15334000
2026-01-16T04:00:00+00:00,1768536000000,95354.69000000,95582.41000000,95133.03000000,95261.29000000,700.90747000
2026-01-16T05:00:00+00:00,1768539600000,95261.30000000,95676.73000000,95242.18000000,95660.37000000,746.76630000
2026-01-16T06:00:00+00:00,1768543200000,95660.38000000,95816.83000000,95534.00000000,95741.21000000,443.54681000
2026-01-16T07:00:00+00:00,1768546800000,95741.22000000,95788.34000000,95489.60000000,95653.16000000,403.70542000
2026-01-16T08:00:00+00:00,1768550400000,95653.16000000,95871.47000000,95570.68000000,95676.00000000,594.74259000
2026-01-16T09:00:00+00:00,1768554000000,95676.01000000,95788.17000000,95601.50000000,95613.53000000,177.27273000
2026-01-16T10:00:00+00:00,1768557600000,95613.53000000,95637.00000000,95280.51000000,95307.35000000,538.64006000
2026-01-16T11:00:00+00:00,1768561200000,95307.35000000,95470.00000000,95261.43000000,95429.09000000,303.73259000
2026-01-16T12:00:00+00:00,1768564800000,95429.09000000,95569.00000000,95353.50000000,95458.55000000,289.70117000
2026-01-16T13:00:00+00:00,1768568400000,95458.55000000,95579.00000000,95288.05000000,95448.87000000,277.92918000
2026-01-16T14:00:00+00:00,1768572000000,95448.86000000,95809.08000000,95192.35000000,95192.36000000,624.83754000
2026-01-16T15:00:00+00:00,1768575600000,95192.36000000,95663.15000000,94293.46000000,94585.98000000,1821.66491000
2026-01-16T16:00:00+00:00,1768579200000,94585.99000000,94990.73000000,94508.00000000,94872.55000000,811.28371000
2026-01-16T17:00:00+00:00,1768582800000,94872.55000000,95130.49000000,94555.88000000,95076.08000000,513.23212000
2026-01-16T18:00:00+00:00,1768586400000,95076.09000000,95215.74000000,94960.04000000,95001.19000000,353.51337000
2026-01-16T19:00:00+00:00,1768590000000,95001.19000000,95055.31000000,94841.31000000,95002.09000000,176.56522000
2026-01-16T20:00:00+00:00,1768593600000,95002.09000000,95561.50000000,94682.00000000,95553.60000000,414.87593000
2026-01-16T21:00:00+00:00,1768597200000,95553.61000000,95600.00000000,95359.69000000,95523.52000000,341.14068000
2026-01-16T22:00:00+00:00,1768600800000,95523.52000000,95574.00000000,95260.64000000,95514.00000000,283.10566000
2026-01-16T23:00:00+00:00,1768604400000,95513.99000000,95577.89000000,95433.83000000,95550.94000000,143.41004000
2026-01-17T00:00:00+00:00,1768608000000,95550.94000000,95578.20000000,95433.94000000,95465.97000000,129.13356000
2026-01-17T01:00:00+00:00,1768611600000,95465.97000000,95530.00000000,95384.86000000,95399.93000000,104.26658000
2026-01-17T02:00:00+00:00,1768615200000,95399.94000000,95412.86000000,95200.00000000,95371.35000000,155.12882000
2026-01-17T03:00:00+00:00,1768618800000,95371.36000000,95384.87000000,95270.79000000,95372.95000000,132.45240000
2026-01-17T04:00:00+00:00,1768622400000,95372.94000000,95372.95000000,95260.64000000,95303.64000000,131.52683000
2026-01-17T05:00:00+00:00,1768626000000,95303.63000000,95373.64000000,95275.05000000,95323.67000000,103.95781000
2026-01-17T06:00:00+00:00,1768629600000,95323.68000000,95347.89000000,95186.29000000,95240.07000000,125.70578000
2026-01-17T07:00:00+00:00,1768633200000,95240.08000000,95240.08000000,95041.70000000,95101.67000000,197.34545000
2026-01-17T08:00:00+00:00,1768636800000,95101.67000000,95260.65000000,95021.67000000,95247.51000000,164.49559000
2026-01-17T09:00:00+00:00,1768640400000,95247.51000000,95290.08000000,95176.90000000,95260.65000000,104.24877000
2026-01-17T10:00:00+00:00,1768644000000,95260.65000000,95271.21000000,95116.47000000,95116.48000000,127.24070000
2026-01-17T11:00:00+00:00,1768647600000,95116.48000000,95323.86000000,95073.57000000,95323.86000000,218.85009000
2026-01-17T12:00:00+00:00,1768651200000,95323.85000000,95412.84000000,95243.63000000,95251.15000000,215.62364000
2026-01-17T13:00:00+00:00,1768654800000,95251.15000000,95438.33000000,95198.81000000,95438.32000000,227.83624000
2026-01-17T14:00:00+00:00,1768658400000,95438.32000000,95544.07000000,95357.02000000,95471.18000000,259.56584000
2026-01-17T15:00:00+00:00,1768662000000,95471.17000000,95639.45000000,95433.81000000,95573.64000000,747.96943000
2026-01-17T16:00:00+00:00,1768665600000,95573.65000000,95576.14000000,95212.25000000,95315.23000000,330.67135000
2026-01-17T17:00:00+00:00,1768669200000,95315.23000000,95440.80000000,95295.17000000,95357.24000000,141.20490000
2026-01-17T18:00:00+00:00,1768672800000,95357.23000000,95465.98000000,95346.00000000,95428.25000000,100.50730000
2026-01-17T19:00:00+00:00,1768676400000,95428.25000000,95428.25000000,95290.70000000,95291.38000000,64.10708000
2026-01-17T20:00:00+00:00,1768680000000,95291.37000000,95383.84000000,95291.36000000,95378.18000000,65.25873000
2026-01-17T21:00:00+00:00,1768683600000,95378.19000000,95412.86000000,95283.99000000,95302.94000000,114.01955000
2026-01-17T22:00:00+00:00,1768687200000,95302.94000000,95302.94000000,95050.00000000,95170.97000000,209.18455000
2026-01-17T23:00:00+00:00,1768690800000,95170.98000000,95208.96000000,95123.79000000,95147.77000000,110.50038000
2026-01-18T00:00:00+00:00,1768694400000,95147.77000000,95250.00000000,95067.83000000,95112.47000000,179.02691000
2026-01-18T01:00:00+00:00,1768698000000,95112.48000000,95112.48000000,94876.33000000,94966.90000000,243.72080000
2026-01-18T02:00:00+00:00,1768701600000,94966.89000000,95069.07000000,94880.53000000,95022.01000000,148.46070000
2026-01-18T03:00:00+00:00,1768705200000,95022.01000000,95205.74000000,95022.01000000,95200.29000000,149.82604000
2026-01-18T04:00:00+00:00,1768708800000,95200.29000000,95200.30000000,95075.30000000,95095.68000000,90.87843000
2026-01-18T05:00:00+00:00,1768712400000,95095.68000000,95260.00000000,95059.27000000,95188.55000000,176.45319000
2026-01-18T06:00:00+00:00,1768716000000,95188.54000000,95199.62000000,95144.30000000,95171.43000000,144.72253000
2026-01-18T07:00:00+00:00,1768719600000,95171.44000000,95183.30000000,95028.27000000,95028.27000000,293.23856000
2026-01-18T08:00:00+00:00,1768723200000,95028.27000000,95195.00000000,95021.44000000,95183.93000000,124.96260000
2026-01-18T09:00:00+00:00,1768726800000,95183.93000000,95295.35000000,95149.18000000,95275.73000000,312.28376000
2026-01-18T10:00:00+00:00,1768730400000,95275.73000000,95295.39000000,95088.00000000,95180.66000000,344.24187000
2026-01-18T11:00:00+00:00,1768734000000,95180.67000000,95180.67000000,95061.65000000,95168.06000000,178.51779000
2026-01-18T12:00:00+00:00,1768737600000,95168.06000000,95178.09000000,95081.32000000,95113.25000000,122.90856000
2026-01-18T13:00:00+00:00,1768741200000,95113.24000000,95205.40000000,94910.00000000,95146.82000000,328.31194000
2026-01-18T14:00:00+00:00,1768744800000,95146.82000000,95376.24000000,94928.51000000,94955.79000000,530.35330000
2026-01-18T15:00:00+00:00,1768748400000,94955.78000000,95125.47000000,94915.21000000,95119.28000000,195.60522000
2026-01-18T16:00:00+00:00,1768752000000,95119.27000000,95186.30000000,95073.02000000,95169.35000000,105.98121000
2026-01-18T17:00:00+00:00,1768755600000,95169.35000000,95280.24000000,95140.61000000,95274.36000000,147.92595000
2026-01-18T18:00:00+00:00,1768759200000,95274.35000000,95521.71000000,95180.90000000,95439.60000000,407.32335000
2026-01-18T19:00:00+00:00,1768762800000,95439.60000000,95514.00000000,95333.99000000,95380.99000000,260.23192000
2026-01-18T20:00:00+00:00,1768766400000,95380.99000000,95441.22000000,95285.20000000,95304.01000000,77.90234000
2026-01-18T21:00:00+00:00,1768770000000,95304.01000000,95430.45000000,95284.23000000,95430.44000000,81.51777000
2026-01-18T22:00:00+00:00,1768773600000,95430.45000000,95531.12000000,95412.86000000,95498.61000000,319.96465000
2026-01-18T23:00:00+00:00,1768777200000,95498.60000000,95498.60000000,93615.40000000,93673.14000000,1930.81880000
2026-01-19T00:00:00+00:00,1768780800000,93673.14000000,93673.14000000,91910.20000000,92711.02000000,4221.82713000
2026-01-19T01:00:00+00:00,1768784400000,92711.02000000,92875.68000000,92247.97000000,92586.65000000,910.87085000
2026-01-19T02:00:00+00:00,1768788000000,92586.65000000,92672.00000000,92383.94000000,92566.80000000,452.44264000
2026-01-19T03:00:00+00:00,1768791600000,92566.80000000,92776.83000000,92500.00000000,92690.09000000,556.40187000
2026-01-19T04:00:00+00:00,1768795200000,92690.08000000,92748.32000000,92502.58000000,92665.00000000,506.12587000
2026-01-19T05:00:00+00:00,1768798800000,92665.00000000,92811.11000000,92504.24000000,92511.77000000,357.86057000
2026-01-19T06:00:00+00:00,1768802400000,92511.77000000,92629.26000000,92385.07000000,92583.27000000,427.02868000
2026-01-19T07:00:00+00:00,1768806000000,92583.27000000,92861.41000000,92562.00000000,92841.62000000,421.22196000
2026-01-19T08:00:00+00:00,1768809600000,92841.62000000,93368.44000000,92702.56000000,93259.09000000,865.57873000
2026-01-19T09:00:00+00:00,1768813200000,93259.09000000,93268.12000000,92950.00000000,93060.06000000,474.82948000
2026-01-19T10:00:00+00:00,1768816800000,93060.06000000,93081.30000000,92900.00000000,93064.88000000,263.24721000
2026-01-19T11:00:00+00:00,1768820400000,93064.88000000,93317.29000000,92969.94000000,93191.96000000,305.33086000
2026-01-19T12:00:00+00:00,1768824000000,93191.96000000,93226.44000000,92979.48000000,93070.60000000,586.84126000
2026-01-19T13:00:00+00:00,1768827600000,93070.60000000,93151.37000000,92807.34000000,93031.86000000,326.88604000
2026-01-19T14:00:00+00:00,1768831200000,93031.85000000,93039.60000000,92700.00000000,92812.43000000,417.89495000
2026-01-19T15:00:00+00:00,1768834800000,92812.43000000,93081.00000000,92812.43000000,93068.62000000,467.20202000
2026-01-19T16:00:00+00:00,1768838400000,93068.62000000,93420.00000000,92994.00000000,93301.86000000,380.00206000
2026-01-19T17:00:00+00:00,1768842000000,93301.85000000,93389.45000000,93150.00000000,93242.99000000,357.60248000
2026-01-19T18:00:00+00:00,1768845600000,93242.99000000,93259.39000000,92930.00000000,93065.84000000,235.78814000
2026-01-19T19:00:00+00:00,1768849200000,93065.83000000,93154.32000000,93000.00000000,93105.85000000,179.79114000
2026-01-19T20:00:00+00:00,1768852800000,93105.85000000,93274.82000000,93084.15000000,93141.94000000,178.48795000
2026-01-19T21:00:00+00:00,1768856400000,93141.95000000,93342.36000000,93000.03000000,93003.42000000,240.63302000
2026-01-19T22:00:00+00:00,1768860000000,93003.41000000,93060.00000000,92565.78000000,92565.78000000,374.00927000
2026-01-19T23:00:00+00:00,1768863600000,92565.78000000,92750.00000000,92158.48000000,92631.00000000,787.62329000
2026-01-20T00:00:00+00:00,1768867200000,92630.99000000,92870.00000000,92370.25000000,92717.90000000,325.00059000
2026-01-20T01:00:00+00:00,1768870800000,92717.90000000,92867.28000000,92525.80000000,92716.48000000,251.70499000
2026-01-20T02:00:00+00:00,1768874400000,92716.47000000,92729.94000000,92370.68000000,92552.16000000,354.36518000
2026-01-20T03:00:00+00:00,1768878000000,92552.15000000,92650.00000000,92264.70000000,92434.92000000,329.07012000
2026-01-20T04:00:00+00:00,1768881600000,92434.93000000,92470.37000000,92000.01000000,92062.61000000,363.95619000
2026-01-20T05:00:00+00:00,1768885200000,92062.62000000,92084.80000000,91294.11000000,91624.18000000,1546.22756000
2026-01-20T06:00:00+00:00,1768888800000,91624.19000000,91625.31000000,90771.78000000,90929.98000000,1830.88581000
2026-01-20T07:00:00+00:00,1768892400000,90929.98000000,91319.05000000,90862.83000000,91177.98000000,907.06352000
2026-01-20T08:00:00+00:00,1768896000000,91177.99000000,91255.70000000,90693.00000000,91116.00000000,1083.79650000
2026-01-20T09:00:00+00:00,1768899600000,91116.00000000,91116.00000000,90899.00000000,91036.25000000,381.95269000
2026-01-20T10:00:00+00:00,1768903200000,91036.25000000,91294.11000000,90998.08000000,91269.58000000,415.15786000
2026-01-20T11:00:00+00:00,1768906800000,91269.57000000,91442.88000000,91214.36000000,91218.99000000,373.22315000
2026-01-20T12:00:00+00:00,1768910400000,91218.99000000,91318.94000000,91027.74000000,91280.31000000,528.83740000
2026-01-20T13:00:00+00:00,1768914000000,91280.31000000,91289.64000000,90777.00000000,90958.88000000,722.76892000
2026-01-20T14:00:00+00:00,1768917600000,90958.89000000,91371.11000000,90272.53000000,90531.15000000,1809.16854000
2026-01-20T15:00:00+00:00,1768921200000,90531.15000000,90808.04000000,89859.06000000,90684.95000000,1977.53179000
2026-01-20T16:00:00+00:00,1768924800000,90684.95000000,90974.49000000,90023.99000000,90165.51000000,895.41274000
2026-01-20T17:00:00+00:00,1768928400000,90165.50000000,90505.68000000,89431.10000000,89775.46000000,1552.70440000
2026-01-20T18:00:00+00:00,1768932000000,89775.47000000,89958.00000000,89395.07000000,89501.00000000,885.28879000
2026-01-20T19:00:00+00:00,1768935600000,89501.00000000,89795.45000000,89292.48000000,89725.76000000,781.35230000
2026-01-20T20:00:00+00:00,1768939200000,89725.77000000,89854.20000000,89400.00000000,89733.99000000,735.02193000
2026-01-20T21:00:00+00:00,1768942800000,89734.00000000,89829.11000000,89428.00000000,89476.01000000,445.56945000
2026-01-20T22:00:00+00:00,1768946400000,89476.01000000,89645.56000000,87900.00000000,88509.18000000,2094.09769000
2026-01-20T23:00:00+00:00,1768950000000,88509.18000000,88534.21000000,87895.98000000,88427.66000000,1417.16799000
2026-01-21T00:00:00+00:00,1768953600000,88427.66000000,88982.00000000,88250.00000000,88936.01000000,1052.93124000
2026-01-21T01:00:00+00:00,1768957200000,88936.01000000,89165.20000000,88850.00000000,89020.91000000,502.12138000
2026-01-21T02:00:00+00:00,1768960800000,89020.91000000,89381.86000000,89000.00000000,89048.57000000,884.94036000
2026-01-21T03:00:00+00:00,1768964400000,89048.56000000,89598.80000000,89046.00000000,89432.33000000,540.55763000
2026-01-21T04:00:00+00:00,1768968000000,89432.33000000,89630.00000000,89354.72000000,89448.89000000,300.28776000
2026-01-21T05:00:00+00:00,1768971600000,89448.89000000,90120.44000000,89437.25000000,89950.04000000,554.58380000
2026-01-21T06:00:00+00:00,1768975200000,89950.03000000,89950.04000000,89491.96000000,89649.62000000,369.00614000
2026-01-21T07:00:00+00:00,1768978800000,89649.63000000,89767.29000000,89093.28000000,89213.95000000,825.75082000
2026-01-21T08:00:00+00:00,1768982400000,89213.96000000,89385.40000000,89000.00000000,89197.35000000,723.12982000
2026-01-21T09:00:00+00:00,1768986000000,89197.36000000,89493.46000000,89080.00000000,89112.30000000,307.89975000
2026-01-21T10:00:00+00:00,1768989600000,89112.30000000,89395.08000000,89080.00000000,89248.99000000,328.36365000
2026-01-21T11:00:00+00:00,1768993200000,89248.99000000,89382.00000000,88700.00000000,88789.99000000,651.53578000
2026-01-21T12:00:00+00:00,1768996800000,88789.99000000,88849.39000000,88196.72000000,88736.31000000,1271.35096000
2026-01-21T13:00:00+00:00,1769000400000,88736.31000000,89020.32000000,88558.67000000,88672.64000000,735.83253000
2026-01-21T14:00:00+00:00,1769004000000,88672.64000000,89993.88000000,88611.15000000,89805.43000000,1602.75733000
2026-01-21T15:00:00+00:00,1769007600000,89805.43000000,90574.00000000,89759.59000000,90288.04000000,1074.26054000
2026-01-21T16:00:00+00:00,1769011200000,90288.04000000,90360.00000000,87590.00000000,87602.40000000,2075.92566000
2026-01-21T17:00:00+00:00,1769014800000,87602.39000000,88156.47000000,87263.53000000,87932.38000000,1818.07575000
2026-01-21T18:00:00+00:00,1769018400000,87932.37000000,88657.23000000,87585.05000000,88485.43000000,743.38561000
2026-01-21T19:00:00+00:00,1769022000000,88485.43000000,90450.00000000,88280.55000000,90355.56000000,1787.81485000
2026-01-21T20:00:00+00:00,1769025600000,90355.56000000,90377.00000000,89392.00000000,90214.01000000,1099.33527000
2026-01-21T21:00:00+00:00,1769029200000,90214.02000000,90339.58000000,89950.36000000,90249.18000000,428.70398000
2026-01-21T22:00:00+00:00,1769032800000,90249.18000000,90377.00000000,89752.38000000,89763.51000000,414.26891000
2026-01-21T23:00:00+00:00,1769036400000,89763.51000000,90212.89000000,89344.98000000,89454.73000000,524.68420000
2026-01-22T00:00:00+00:00,1769040000000,89454.73000000,90032.50000000,89454.72000000,89908.49000000,394.22125000
2026-01-22T01:00:00+00:00,1769043600000,89908.50000000,90198.51000000,89826.38000000,90113.19000000,341.32729000
2026-01-22T02:00:00+00:00,1769047200000,90113.20000000,90359.99000000,89851.03000000,89938.30000000,436.55946000
2026-01-22T03:00:00+00:00,1769050800000,89938.30000000,90166.67000000,89702.84000000,89899.51000000,389.70123000
2026-01-22T04:00:00+00:00,1769054400000,89899.51000000,90076.77000000,89826.67000000,89998.91000000,327.01022000
2026-01-22T05:00:00+00:00,1769058000000,89998.91000000,90075.80000000,89928.09000000,90026.30000000,201.60447000
2026-01-22T06:00:00+00:00,1769061600000,90026.30000000,90215.79000000,89900.00000000,90172.11000000,274.11012000
2026-01-22T07:00:00+00:00,1769065200000,90172.12000000,90196.99000000,89802.00000000,89818.79000000,410.94787000
2026-01-22T08:00:00+00:00,1769068800000,89818.79000000,89968.28000000,89760.00000000,89920.16000000,241.50947000
2026-01-22T09:00:00+00:00,1769072400000,89920.16000000,90113.43000000,89883.80000000,90033.02000000,235.39671000
2026-01-22T10:00:00+00:00,1769076000000,90033.02000000,90101.83000000,89960.00000000,90078.77000000,307.75831000
2026-01-22T11:00:00+00:00,1769079600000,90078.76000000,90150.00000000,89897.87000000,89941.26000000,341.24190000
2026-01-22T12:00:00+00:00,1769083200000,89941.26000000,90099.99000000,89873.09000000,90021.09000000,250.41912000
2026-01-22T13:00:00+00:00,1769086800000,90021.09000000,90340.00000000,89478.92000000,89619.81000000,800.98427000
2026-01-22T14:00:00+00:00,1769090400000,89619.81000000,89742.67000000,89039.78000000,89088.59000000,1132.03645000
2026-01-22T15:00:00+00:00,1769094000000,89088.60000000,89445.24000000,88515.37000000,89000.01000000,1328.81681000
2026-01-22T16:00:00+00:00,1769097600000,89000.00000000,89270.00000000,88676.95000000,89054.06000000,820.87315000
2026-01-22T17:00:00+00:00,1769101200000,89054.07000000,89616.04000000,89024.55000000,89550.01000000,536.51415000
2026-01-22T18:00:00+00:00,1769104800000,89550.00000000,89797.50000000,89301.90000000,89333.94000000,457.15553000
2026-01-22T19:00:00+00:00,1769108400000,89333.93000000,89924.46000000,89114.48000000,89777.90000000,489.86443000
2026-01-22T20:00:00+00:00,1769112000000,89777.89000000,89946.13000000,89398.87000000,89409.72000000,338.82702000
2026-01-22T21:00:00+00:00,1769115600000,89409.73000000,89669.21000000,89238.32000000,89268.66000000,272.77807000
2026-01-22T22:00:00+00:00,1769119200000,89268.66000000,89566.00000000,89140.13000000,89346.99000000,294.98276000
2026-01-22T23:00:00+00:00,1769122800000,89346.99000000,89583.62000000,89170.74000000,89559.67000000,200.86486000
2026-01-23T00:00:00+00:00,1769126400000,89559.68000000,89638.84000000,89450.48000000,89520.01000000,225.79843000
2026-01-23T01:00:00+00:00,1769130000000,89520.01000000,89939.39000000,89520.01000000,89939.38000000,281.57226000
2026-01-23T02:00:00+00:00,1769133600000,89939.39000000,89979.97000000,89655.41000000,89663.48000000,375.68609000
2026-01-23T03:00:00+00:00,1769137200000,89663.47000000,89924.78000000,89646.18000000,89924.78000000,261.08428000
2026-01-23T04:00:00+00:00,1769140800000,89924.78000000,90088.94000000,89871.73000000,89965.42000000,430.92263000
2026-01-23T05:00:00+00:00,1769144400000,89965.43000000,89969.02000000,89473.99000000,89616.03000000,360.88730000
2026-01-23T06:00:00+00:00,1769148000000,89616.04000000,89799.36000000,89400.00000000,89509.59000000,450.16637000
2026-01-23T07:00:00+00:00,1769151600000,89509.59000000,89686.40000000,89447.52000000,89549.45000000,487.74127000
2026-01-23T08:00:00+00:00,1769155200000,89549.45000000,89632.18000000,89133.35000000,89221.46000000,544.19233000
2026-01-23T09:00:00+00:00,1769158800000,89221.46000000,89388.71000000,88897.81000000,88977.72000000,632.36708000
2026-01-23T10:00:00+00:00,1769162400000,88977.72000000,89160.74000000,88860.44000000,89046.49000000,334.46792000
2026-01-23T11:00:00+00:00,1769166000000,89046.49000000,89355.51000000,89000.00000000,89202.48000000,481.66038000
2026-01-23T12:00:00+00:00,1769169600000,89202.47000000,89383.09000000,89099.20000000,89267.83000000,219.71914000
2026-01-23T13:00:00+00:00,1769173200000,89267.83000000,89450.18000000,89237.65000000,89350.81000000,297.76310000
2026-01-23T14:00:00+00:00,1769176800000,89350.80000000,89733.71000000,88663.65000000,89017.85000000,1240.76676000
2026-01-23T15:00:00+00:00,1769180400000,89017.85000000,89865.53000000,88578.36000000,89761.61000000,1078.68425000
2026-01-23T16:00:00+00:00,1769184000000,89761.61000000,90490.06000000,89489.00000000,90124.85000000,1266.72506000
2026-01-23T17:00:00+00:00,1769187600000,90124.86000000,91224.99000000,89978.40000000,90600.00000000,1346.59832000
2026-01-23T18:00:00+00:00,1769191200000,90600.00000000,91039.75000000,90449.42000000,90530.45000000,698.45416000
2026-01-23T19:00:00+00:00,1769194800000,90530.44000000,90534.59000000,89612.01000000,89982.79000000,1118.99851000
2026-01-23T20:00:00+00:00,1769198400000,89982.79000000,90156.06000000,89200.68000000,89503.68000000,917.72716000
2026-01-23T21:00:00+00:00,1769202000000,89503.67000000,89691.18000000,89317.00000000,89349.99000000,308.43710000
2026-01-23T22:00:00+00:00,1769205600000,89349.99000000,89752.45000000,89335.35000000,89624.61000000,406.19522000
2026-01-23T23:00:00+00:00,1769209200000,89624.60000000,89631.00000000,89472.13000000,89600.26000000,151.87407000
2026-01-24T00:00:00+00:00,1769212800000,89600.26000000,89625.41000000,89424.39000000,89452.83000000,130.78736000
2026-01-24T01:00:00+00:00,1769216400000,89452.83000000,89588.72000000,89450.58000000,89550.24000000,118.84415000
2026-01-24T02:00:00+00:00,1769220000000,89550.24000000,89722.57000000,89550.24000000,89702.85000000,142.98732000
2026-01-24T03:00:00+00:00,1769223600000,89702.85000000,89957.39000000,89670.88000000,89770.02000000,368.35777000
2026-01-24T04:00:00+00:00,1769227200000,89770.03000000,89853.38000000,89709.08000000,89829.35000000,167.98668000
2026-01-24T05:00:00+00:00,1769230800000,89829.36000000,89849.78000000,89751.21000000,89775.20000000,112.02746000
2026-01-24T06:00:00+00:00,1769234400000,89775.20000000,89784.88000000,89602.22000000,89649.32000000,420.23986000
2026-01-24T07:00:00+00:00,1769238000000,89649.33000000,89692.31000000,89572.81000000,89620.10000000,254.69309000
2026-01-24T08:00:00+00:00,1769241600000,89620.11000000,89686.43000000,89583.02000000,89660.88000000,190.29089000
2026-01-24T09:00:00+00:00,1769245200000,89660.88000000,89660.88000000,89600.00000000,89600.00000000,126.61337000
2026-01-24T10:00:00+00:00,1769248800000,89600.01000000,89654.79000000,89577.97000000,89626.80000000,82.58886000
2026-01-24T11:00:00+00:00,1769252400000,89626.79000000,89676.26000000,89595.40000000,89595.40000000,114.10267000
2026-01-24T12:00:00+00:00,1769256000000,89595.41000000,89595.41000000,89486.87000000,89537.82000000,179.07545000
2026-01-24T13:00:00+00:00,1769259600000,89537.82000000,89540.44000000,89368.21000000,89368.22000000,156.70890000
2026-01-24T14:00:00+00:00,1769263200000,89368.22000000,89512.05000000,89171.75000000,89450.03000000,346.65964000
2026-01-24T15:00:00+00:00,1769266800000,89450.03000000,89492.14000000,89263.64000000,89275.77000000,334.47117000
2026-01-24T16:00:00+00:00,1769270400000,89275.77000000,89369.79000000,89162.08000000,89290.01000000,235.06029000
2026-01-24T17:00:00+00:00,1769274000000,89290.01000000,89414.38000000,89252.93000000,89406.50000000,135.14408000
2026-01-24T18:00:00+00:00,1769277600000,89406.50000000,89461.40000000,89382.05000000,89395.23000000,84.40453000
2026-01-24T19:00:00+00:00,1769281200000,89395.22000000,89395.23000000,89276.58000000,89331.36000000,105.47816000
2026-01-24T20:00:00+00:00,1769284800000,89331.36000000,89399.99000000,89331.35000000,89380.01000000,46.43346000
2026-01-24T21:00:00+00:00,1769288400000,89380.00000000,89386.61000000,89270.00000000,89386.61000000,99.49846000
2026-01-24T22:00:00+00:00,1769292000000,89386.61000000,89489.84000000,89304.85000000,89430.00000000,137.03504000
2026-01-24T23:00:00+00:00,1769295600000,89429.99000000,89474.65000000,89215.59000000,89225.34000000,137.07871000
2026-01-25T00:00:00+00:00,1769299200000,89225.34000000,89315.18000000,89183.49000000,89315.18000000,121.64277000
2026-01-25T01:00:00+00:00,1769302800000,89315.18000000,89319.13000000,89102.58000000,89176.31000000,180.68432000
2026-01-25T02:00:00+00:00,1769306400000,89176.31000000,89268.36000000,89129.62000000,89139.04000000,174.65440000
2026-01-25T03:00:00+00:00,1769310000000,89139.04000000,89176.72000000,88838.72000000,88960.35000000,472.84604000
2026-01-25T04:00:00+00:00,1769313600000,88960.36000000,89090.13000000,88941.03000000,89006.96000000,349.85772000
2026-01-25T05:00:00+00:00,1769317200000,89006.97000000,89045.44000000,88870.45000000,88990.90000000,204.95163000
2026-01-25T06:00:00+00:00,1769320800000,88990.89000000,88990.90000000,88649.98000000,88831.36000000,567.42395000
2026-01-25T07:00:00+00:00,1769324400000,88831.36000000,88831.36000000,88635.84000000,88659.99000000,242.80483000
2026-01-25T08:00:00+00:00,1769328000000,88659.99000000,88760.00000000,88136.00000000,88300.01000000,461.92857000
2026-01-25T09:00:00+00:00,1769331600000,88300.00000000,88488.00000000,88238.50000000,88398.38000000,288.59867000
2026-01-25T10:00:00+00:00,1769335200000,88398.38000000,88671.27000000,88398.37000000,88659.51000000,354.58647000
2026-01-25T11:00:00+00:00,1769338800000,88659.52000000,88710.00000000,88536.11000000,88570.17000000,171.64836000
2026-01-25T12:00:00+00:00,1769342400000,88570.17000000,88800.00000000,88450.00000000,88791.99000000,329.09813000
2026-01-25T13:00:00+00:00,1769346000000,88791.98000000,88971.89000000,88650.98000000,88921.00000000,278.06000000
2026-01-25T14:00:00+00:00,1769349600000,88920.99000000,88938.94000000,88624.55000000,88710.10000000,293.57615000
2026-01-25T15:00:00+00:00,1769353200000,88710.10000000,88760.35000000,88340.75000000,88446.50000000,370.52290000
2026-01-25T16:00:00+00:00,1769356800000,88446.51000000,88448.85000000,87560.00000000,88077.26000000,1878.84709000
2026-01-25T17:00:00+00:00,1769360400000,88077.25000000,88108.24000000,87767.18000000,87892.17000000,467.38462000
2026-01-25T18:00:00+00:00,1769364000000,87892.16000000,87983.29000000,86827.10000000,87420.01000000,1893.52035000
2026-01-25T19:00:00+00:00,1769367600000,87420.01000000,87508.15000000,86194.85000000,86495.16000000,1925.07483000
2026-01-25T20:00:00+00:00,1769371200000,86495.17000000,86718.75000000,86222.02000000,86654.61000000,753.55910000
2026-01-25T21:00:00+00:00,1769374800000,86654.60000000,87013.79000000,86400.00000000,86568.50000000,666.32154000
2026-01-25T22:00:00+00:00,1769378400000,86568.51000000,86694.78000000,86217.32000000,86521.39000000,849.36578000
2026-01-25T23:00:00+00:00,1769382000000,86521.39000000,86791.91000000,86074.72000000,86670.36000000,1129.26197000
2026-01-26T00:00:00+00:00,1769385600000,86670.36000000,87167.84000000,86509.63000000,86854.86000000,788.16762000
2026-01-26T01:00:00+00:00,1769389200000,86854.86000000,87809.99000000,86815.37000000,87698.73000000,1118.10870000
2026-01-26T02:00:00+00:00,1769392800000,87698.74000000,87973.11000000,87435.18000000,87563.38000000,1015.63506000
2026-01-26T03:00:00+00:00,1769396400000,87563.39000000,87691.41000000,87062.76000000,87282.05000000,1083.65608000
2026-01-26T04:00:00+00:00,1769400000000,87282.04000000,87953.00000000,87244.27000000,87737.06000000,1109.49828000
2026-01-26T05:00:00+00:00,1769403600000,87737.06000000,87956.27000000,87673.12000000,87826.01000000,765.12364000
2026-01-26T06:00:00+00:00,1769407200000,87826.01000000,88031.73000000,87764.00000000,87937.44000000,915.62979000
2026-01-26T07:00:00+00:00,1769410800000,87937.45000000,88074.48000000,87701.72000000,88000.64000000,768.40988000
2026-01-26T08:00:00+00:00,1769414400000,88000.64000000,88424.45000000,87846.89000000,87975.39000000,790.54723000
2026-01-26T09:00:00+00:00,1769418000000,87975.39000000,88000.00000000,87600.69000000,87663.12000000,543.28474000
2026-01-26T10:00:00+00:00,1769421600000,87663.12000000,87950.00000000,87660.00000000,87897.55000000,242.48130000
2026-01-26T11:00:00+00:00,1769425200000,87897.55000000,87980.00000000,87765.99000000,87855.00000000,244.05793000
2026-01-26T12:00:00+00:00,1769428800000,87855.01000000,87971.99000000,87735.38000000,87799.45000000,288.85651000
2026-01-26T13:00:00+00:00,1769432400000,87799.44000000,88048.00000000,87681.40000000,87960.01000000,556.52991000
2026-01-26T14:00:00+00:00,1769436000000,87960.01000000,88508.41000000,87450.08000000,88178.10000000,1822.59356000
2026-01-26T15:00:00+00:00,1769439600000,88178.09000000,88860.00000000,87325.03000000,87641.41000000,1769.32177000
2026-01-26T16:00:00+00:00,1769443200000,87641.41000000,87964.60000000,87206.00000000,87606.99000000,686.77865000
2026-01-26T17:00:00+00:00,1769446800000,87607.00000000,87789.47000000,87035.51000000,87700.62000000,580.63374000
2026-01-26T18:00:00+00:00,1769450400000,87700.61000000,88403.73000000,87639.26000000,88403.72000000,550.84106000
2026-01-26T19:00:00+00:00,1769454000000,88403.73000000,88537.95000000,87950.00000000,88013.19000000,515.97407000
2026-01-26T20:00:00+00:00,1769457600000,88013.19000000,88118.00000000,87542.05000000,87629.22000000,428.95260000
2026-01-26T21:00:00+00:00,1769461200000,87629.23000000,88238.29000000,87573.35000000,88064.69000000,392.85938000
2026-01-26T22:00:00+00:00,1769464800000,88064.69000000,88270.29000000,88001.75000000,88140.01000000,324.81747000
2026-01-26T23:00:00+00:00,1769468400000,88140.01000000,88659.09000000,88021.86000000,88347.08000000,463.75556000
2026-01-27T00:00:00+00:00,1769472000000,88347.08000000,88457.30000000,88200.00000000,88353.97000000,302.20293000
2026-01-27T01:00:00+00:00,1769475600000,88353.97000000,88700.00000000,88194.82000000,88550.61000000,340.87375000
2026-01-27T02:00:00+00:00,1769479200000,88550.61000000,88858.96000000,88550.61000000,88831.60000000,479.89810000
2026-01-27T03:00:00+00:00,1769482800000,88831.59000000,88898.00000000,88582.57000000,88788.00000000,526.26275000
2026-01-27T04:00:00+00:00,1769486400000,88787.99000000,89010.00000000,88511.88000000,88579.58000000,508.81601000
2026-01-27T05:00:00+00:00,1769490000000,88579.58000000,88586.26000000,88399.99000000,88456.30000000,306.33125000
2026-01-27T06:00:00+00:00,1769493600000,88456.31000000,88522.86000000,88278.03000000,88332.67000000,277.06987000
2026-01-27T07:00:00+00:00,1769497200000,88332.68000000,88555.14000000,88312.60000000,88320.41000000,356.10224000
2026-01-27T08:00:00+00:00,1769500800000,88320.41000000,88397.85000000,88120.04000000,88170.82000000,305.95946000
2026-01-27T09:00:00+00:00,1769504400000,88170.83000000,88170.83000000,87868.00000000,87886.82000000,501.60080000
2026-01-27T10:00:00+00:00,1769508000000,87886.82000000,88055.75000000,87743.84000000,87786.53000000,315.39119000
2026-01-27T11:00:00+00:00,1769511600000,87786.53000000,88093.19000000,87743.52000000,87992.74000000,339.68763000
2026-01-27T12:00:00+00:00,1769515200000,87992.74000000,88165.24000000,87955.98000000,87986.96000000,497.99816000
2026-01-27T13:00:00+00:00,1769518800000,87986.96000000,88076.82000000,87799.20000000,87982.15000000,400.06912000
2026-01-27T14:00:00+00:00,1769522400000,87982.15000000,88474.23000000,87659.23000000,87745.02000000,762.91064000
2026-01-27T15:00:00+00:00,1769526000000,87745.02000000,88189.44000000,87578.67000000,88047.46000000,838.96558000
2026-01-27T16:00:00+00:00,1769529600000,88047.46000000,88819.89000000,88002.57000000,88641.44000000,1128.77578000
2026-01-27T17:00:00+00:00,1769533200000,88641.43000000,88699.45000000,87304.33000000,87546.58000000,1183.80567000
2026-01-27T18:00:00+00:00,1769536800000,87546.58000000,88510.15000000,87450.00000000,88285.05000000,865.62099000
2026-01-27T19:00:00+00:00,1769540400000,88285.05000000,88549.32000000,88049.89000000,88408.77000000,469.70931000
2026-01-27T20:00:00+00:00,1769544000000,88408.78000000,89497.19000000,88373.49000000,89396.16000000,1024.56489000
2026-01-27T21:00:00+00:00,1769547600000,89396.03000000,89523.16000000,89008.75000000,89081.46000000,689.88066000
2026-01-27T22:00:00+00:00,1769551200000,89081.47000000,89421.91000000,89021.61000000,89243.63000000,281.54432000
2026-01-27T23:00:00+00:00,1769554800000,89243.63000000,89515.78000000,89143.92000000,89250.00000000,421.36315000
2026-01-28T00:00:00+00:00,1769558400000,89249.99000000,89468.01000000,89154.80000000,89467.72000000,258.84583000
2026-01-28T01:00:00+00:00,1769562000000,89467.73000000,89497.96000000,89196.87000000,89404.57000000,267.52883000
2026-01-28T02:00:00+00:00,1769565600000,89404.57000000,89453.89000000,89100.01000000,89285.77000000,214.15071000
2026-01-28T03:00:00+00:00,1769569200000,89285.78000000,89311.87000000,88985.00000000,89126.67000000,353.86100000
2026-01-28T04:00:00+00:00,1769572800000,89126.68000000,89160.00000000,88840.00000000,88975.04000000,312.10964000
2026-01-28T05:00:00+00:00,1769576400000,88975.03000000,89105.56000000,88849.00000000,89084.10000000,326.80822000
2026-01-28T06:00:00+00:00,1769580000000,89084.10000000,89400.00000000,89084.10000000,89317.47000000,340.81001000
2026-01-28T07:00:00+00:00,1769583600000,89317.47000000,89358.51000000,89099.81000000,89134.35000000,370.19520000
2026-01-28T08:00:00+00:00,1769587200000,89134.35000000,89258.02000000,88833.65000000,88925.47000000,515.45435000
2026-01-28T09:00:00+00:00,1769590800000,88925.47000000,89567.26000000,88849.99000000,89567.25000000,490.95043000
2026-01-28T10:00:00+00:00,1769594400000,89567.25000000,89703.87000000,89330.22000000,89403.77000000,688.45427000
2026-01-28T11:00:00+00:00,1769598000000,89403.76000000,90156.72000000,89313.13000000,90080.00000000,1092.21486000
2026-01-28T12:00:00+00:00,1769601600000,90079.99000000,90176.88000000,89790.00000000,89998.69000000,946.78783000
2026-01-28T13:00:00+00:00,1769605200000,89998.69000000,90488.00000000,89969.42000000,90257.91000000,1485.47795000
2026-01-28T14:00:00+00:00,1769608800000,90257.91000000,90276.78000000,89460.01000000,89617.27000000,997.73721000
2026-01-28T15:00:00+00:00,1769612400000,89617.27000000,89849.75000000,88904.61000000,89479.66000000,998.88376000
2026-01-28T16:00:00+00:00,1769616000000,89479.66000000,89830.00000000,89248.61000000,89629.66000000,744.86311000
2026-01-28T17:00:00+00:00,1769619600000,89629.66000000,90600.00000000,89277.21000000,90169.88000000,923.32635000
2026-01-28T18:00:00+00:00,1769623200000,90169.89000000,90178.91000000,89312.88000000,89546.24000000,748.51147000
2026-01-28T19:00:00+00:00,1769626800000,89544.00000000,89719.58000000,89006.36000000,89402.58000000,893.38320000
2026-01-28T20:00:00+00:00,1769630400000,89402.57000000,89896.00000000,89010.00000000,89130.63000000,590.94624000
2026-01-28T21:00:00+00:00,1769634000000,89130.63000000,89490.24000000,88878.01000000,89412.17000000,381.49994000
2026-01-28T22:00:00+00:00,1769637600000,89412.18000000,89479.04000000,89138.00000000,89396.15000000,156.23518000
2026-01-28T23:00:00+00:00,1769641200000,89396.15000000,89471.41000000,89209.48000000,89299.99000000,233.14943000
2026-01-29T00:00:00+00:00,1769644800000,89300.00000000,89348.00000000,88900.00000000,89143.91000000,431.21285000
2026-01-29T01:00:00+00:00,1769648400000,89143.92000000,89159.99000000,88548.87000000,88603.56000000,624.81108000
2026-01-29T02:00:00+00:00,1769652000000,88603.56000000,88754.64000000,87704.00000000,87907.06000000,1097.35161000
2026-01-29T03:00:00+00:00,1769655600000,87907.05000000,88265.39000000,87771.30000000,88053.71000000,769.73434000
2026-01-29T04:00:00+00:00,1769659200000,88053.71000000,88345.66000000,87901.23000000,88315.20000000,311.34380000
2026-01-29T05:00:00+00:00,1769662800000,88315.20000000,88408.08000000,88142.66000000,88186.54000000,354.31355000
2026-01-29T06:00:00+00:00,1769666400000,88186.53000000,88338.67000000,88168.90000000,88319.35000000,284.51762000
2026-01-29T07:00:00+00:00,1769670000000,88319.35000000,88430.05000000,88250.00000000,88352.97000000,526.73614000
2026-01-29T08:00:00+00:00,1769673600000,88352.96000000,88500.00000000,87907.80000000,88064.16000000,823.67262000
2026-01-29T09:00:00+00:00,1769677200000,88064.16000000,88160.00000000,87892.00000000,87892.01000000,372.84765000
2026-01-29T10:00:00+00:00,1769680800000,87892.00000000,88046.59000000,87832.18000000,87946.46000000,575.41561000
2026-01-29T11:00:00+00:00,1769684400000,87946.47000000,88066.94000000,87750.01000000,87846.50000000,527.10516000
2026-01-29T12:00:00+00:00,1769688000000,87846.50000000,88121.29000000,87817.97000000,88121.21000000,516.69113000
2026-01-29T13:00:00+00:00,1769691600000,88121.21000000,88182.29000000,87951.67000000,88052.88000000,283.13252000
2026-01-29T14:00:00+00:00,1769695200000,88052.87000000,88075.23000000,87008.00000000,87014.40000000,1065.77381000
2026-01-29T15:00:00+00:00,1769698800000,87014.40000000,87039.51000000,84366.56000000,84934.02000000,8241.95640000
2026-01-29T16:00:00+00:00,1769702400000,84934.02000000,85392.20000000,84268.17000000,85270.00000000,4076.75879000
2026-01-29T17:00:00+00:00,1769706000000,85270.01000000,85638.30000000,84012.78000000,84261.66000000,2652.67947000
2026-01-29T18:00:00+00:00,1769709600000,84261.66000000,84630.55000000,83415.00000000,83477.02000000,2305.76692000
2026-01-29T19:00:00+00:00,1769713200000,83477.02000000,84334.97000000,83383.33000000,84012.11000000,1752.68525000
2026-01-29T20:00:00+00:00,1769716800000,84012.11000000,84398.36000000,83824.90000000,84216.91000000,1089.07114000
2026-01-29T21:00:00+00:00,1769720400000,84216.91000000,84706.32000000,84200.00000000,84526.57000000,780.67473000
2026-01-29T22:00:00+00:00,1769724000000,84526.57000000,84615.74000000,84306.24000000,84570.05000000,335.13893000
2026-01-29T23:00:00+00:00,1769727600000,84570.04000000,84737.69000000,84445.70000000,84650.16000000,631.99089000
2026-01-30T00:00:00+00:00,1769731200000,84650.16000000,84735.75000000,84100.00000000,84192.00000000,730.18491000
2026-01-30T01:00:00+00:00,1769734800000,84192.00000000,84192.01000000,81118.00000000,82468.02000000,6080.28823000
2026-01-30T02:00:00+00:00,1769738400000,82468.01000000,82535.89000000,81154.00000000,82164.88000000,3963.98084000
2026-01-30T03:00:00+00:00,1769742000000,82164.88000000,82738.89000000,82036.35000000,82676.43000000,1470.66915000
2026-01-30T04:00:00+00:00,1769745600000,82676.42000000,83332.20000000,82676.42000000,82938.92000000,1147.37787000
2026-01-30T05:00:00+00:00,1769749200000,82938.92000000,83329.36000000,82903.23000000,82914.19000000,818.20759000
2026-01-30T06:00:00+00:00,1769752800000,82914.20000000,82919.21000000,82056.08000000,82602.81000000,1199.37024000
2026-01-30T07:00:00+00:00,1769756400000,82602.81000000,83100.00000000,82483.27000000,82816.98000000,1624.46252000
2026-01-30T08:00:00+00:00,1769760000000,82816.98000000,82995.41000000,82438.80000000,82671.70000000,959.74241000
2026-01-30T09:00:00+00:00,1769763600000,82671.70000000,82834.19000000,82160.00000000,82363.72000000,1026.26025000
2026-01-30T10:00:00+00:00,1769767200000,82363.71000000,82897.41000000,82172.02000000,82833.92000000,661.39040000
2026-01-30T11:00:00+00:00,1769770800000,82833.92000000,83314.85000000,82682.15000000,83151.36000000,607.68303000
2026-01-30T12:00:00+00:00,1769774400000,83151.36000000,83329.35000000,82650.00000000,82800.50000000,693.01620000
2026-01-30T13:00:00+00:00,1769778000000,82800.49000000,83087.34000000,82421.64000000,82740.92000000,760.57185000
2026-01-30T14:00:00+00:00,1769781600000,82740.93000000,83797.99000000,82738.68000000,83098.00000000,1785.40114000
2026-01-30T15:00:00+00:00,1769785200000,83098.00000000,83616.46000000,82382.01000000,82883.94000000,1512.89136000
2026-01-30T16:00:00+00:00,1769788800000,82882.84000000,83493.60000000,82549.35000000,83149.00000000,956.54558000
2026-01-30T17:00:00+00:00,1769792400000,83149.00000000,83475.80000000,82641.60000000,82943.23000000,1094.09504000
2026-01-30T18:00:00+00:00,1769796000000,82943.23000000,84160.00000000,81871.37000000,83931.13000000,2213.77003000
2026-01-30T19:00:00+00:00,1769799600000,83931.13000000,84621.16000000,83917.36000000,84242.99000000,1851.84536000
2026-01-30T20:00:00+00:00,1769803200000,84243.00000000,84299.99000000,83539.20000000,83906.34000000,2390.62988000
2026-01-30T21:00:00+00:00,1769806800000,83906.34000000,84523.11000000,83790.44000000,84273.70000000,835.94444000
2026-01-30T22:00:00+00:00,1769810400000,84273.71000000,84327.06000000,83918.42000000,84219.99000000,454.50219000
2026-01-30T23:00:00+00:00,1769814000000,84220.00000000,84298.96000000,83933.82000000,84260.49000000,357.01742000
2026-01-31T00:00:00+00:00,1769817600000,84260.50000000,84270.02000000,84014.01000000,84067.83000000,380.99765000
2026-01-31T01:00:00+00:00,1769821200000,84067.83000000,84266.22000000,83908.00000000,83999.99000000,474.79523000
2026-01-31T02:00:00+00:00,1769824800000,84000.00000000,84183.42000000,83815.02000000,84130.01000000,514.80351000
2026-01-31T03:00:00+00:00,1769828400000,84130.01000000,84232.00000000,84022.69000000,84022.69000000,356.74317000
2026-01-31T04:00:00+00:00,1769832000000,84022.70000000,84146.22000000,83941.43000000,83992.45000000,214.26773000
2026-01-31T05:00:00+00:00,1769835600000,83992.44000000,84097.37000000,83903.70000000,84000.01000000,249.62585000
2026-01-31T06:00:00+00:00,1769839200000,84000.01000000,84050.51000000,83638.40000000,83786.09000000,407.33324000
2026-01-31T07:00:00+00:00,1769842800000,83786.09000000,83805.02000000,83404.67000000,83546.81000000,478.71890000
2026-01-31T08:00:00+00:00,1769846400000,83546.82000000,83629.08000000,82560.75000000,83074.07000000,1142.87539000
2026-01-31T09:00:00+00:00,1769850000000,83074.08000000,83300.00000000,82894.00000000,83109.10000000,471.08907000
2026-01-31T10:00:00+00:00,1769853600000,83109.10000000,83203.26000000,82917.32000000,83160.00000000,515.13254000
2026-01-31T11:00:00+00:00,1769857200000,83160.00000000,83160.00000000,82851.97000000,83020.00000000,279.69189000
2026-01-31T12:00:00+00:00,1769860800000,83020.00000000,83140.00000000,82720.00000000,82762.00000000,537.57574000
2026-01-31T13:00:00+00:00,1769864400000,82761.99000000,82919.29000000,82478.59000000,82767.99000000,539.85854000
2026-01-31T14:00:00+00:00,1769868000000,82768.00000000,82928.20000000,80825.76000000,81479.99000000,4166.24097000
2026-01-31T15:00:00+00:00,1769871600000,81480.00000000,81789.68000000,81088.00000000,81302.15000000,1568.15407000
2026-01-31T16:00:00+00:00,1769875200000,81302.16000000,82200.00000000,80098.01000000,80365.04000000,5113.56418000
2026-01-31T17:00:00+00:00,1769878800000,80365.05000000,80550.74000000,78159.90000000,78893.92000000,6669.26832000
2026-01-31T18:00:00+00:00,1769882400000,78893.92000000,79143.64000000,75719.90000000,78038.38000000,7783.32311000
2026-01-31T19:00:00+00:00,1769886000000,78038.39000000,78576.30000000,77194.00000000,77750.01000000,2463.45994000
2026-01-31T20:00:00+00:00,1769889600000,77750.01000000,78141.95000000,77092.34000000,77999.03000000,1378.50317000
2026-01-31T21:00:00+00:00,1769893200000,77999.02000000,78365.02000000,77372.69000000,78292.00000000,1330.56660000
2026-01-31T22:00:00+00:00,1769896800000,78292.00000000,78499.94000000,78000.00000000,78155.17000000,902.43744000
2026-01-31T23:00:00+00:00,1769900400000,78155.16000000,79240.00000000,78078.67000000,78741.09000000,1552.86508000
2026-02-01T00:00:00+00:00,1769904000000,78741.10000000,79424.00000000,78644.09000000,78902.31000000,1738.02598000
2026-02-01T01:00:00+00:00,1769907600000,78902.31000000,78943.62000000,78284.00000000,78532.17000000,1163.10084000
2026-02-01T02:00:00+00:00,1769911200000,78532.32000000,79060.44000000,78378.00000000,78900.01000000,762.94469000
2026-02-01T03:00:00+00:00,1769914800000,78900.01000000,79008.36000000,78666.73000000,78868.28000000,594.31033000
2026-02-01T04:00:00+00:00,1769918400000,78868.29000000,79119.30000000,78720.97000000,78971.75000000,441.04188000
2026-02-01T05:00:00+00:00,1769922000000,78973.22000000,79006.00000000,78527.13000000,78620.91000000,744.74280000
2026-02-01T06:00:00+00:00,1769925600000,78620.90000000,78824.10000000,78266.63000000,78300.00000000,568.62406000
2026-02-01T07:00:00+00:00,1769929200000,78300.01000000,78724.01000000,77967.69000000,78343.00000000,808.74546000
2026-02-01T08:00:00+00:00,1769932800000,78343.00000000,78863.00000000,78252.64000000,78604.02000000,567.72389000
2026-02-01T09:00:00+00:00,1769936400000,78604.02000000,79136.10000000,78551.15000000,79034.45000000,479.76229000
2026-02-01T10:00:00+00:00,1769940000000,79034.45000000,79220.72000000,78148.10000000,78279.73000000,863.43565000
2026-02-01T11:00:00+00:00,1769943600000,78279.73000000,78877.89000000,78279.72000000,78743.56000000,539.38656000
2026-02-01T12:00:00+00:00,1769947200000,78743.57000000,78760.00000000,78244.00000000,78459.67000000,620.90729000
2026-02-01T13:00:00+00:00,1769950800000,78459.68000000,78768.68000000,78203.21000000,78317.51000000,482.47432000
2026-02-01T14:00:00+00:00,1769954400000,78317.51000000,78520.00000000,77236.68000000,78211.12000000,1658.37078000
2026-02-01T15:00:00+00:00,1769958000000,78211.12000000,78254.20000000,76761.98000000,77593.40000000,2045.87767000
2026-02-01T16:00:00+00:00,1769961600000,77593.40000000,77838.48000000,77087.76000000,77494.77000000,1084.57336000
2026-02-01T17:00:00+00:00,1769965200000,77494.77000000,77748.00000000,77300.00000000,77745.32000000,549.82327000
2026-02-01T18:00:00+00:00,1769968800000,77745.33000000,78443.10000000,77727.27000000,78029.28000000,791.63632000
2026-02-01T19:00:00+00:00,1769972400000,78029.29000000,78106.10000000,77000.01000000,77174.78000000,457.49789000
2026-02-01T20:00:00+00:00,1769976000000,77174.77000000,77740.91000000,76606.00000000,77103.04000000,1125.71882000
2026-02-01T21:00:00+00:00,1769979600000,77103.04000000,77161.26000000,76359.87000000,76526.03000000,1221.60590000
2026-02-01T22:00:00+00:00,1769983200000,76526.03000000,77779.63000000,76456.78000000,77249.31000000,1235.13318000
2026-02-01T23:00:00+00:00,1769986800000,77249.31000000,77610.72000000,75700.00000000,76968.21000000,4850.01845000
2026-02-02T00:00:00+00:00,1769990400000,76968.22000000,78231.26000000,76606.39000000,77672.61000000,1960.16053000
2026-02-02T01:00:00+00:00,1769994000000,77672.61000000,77942.28000000,76619.69000000,77518.87000000,1238.02224000
2026-02-02T02:00:00+00:00,1769997600000,77518.87000000,77555.62000000,76449.84000000,76491.17000000,1406.18164000
2026-02-02T03:00:00+00:00,1770001200000,76491.18000000,76575.93000000,74604.00000000,76292.98000000,6845.40126000
2026-02-02T04:00:00+00:00,1770004800000,76292.98000000,76621.28000000,75335.90000000,75894.15000000,2387.03559000
2026-02-02T05:00:00+00:00,1770008400000,75894.15000000,75999.99000000,74911.14000000,75502.10000000,2327.56014000
2026-02-02T06:00:00+00:00,1770012000000,75502.10000000,76834.71000000,74957.51000000,76549.32000000,3207.27225000
2026-02-02T07:00:00+00:00,1770015600000,76549.32000000,76958.00000000,76327.90000000,76660.79000000,1646.53051000
2026-02-02T08:00:00+00:00,1770019200000,76660.78000000,77191.15000000,76628.28000000,76881.28000000,1422.14452000
2026-02-02T09:00:00+00:00,1770022800000,76881.28000000,77815.00000000,76652.00000000,77725.33000000,2196.40917000
2026-02-02T10:00:00+00:00,1770026400000,77725.33000000,77876.69000000,77474.85000000,77504.54000000,1049.86427000
2026-02-02T11:00:00+00:00,1770030000000,77504.54000000,77970.62000000,77451.11000000,77759.99000000,983.08962000
2026-02-02T12:00:00+00:00,1770033600000,77760.00000000,78434.00000000,77706.00000000,77988.51000000,1103.97039000
2026-02-02T13:00:00+00:00,1770037200000,77988.50000000,78458.00000000,77800.00000000,78224.79000000,960.76337000
2026-02-02T14:00:00+00:00,1770040800000,78224.80000000,78885.00000000,77626.44000000,77844.79000000,2220.07608000
2026-02-02T15:00:00+00:00,1770044400000,77844.78000000,79360.00000000,77564.62000000,78850.06000000,3238.00821000
2026-02-02T16:00:00+00:00,1770048000000,78850.06000000,79288.28000000,78584.00000000,78634.76000000,1987.74899000
2026-02-02T17:00:00+00:00,1770051600000,78634.75000000,79213.99000000,78603.93000000,78988.64000000,1407.01094000
2026-02-02T18:00:00+00:00,1770055200000,78988.65000000,78988.65000000,78369.13000000,78569.84000000,992.65857000
2026-02-02T19:00:00+00:00,1770058800000,78569.83000000,78697.99000000,78283.27000000,78341.50000000,1074.65868000
2026-02-02T20:00:00+00:00,1770062400000,78341.50000000,78667.38000000,77888.00000000,78008.59000000,902.54602000
2026-02-02T21:00:00+00:00,1770066000000,78008.59000000,78552.76000000,77922.00000000,78532.06000000,507.24426000
2026-02-02T22:00:00+00:00,1770069600000,78532.07000000,78853.35000000,78528.21000000,78795.20000000,488.24484000
2026-02-02T23:00:00+00:00,1770073200000,78795.20000000,78962.78000000,78560.00000000,78738.61000000,720.98807000
2026-02-03T00:00:00+00:00,1770076800000,78738.60000000,79099.99000000,78408.05000000,79065.24000000,994.28607000
2026-02-03T01:00:00+00:00,1770080400000,79065.24000000,79186.81000000,78716.79000000,79017.63000000,990.18740000
2026-02-03T02:00:00+00:00,1770084000000,79017.64000000,79017.64000000,77800.00000000,77808.01000000,959.76758000
2026-02-03T03:00:00+00:00,1770087600000,77808.02000000,78907.18000000,77644.09000000,78753.32000000,1068.28743000
2026-02-03T04:00:00+00:00,1770091200000,78753.32000000,78999.99000000,78488.00000000,78798.39000000,719.00577000
2026-02-03T05:00:00+00:00,1770094800000,78798.38000000,78809.78000000,78218.98000000,78240.45000000,581.74505000
2026-02-03T06:00:00+00:00,1770098400000,78240.45000000,78665.91000000,77950.00000000,78594.17000000,881.03721000
2026-02-03T07:00:00+00:00,1770102000000,78594.01000000,78923.93000000,78488.01000000,78794.67000000,705.05984000
2026-02-03T08:00:00+00:00,1770105600000,78794.67000000,79084.29000000,78464.60000000,78747.96000000,840.32530000
2026-02-03T09:00:00+00:00,1770109200000,78747.96000000,78841.35000000,77950.00000000,78400.01000000,972.94350000
2026-02-03T10:00:00+00:00,1770112800000,78400.01000000,78560.00000000,78070.00000000,78120.36000000,505.87116000
2026-02-03T11:00:00+00:00,1770116400000,78120.36000000,78349.24000000,78004.08000000,78079.50000000,475.83471000
2026-02-03T12:00:00+00:00,1770120000000,78079.50000000,78416.90000000,78000.00000000,78330.26000000,933.62710000
2026-02-03T13:00:00+00:00,1770123600000,78330.26000000,78458.89000000,78187.91000000,78307.65000000,529.49211000
2026-02-03T14:00:00+00:00,1770127200000,78307.65000000,78434.61000000,77156.24000000,77201.22000000,2011.41490000
2026-02-03T15:00:00+00:00,1770130800000,77201.21000000,78196.83000000,77055.54000000,78132.33000000,2069.08407000
2026-02-03T16:00:00+00:00,1770134400000,78132.34000000,78134.53000000,76400.00000000,76488.08000000,3199.23624000
2026-02-03T17:00:00+00:00,1770138000000,76488.08000000,76525.44000000,74882.28000000,74915.79000000,3210.53566000
2026-02-03T18:00:00+00:00,1770141600000,74915.79000000,75302.76000000,73137.66000000,73139.13000000,8932.04301000
2026-02-03T19:00:00+00:00,1770145200000,73139.12000000,75291.10000000,72945.50000000,74935.00000000,3497.82279000
2026-02-03T20:00:00+00:00,1770148800000,74935.00000000,76721.25000000,74586.54000000,76475.52000000,2122.86901000
2026-02-03T21:00:00+00:00,1770152400000,76475.53000000,76960.00000000,76124.05000000,76239.43000000,1110.97152000
2026-02-03T22:00:00+00:00,1770156000000,76239.43000000,76299.19000000,75406.79000000,75708.83000000,1013.97922000
2026-02-03T23:00:00+00:00,1770159600000,75708.82000000,76000.00000000,75428.16000000,75770.21000000,794.68224000
2026-02-04T00:00:00+00:00,1770163200000,75770.21000000,76264.00000000,75467.22000000,75910.88000000,730.62893000
2026-02-04T01:00:00+00:00,1770166800000,75910.88000000,76798.12000000,75910.88000000,76423.73000000,952.72942000
2026-02-04T02:00:00+00:00,1770170400000,76423.73000000,76610.04000000,75707.41000000,75963.35000000,853.38888000
2026-02-04T03:00:00+00:00,1770174000000,75963.35000000,76971.52000000,75906.05000000,76698.17000000,1036.93598000
2026-02-04T04:00:00+00:00,1770177600000,76698.17000000,76830.69000000,76413.64000000,76479.75000000,577.39018000
2026-02-04T05:00:00+00:00,1770181200000,76479.75000000,76526.80000000,76105.30000000,76279.99000000,1056.73491000
2026-02-04T06:00:00+00:00,1770184800000,76280.00000000,76780.00000000,76259.90000000,76652.68000000,609.34015000
2026-02-04T07:00:00+00:00,1770188400000,76652.68000000,76657.31000000,76335.46000000,76514.30000000,593.58526000
2026-02-04T08:00:00+00:00,1770192000000,76514.30000000,76600.00000000,76068.69000000,76587.26000000,736.19473000
2026-02-04T09:00:00+00:00,1770195600000,76587.26000000,76607.69000000,75967.10000000,76119.00000000,632.82215000
2026-02-04T10:00:00+00:00,1770199200000,76119.00000000,76338.65000000,76069.00000000,76302.10000000,440.91077000
2026-02-04T11:00:00+00:00,1770202800000,76302.10000000,76302.10000000,75666.00000000,76017.25000000,1102.73317000
2026-02-04T12:00:00+00:00,1770206400000,76017.25000000,76260.85000000,76000.00000000,76180.85000000,942.91713000
2026-02-04T13:00:00+00:00,1770210000000,76180.84000000,76186.98000000,74867.00000000,74867.00000000,1563.62436000
2026-02-04T14:00:00+00:00,1770213600000,74867.00000000,75769.23000000,74256.00000000,74359.53000000,2801.90282000
2026-02-04T15:00:00+00:00,1770217200000,74359.53000000,75328.28000000,73794.11000000,74136.36000000,3644.50098000
2026-02-04T16:00:00+00:00,1770220800000,74136.48000000,74249.83000000,73076.92000000,73636.01000000,3089.62892000
2026-02-04T17:00:00+00:00,1770224400000,73635.63000000,73863.92000000,72169.00000000,72576.08000000,5764.80542000
2026-02-04T18:00:00+00:00,1770228000000,72576.08000000,74140.00000000,72273.68000000,73425.96000000,3480.01439000
2026-02-04T19:00:00+00:00,1770231600000,73425.97000000,74007.28000000,73041.41000000,73923.29000000,1609.77508000
2026-02-04T20:00:00+00:00,1770235200000,73923.30000000,74144.00000000,73425.56000000,73516.30000000,1052.61663000
2026-02-04T21:00:00+00:00,1770238800000,73516.30000000,73654.00000000,72210.00000000,72799.99000000,1379.23839000
2026-02-04T22:00:00+00:00,1770242400000,72800.00000000,73680.00000000,71888.00000000,72543.38000000,2426.62344000
2026-02-04T23:00:00+00:00,1770246000000,72543.38000000,73520.59000000,72468.12000000,73165.83000000,1296.31791000
2026-02-05T00:00:00+00:00,1770249600000,73165.84000000,73325.60000000,72754.21000000,72868.02000000,1031.56586000
2026-02-05T01:00:00+00:00,1770253200000,72868.02000000,73341.18000000,71995.09000000,72421.26000000,1796.49365000
2026-02-05T02:00:00+00:00,1770256800000,72421.26000000,72854.39000000,71305.55000000,71454.44000000,2979.51665000
2026-02-05T03:00:00+00:00,1770260400000,71454.44000000,71884.47000000,71152.78000000,71223.25000000,2548.86017000
2026-02-05T04:00:00+00:00,1770264000000,71223.25000000,71437.68000000,70701.00000000,70888.08000000,4293.99043000
2026-02-05T05:00:00+00:00,1770267600000,70888.09000000,71150.16000000,70140.00000000,70732.72000000,4302.51294000
2026-02-05T06:00:00+00:00,1770271200000,70732.73000000,70984.62000000,70434.05000000,70951.51000000,2020.09726000
2026-02-05T07:00:00+00:00,1770274800000,70951.51000000,71622.82000000,70644.73000000,70756.85000000,2612.40429000
2026-02-05T08:00:00+00:00,1770278400000,70756.86000000,71550.00000000,70683.58000000,71054.99000000,1815.06036000
2026-02-05T09:00:00+00:00,1770282000000,71054.99000000,71978.58000000,71049.35000000,71550.00000000,1842.40706000
2026-02-05T10:00:00+00:00,1770285600000,71549.99000000,71726.79000000,70656.59000000,70858.13000000,1618.18196000
2026-02-05T11:00:00+00:00,1770289200000,70858.13000000,71063.94000000,69922.00000000,70318.35000000,4107.09256000
2026-02-05T12:00:00+00:00,1770292800000,70318.35000000,70603.49000000,69163.00000000,69563.57000000,5331.37678000
2026-02-05T13:00:00+00:00,1770296400000,69563.56000000,69831.85000000,69261.11000000,69688.94000000,2587.65964000
2026-02-05T14:00:00+00:00,1770300000000,69688.94000000,70872.04000000,69285.71000000,69404.76000000,3459.24538000
2026-02-05T15:00:00+00:00,1770303600000,69404.75000000,69616.29000000,66720.15000000,67489.07000000,13836.57347000
2026-02-05T16:00:00+00:00,1770307200000,67489.08000000,68681.81000000,66955.34000000,68295.15000000,5860.78146000
2026-02-05T17:00:00+00:00,1770310800000,68295.15000000,68374.79000000,66152.00000000,66181.69000000,6127.22850000
2026-02-05T18:00:00+00:00,1770314400000,66181.68000000,66542.87000000,65385.00000000,66347.00000000,5703.68497000
2026-02-05T19:00:00+00:00,1770318000000,66347.01000000,66637.46000000,65200.00000000,65265.65000000,3605.53717000
2026-02-05T20:00:00+00:00,1770321600000,65265.66000000,65700.00000000,62345.00000000,63775.67000000,13269.97533000
2026-02-05T21:00:00+00:00,1770325200000,63775.66000000,64775.00000000,62888.34000000,63213.34000000,6727.66673000
2026-02-05T22:00:00+00:00,1770328800000,63213.34000000,64615.88000000,62690.90000000,63907.86000000,4776.16051000
2026-02-05T23:00:00+00:00,1770332400000,63907.86000000,64908.00000000,62717.48000000,62909.86000000,4044.75586000
2026-02-06T00:00:00+00:00,1770336000000,62909.87000000,63861.87000000,60000.00000000,63509.39000000,15965.67588000
2026-02-06T01:00:00+00:00,1770339600000,63509.40000000,65760.00000000,63509.39000000,65714.96000000,6085.05108000
2026-02-06T02:00:00+00:00,1770343200000,65714.96000000,66010.00000000,64201.28000000,64990.10000000,4172.05950000
2026-02-06T03:00:00+00:00,1770346800000,64990.11000000,65172.13000000,63770.17000000,64168.33000000,2757.61679000
2026-02-06T04:00:00+00:00,1770350400000,64168.33000000,65000.00000000,63914.62000000,64905.84000000,2678.77331000
2026-02-06T05:00:00+00:00,1770354000000,64905.54000000,66826.50000000,64800.01000000,66408.11000000,3077.34633000
2026-02-06T06:00:00+00:00,1770357600000,66408.11000000,66800.00000000,64856.88000000,64988.26000000,3562.00258000
2026-02-06T07:00:00+00:00,1770361200000,64988.26000000,65543.79000000,64654.11000000,64856.00000000,3886.24107000
2026-02-06T08:00:00+00:00,1770364800000,64856.00000000,65206.11000000,64500.00000000,64895.05000000,2403.94942000
2026-02-06T09:00:00+00:00,1770368400000,64895.04000000,66163.00000000,64764.70000000,65799.55000000,2736.04998000
2026-02-06T10:00:00+00:00,1770372000000,65799.55000000,66220.00000000,65550.00000000,65967.51000000,2067.37547000
2026-02-06T11:00:00+00:00,1770375600000,65967.51000000,66755.13000000,65772.17000000,66631.32000000,2445.47098000
2026-02-06T12:00:00+00:00,1770379200000,66631.32000000,66631.32000000,66114.49000000,66557.93000000,1895.66919000
2026-02-06T13:00:00+00:00,1770382800000,66557.93000000,67690.70000000,66480.82000000,67316.82000000,4063.76595000
2026-02-06T14:00:00+00:00,1770386400000,67316.82000000,68647.45000000,66629.36000000,68194.89000000,5594.57909000
2026-02-06T15:00:00+00:00,1770390000000,68194.90000000,69192.00000000,67772.00000000,68626.00000000,6052.81042000
2026-02-06T16:00:00+00:00,1770393600000,68625.99000000,70224.62000000,68428.19000000,69954.01000000,6892.60997000
2026-02-06T17:00:00+00:00,1770397200000,69954.01000000,71500.00000000,69593.43000000,70753.53000000,5224.54006000
2026-02-06T18:00:00+00:00,1770400800000,70753.53000000,70816.00000000,69340.91000000,69776.68000000,3217.47319000
2026-02-06T19:00:00+00:00,1770404400000,69776.68000000,70952.00000000,69662.22000000,70731.46000000,1949.07605000
2026-02-06T20:00:00+00:00,1770408000000,70731.45000000,70996.77000000,70000.12000000,70000.13000000,1842.94729000
2026-02-06T21:00:00+00:00,1770411600000,70000.14000000,70508.75000000,69837.35000000,70358.43000000,1079.99332000
2026-02-06T22:00:00+00:00,1770415200000,70358.44000000,71577.09000000,70279.09000000,71354.46000000,1439.41821000
2026-02-06T23:00:00+00:00,1770418800000,71354.46000000,71751.33000000,70505.00000000,70580.26000000,1448.72018000
2026-02-07T00:00:00+00:00,1770422400000,70580.26000000,70600.00000000,69718.00000000,69958.00000000,1684.48527000
2026-02-07T01:00:00+00:00,1770426000000,69958.00000000,70680.54000000,69741.87000000,70471.49000000,1257.48702000
2026-02-07T02:00:00+00:00,1770429600000,70471.48000000,70624.49000000,70151.51000000,70361.37000000,828.17189000
2026-02-07T03:00:00+00:00,1770433200000,70361.36000000,70928.75000000,70270.00000000,70918.99000000,917.62946000
2026-02-07T04:00:00+00:00,1770436800000,70918.99000000,71690.07000000,70604.55000000,70768.13000000,1760.77139000
2026-02-07T05:00:00+00:00,1770440400000,70768.00000000,71191.88000000,69800.00000000,70161.50000000,1954.17044000
2026-02-07T06:00:00+00:00,1770444000000,70161.51000000,70310.00000000,68757.68000000,68769.65000000,3067.81307000
2026-02-07T07:00:00+00:00,1770447600000,68769.66000000,69084.55000000,67300.00000000,68087.14000000,6488.56676000
2026-02-07T08:00:00+00:00,1770451200000,68087.13000000,68790.00000000,67747.65000000,68495.01000000,2785.44241000
2026-02-07T09:00:00+00:00,1770454800000,68495.01000000,68763.28000000,67885.86000000,68138.20000000,2704.83478000
2026-02-07T10:00:00+00:00,1770458400000,68138.19000000,68299.30000000,67582.48000000,67987.00000000,2026.15669000
2026-02-07T11:00:00+00:00,1770462000000,67986.99000000,68157.21000000,67700.00000000,67972.65000000,1172.58170000
2026-02-07T12:00:00+00:00,1770465600000,67972.65000000,69999.99000000,67901.89000000,69024.98000000,3372.78032000
2026-02-07T13:00:00+00:00,1770469200000,69024.98000000,69364.50000000,68821.64000000,69093.98000000,1462.50623000
2026-02-07T14:00:00+00:00,1770472800000,69093.98000000,69187.27000000,68358.75000000,68645.99000000,1780.47515000
2026-02-07T15:00:00+00:00,1770476400000,68646.00000000,69762.46000000,68556.00000000,69151.50000000,2675.07885000
2026-02-07T16:00:00+00:00,1770480000000,69151.50000000,69898.00000000,68822.51000000,68957.16000000,3767.46183000
2026-02-07T17:00:00+00:00,1770483600000,68957.16000000,69408.00000000,68531.50000000,69188.81000000,1260.95907000
2026-02-07T18:00:00+00:00,1770487200000,69188.81000000,69690.89000000,69009.09000000,69514.11000000,815.22684000
2026-02-07T19:00:00+00:00,1770490800000,69514.11000000,69577.43000000,69266.66000000,69373.61000000,549.67003000
2026-02-07T20:00:00+00:00,1770494400000,69373.61000000,69728.83000000,69252.72000000,69631.18000000,431.20720000
2026-02-07T21:00:00+00:00,1770498000000,69631.18000000,69699.16000000,69356.16000000,69497.99000000,322.93251000
2026-02-07T22:00:00+00:00,1770501600000,69497.99000000,69727.86000000,69325.67000000,69399.34000000,469.65551000
2026-02-07T23:00:00+00:00,1770505200000,69399.34000000,69462.42000000,68787.34000000,69289.38000000,699.41594000
2026-02-08T00:00:00+00:00,1770508800000,69289.37000000,69432.00000000,68888.00000000,69133.79000000,682.62238000
2026-02-08T01:00:00+00:00,1770512400000,69133.80000000,69500.00000000,69095.17000000,69379.57000000,433.38727000
2026-02-08T02:00:00+00:00,1770516000000,69379.57000000,69696.57000000,69167.42000000,69370.70000000,452.71707000
2026-02-08T03:00:00+00:00,1770519600000,69370.69000000,69443.90000000,69069.65000000,69099.99000000,457.68257000
2026-02-08T04:00:00+00:00,1770523200000,69100.00000000,69372.06000000,68952.01000000,69340.16000000,390.41434000
2026-02-08T05:00:00+00:00,1770526800000,69340.15000000,69422.43000000,69146.47000000,69220.52000000,386.01063000
2026-02-08T06:00:00+00:00,1770530400000,69220.53000000,69518.56000000,69090.00000000,69361.18000000,1121.01748000
2026-02-08T07:00:00+00:00,1770534000000,69361.18000000,69719.07000000,69215.69000000,69710.69000000,980.72904000
2026-02-08T08:00:00+00:00,1770537600000,69710.69000000,70796.99000000,69514.15000000,70665.59000000,1875.57890000
2026-02-08T09:00:00+00:00,1770541200000,70665.59000000,70712.71000000,70094.71000000,70107.19000000,1028.89501000
2026-02-08T10:00:00+00:00,1770544800000,70107.20000000,70449.99000000,69890.52000000,70266.41000000,1062.51700000
2026-02-08T11:00:00+00:00,1770548400000,70266.41000000,71220.00000000,70210.26000000,70999.98000000,1342.32428000
2026-02-08T12:00:00+00:00,1770552000000,70999.99000000,71281.74000000,70707.39000000,71249.95000000,791.13826000
2026-02-08T13:00:00+00:00,1770555600000,71249.65000000,71517.27000000,70956.00000000,71514.77000000,1080.90623000
2026-02-08T14:00:00+00:00,1770559200000,71514.77000000,71554.95000000,71105.00000000,71262.19000000,872.42876000
2026-02-08T15:00:00+00:00,1770562800000,71262.18000000,71465.93000000,70786.18000000,71188.99000000,914.74435000
2026-02-08T16:00:00+00:00,1770566400000,71188.99000000,71256.97000000,70251.33000000,70416.00000000,1094.49116000
2026-02-08T17:00:00+00:00,1770570000000,70415.99000000,70871.66000000,70407.42000000,70785.99000000,515.39696000
2026-02-08T18:00:00+00:00,1770573600000,70786.00000000,71418.00000000,70750.00000000,71147.25000000,643.64182000
2026-02-08T19:00:00+00:00,1770577200000,71147.24000000,71538.05000000,71142.77000000,71422.97000000,466.64362000
2026-02-08T20:00:00+00:00,1770580800000,71422.96000000,71427.73000000,70700.03000000,70835.17000000,803.14197000
2026-02-08T21:00:00+00:00,1770584400000,70835.17000000,71136.03000000,70524.14000000,70700.00000000,621.70092000
2026-02-08T22:00:00+00:00,1770588000000,70700.01000000,71100.04000000,70652.11000000,71066.09000000,568.07657000
2026-02-08T23:00:00+00:00,1770591600000,71066.09000000,72271.41000000,70000.00000000,70330.38000000,2834.32509000
2026-02-09T00:00:00+00:00,1770595200000,70330.38000000,70774.40000000,70123.02000000,70502.38000000,961.77536000
2026-02-09T01:00:00+00:00,1770598800000,70502.37000000,70926.40000000,70068.18000000,70369.53000000,1060.82602000
2026-02-09T02:00:00+00:00,1770602400000,70369.53000000,71000.00000000,70220.12000000,70629.99000000,832.82995000
2026-02-09T03:00:00+00:00,1770606000000,70629.99000000,71453.53000000,70614.07000000,71307.56000000,1165.88308000
2026-02-09T04:00:00+00:00,1770609600000,71307.56000000,71359.37000000,70924.13000000,71005.01000000,663.12266000
2026-02-09T05:00:00+00:00,1770613200000,71005.01000000,71112.00000000,70805.00000000,71044.51000000,554.37782000
2026-02-09T06:00:00+00:00,1770616800000,71044.51000000,71044.52000000,70311.70000000,70667.95000000,697.30320000
2026-02-09T07:00:00+00:00,1770620400000,70667.96000000,70902.51000000,70331.57000000,70422.59000000,1015.80172000
2026-02-09T08:00:00+00:00,1770624000000,70422.59000000,70608.83000000,69393.97000000,69873.99000000,1595.15551000
2026-02-09T09:00:00+00:00,1770627600000,69873.45000000,70116.00000000,69478.63000000,69630.35000000,1112.26419000
2026-02-09T10:00:00+00:00,1770631200000,69630.35000000,69730.38000000,68420.58000000,68727.88000000,2052.69575000
2026-02-09T11:00:00+00:00,1770634800000,68727.88000000,69022.89000000,68573.31000000,68928.72000000,1348.78221000
2026-02-09T12:00:00+00:00,1770638400000,68928.71000000,69262.91000000,68857.97000000,69147.01000000,1009.44887000
2026-02-09T13:00:00+00:00,1770642000000,69147.02000000,69299.99000000,68586.48000000,68594.57000000,1029.85836000
2026-02-09T14:00:00+00:00,1770645600000,68594.56000000,69755.59000000,68308.00000000,69272.00000000,2516.24849000
2026-02-09T15:00:00+00:00,1770649200000,69271.99000000,69884.82000000,68780.00000000,69563.37000000,2308.23216000
2026-02-09T16:00:00+00:00,1770652800000,69563.37000000,70428.48000000,69100.00000000,70093.01000000,1734.77412000
2026-02-09T17:00:00+00:00,1770656400000,70093.00000000,71000.00000000,69870.65000000,70612.29000000,2206.43168000
2026-02-09T18:00:00+00:00,1770660000000,70612.29000000,71012.00000000,70088.88000000,70418.68000000,1419.63320000
2026-02-09T19:00:00+00:00,1770663600000,70418.67000000,71075.31000000,70260.00000000,70957.01000000,878.36448000
2026-02-09T20:00:00+00:00,1770667200000,70957.01000000,71126.00000000,70500.00000000,70738.71000000,948.93614000
2026-02-09T21:00:00+00:00,1770670800000,70738.71000000,70807.75000000,69823.52000000,70400.00000000,1102.83201000
2026-02-09T22:00:00+00:00,1770674400000,70400.01000000,70719.70000000,70271.13000000,70372.96000000,530.94981000
2026-02-09T23:00:00+00:00,1770678000000,70372.96000000,70572.84000000,70083.45000000,70138.00000000,406.20163000
2026-02-10T00:00:00+00:00,1770681600000,70138.00000000,70255.36000000,69743.80000000,69827.33000000,569.13678000
2026-02-10T01:00:00+00:00,1770685200000,69827.34000000,70527.59000000,69827.34000000,70486.82000000,544.68673000
2026-02-10T02:00:00+00:00,1770688800000,70486.82000000,70486.82000000,69982.27000000,70102.89000000,444.00707000
2026-02-10T03:00:00+00:00,1770692400000,70102.90000000,70166.22000000,69208.61000000,69511.83000000,911.79715000
2026-02-10T04:00:00+00:00,1770696000000,69511.83000000,69906.50000000,69469.58000000,69831.62000000,489.42781000
2026-02-10T05:00:00+00:00,1770699600000,69831.62000000,69864.00000000,69210.76000000,69447.64000000,565.92441000
2026-02-10T06:00:00+00:00,1770703200000,69447.63000000,69499.90000000,68682.00000000,68921.35000000,1241.02042000
2026-02-10T07:00:00+00:00,1770706800000,68921.36000000,69218.64000000,68852.43000000,68919.66000000,837.11514000
2026-02-10T08:00:00+00:00,1770710400000,68919.66000000,69226.16000000,68725.81000000,69142.00000000,730.03493000
2026-02-10T09:00:00+00:00,1770714000000,69141.99000000,69417.70000000,68950.00000000,69151.50000000,1044.98180000
2026-02-10T10:00:00+00:00,1770717600000,69151.50000000,69258.52000000,68921.64000000,68921.68000000,686.30742000
2026-02-10T11:00:00+00:00,1770721200000,68921.68000000,69085.79000000,68459.89000000,68535.01000000,1128.13956000
2026-02-10T12:00:00+00:00,1770724800000,68535.02000000,68855.35000000,68434.00000000,68610.12000000,821.53118000
2026-02-10T13:00:00+00:00,1770728400000,68610.11000000,69143.60000000,68370.23000000,69027.95000000,992.44284000
2026-02-10T14:00:00+00:00,1770732000000,69027.94000000,69591.20000000,67800.00000000,68460.40000000,2352.75100000
2026-02-10T15:00:00+00:00,1770735600000,68460.40000000,69519.72000000,68300.90000000,69293.37000000,1676.38862000
2026-02-10T16:00:00+00:00,1770739200000,69293.37000000,69810.35000000,68945.23000000,69517.71000000,1394.08093000
2026-02-10T17:00:00+00:00,1770742800000,69517.71000000,69993.65000000,69309.35000000,69925.31000000,899.78430000
2026-02-10T18:00:00+00:00,1770746400000,69925.31000000,69943.44000000,68604.63000000,68894.36000000,897.73226000
2026-02-10T19:00:00+00:00,1770750000000,68894.36000000,69303.99000000,68690.32000000,69062.01000000,805.90106000
2026-02-10T20:00:00+00:00,1770753600000,69062.00000000,69136.91000000,68629.47000000,68753.70000000,425.90627000
2026-02-10T21:00:00+00:00,1770757200000,68753.69000000,69005.45000000,68362.00000000,68656.21000000,402.88764000
2026-02-10T22:00:00+00:00,1770760800000,68656.22000000,68860.40000000,68566.80000000,68707.18000000,289.48213000
2026-02-10T23:00:00+00:00,1770764400000,68707.18000000,68860.09000000,68506.20000000,68841.29000000,222.30327000
2026-02-11T00:00:00+00:00,1770768000000,68841.28000000,69244.45000000,68784.47000000,69201.14000000,437.64105000
2026-02-11T01:00:00+00:00,1770771600000,69201.14000000,69292.88000000,68914.73000000,68982.00000000,303.52695000
2026-02-11T02:00:00+00:00,1770775200000,68982.00000000,69168.52000000,68603.40000000,68677.33000000,398.35346000
2026-02-11T03:00:00+00:00,1770778800000,68677.34000000,68751.91000000,68011.11000000,68187.99000000,778.71298000
2026-02-11T04:00:00+00:00,1770782400000,68188.00000000,68325.00000000,67368.00000000,67584.46000000,1295.18481000
2026-02-11T05:00:00+00:00,1770786000000,67584.47000000,67810.00000000,67397.86000000,67404.28000000,744.08532000
2026-02-11T06:00:00+00:00,1770789600000,67404.28000000,67491.84000000,66557.99000000,66820.32000000,1841.79675000
2026-02-11T07:00:00+00:00,1770793200000,66819.84000000,67254.60000000,66652.27000000,67032.72000000,1293.95919000
2026-02-11T08:00:00+00:00,1770796800000,67032.71000000,67134.42000000,66793.93000000,66981.07000000,871.78483000
2026-02-11T09:00:00+00:00,1770800400000,66981.08000000,67110.04000000,66716.02000000,66872.03000000,712.97040000
2026-02-11T10:00:00+00:00,1770804000000,66872.03000000,66891.64000000,66369.49000000,66531.99000000,1318.02907000
2026-02-11T11:00:00+00:00,1770807600000,66531.99000000,67110.77000000,66500.84000000,67053.03000000,1011.30301000
2026-02-11T12:00:00+00:00,1770811200000,67053.03000000,67424.24000000,66959.67000000,67133.50000000,1251.20611000
2026-02-11T13:00:00+00:00,1770814800000,67133.51000000,67674.30000000,66799.58000000,67454.49000000,1973.91228000
2026-02-11T14:00:00+00:00,1770818400000,67454.49000000,68834.34000000,66435.62000000,66584.60000000,3127.14059000
2026-02-11T15:00:00+00:00,1770822000000,66584.61000000,66818.18000000,65756.00000000,66519.73000000,2796.32516000
2026-02-11T16:00:00+00:00,1770825600000,66519.72000000,67250.00000000,65952.00000000,66039.09000000,1746.45856000
2026-02-11T17:00:00+00:00,1770829200000,66039.08000000,66921.12000000,65876.00000000,66518.26000000,1110.21085000
2026-02-11T18:00:00+00:00,1770832800000,66518.26000000,67305.28000000,66150.66000000,67275.34000000,935.25515000
2026-02-11T19:00:00+00:00,1770836400000,67275.34000000,67860.44000000,67105.79000000,67586.67000000,1212.94694000
2026-02-11T20:00:00+00:00,1770840000000,67586.66000000,67757.70000000,67190.00000000,67555.98000000,514.27060000
2026-02-11T21:00:00+00:00,1770843600000,67555.98000000,68369.77000000,67417.04000000,67811.17000000,1823.53852000
2026-02-11T22:00:00+00:00,1770847200000,67810.20000000,67872.68000000,67387.24000000,67433.14000000,541.63723000
2026-02-11T23:00:00+00:00,1770850800000,67433.54000000,67563.77000000,66787.70000000,67082.52000000,677.99621000
2026-02-12T00:00:00+00:00,1770854400000,67082.52000000,67700.00000000,67055.53000000,67460.75000000,581.76040000
2026-02-12T01:00:00+00:00,1770858000000,67460.75000000,68047.48000000,67460.75000000,67699.01000000,549.26066000
2026-02-12T02:00:00+00:00,1770861600000,67699.01000000,67800.00000000,67418.00000000,67439.14000000,554.16819000
2026-02-12T03:00:00+00:00,1770865200000,67439.14000000,67596.00000000,67306.61000000,67580.99000000,415.78114000
2026-02-12T04:00:00+00:00,1770868800000,67581.00000000,67682.69000000,67000.00000000,67018.40000000,588.37890000
2026-02-12T05:00:00+00:00,1770872400000,67018.40000000,67209.99000000,66670.45000000,67141.93000000,683.92376000
2026-02-12T06:00:00+00:00,1770876000000,67141.92000000,67355.93000000,67014.00000000,67125.57000000,830.74950000
2026-02-12T07:00:00+00:00,1770879600000,67125.57000000,67330.00000000,66935.64000000,67217.72000000,607.54971000
2026-02-12T08:00:00+00:00,1770883200000,67217.71000000,67344.00000000,66891.60000000,67141.15000000,783.02638000
2026-02-12T09:00:00+00:00,1770886800000,67141.15000000,67699.10000000,67050.00000000,67550.47000000,644.02356000
2026-02-12T10:00:00+00:00,1770890400000,67550.46000000,68026.60000000,67404.02000000,68014.01000000,843.40689000
2026-02-12T11:00:00+00:00,1770894000000,68014.00000000,68299.00000000,67740.00000000,68076.01000000,1397.59947000
2026-02-12T12:00:00+00:00,1770897600000,68076.01000000,68162.02000000,67720.00000000,67865.31000000,829.25823000
2026-02-12T13:00:00+00:00,1770901200000,67865.32000000,68397.50000000,67680.82000000,68376.58000000,960.32991000
2026-02-12T14:00:00+00:00,1770904800000,68376.58000000,68410.52000000,67493.78000000,67577.02000000,1431.75163000
2026-02-12T15:00:00+00:00,1770908400000,67577.02000000,68000.00000000,67014.98000000,67134.74000000,1602.90239000
2026-02-12T16:00:00+00:00,1770912000000,67134.74000000,67232.04000000,65556.00000000,65863.37000000,3193.11571000
2026-02-12T17:00:00+00:00,1770915600000,65863.38000000,66265.06000000,65374.56000000,65413.99000000,2100.56023000
2026-02-12T18:00:00+00:00,1770919200000,65414.00000000,65800.00000000,65118.00000000,65590.95000000,1612.17039000
2026-02-12T19:00:00+00:00,1770922800000,65590.95000000,66117.51000000,65274.40000000,65788.36000000,1027.63649000
2026-02-12T20:00:00+00:00,1770926400000,65788.36000000,66042.24000000,65215.06000000,65428.56000000,894.16583000
2026-02-12T21:00:00+00:00,1770930000000,65428.24000000,65900.00000000,65428.24000000,65849.87000000,590.26423000
2026-02-12T22:00:00+00:00,1770933600000,65849.86000000,66399.94000000,65643.34000000,66288.00000000,642.82133000
2026-02-12T23:00:00+00:00,1770937200000,66288.01000000,66488.90000000,66156.47000000,66272.17000000,907.13790000
2026-02-13T00:00:00+00:00,1770940800000,66272.17000000,66527.09000000,65872.46000000,65918.60000000,765.38996000
2026-02-13T01:00:00+00:00,1770944400000,65918.61000000,66619.90000000,65918.61000000,66454.95000000,771.58544000
2026-02-13T02:00:00+00:00,1770948000000,66454.95000000,66759.61000000,66384.00000000,66663.08000000,476.45341000
2026-02-13T03:00:00+00:00,1770951600000,66663.08000000,66814.00000000,66462.40000000,66553.08000000,569.96335000
2026-02-13T04:00:00+00:00,1770955200000,66553.09000000,66671.62000000,66308.48000000,66329.22000000,462.15015000
2026-02-13T05:00:00+00:00,1770958800000,66329.22000000,66502.27000000,66175.79000000,66175.79000000,484.25050000
2026-02-13T06:00:00+00:00,1770962400000,66175.79000000,66397.86000000,66002.98000000,66359.28000000,613.96613000
2026-02-13T07:00:00+00:00,1770966000000,66359.28000000,66568.47000000,66050.21000000,66208.96000000,868.05316000
2026-02-13T08:00:00+00:00,1770969600000,66208.96000000,66747.38000000,66191.52000000,66699.96000000,603.02656000
2026-02-13T09:00:00+00:00,1770973200000,66699.96000000,67062.93000000,66612.86000000,66959.71000000,592.93469000
2026-02-13T10:00:00+00:00,1770976800000,66959.72000000,67116.00000000,66800.00000000,66977.66000000,516.91289000
2026-02-13T11:00:00+00:00,1770980400000,66977.66000000,67226.66000000,66783.38000000,67171.42000000,488.71065000
2026-02-13T12:00:00+00:00,1770984000000,67171.41000000,67212.28000000,66918.38000000,67084.00000000,405.35988000
2026-02-13T13:00:00+00:00,1770987600000,67084.01000000,67615.34000000,66938.00000000,67274.15000000,1624.06539000
2026-02-13T14:00:00+00:00,1770991200000,67274.14000000,68028.45000000,66867.47000000,67733.51000000,1724.03844000
2026-02-13T15:00:00+00:00,1770994800000,67733.51000000,69309.80000000,67692.00000000,68692.12000000,3133.08720000
2026-02-13T16:00:00+00:00,1770998400000,68692.12000000,69482.97000000,68540.83000000,68954.69000000,1775.68698000
2026-02-13T17:00:00+00:00,1771002000000,68954.69000000,69250.25000000,68636.36000000,69047.99000000,921.29676000
2026-02-13T18:00:00+00:00,1771005600000,69048.00000000,69411.44000000,68903.27000000,69129.99000000,1063.59333000
2026-02-13T19:00:00+00:00,1771009200000,69129.99000000,69236.33000000,68918.79000000,68938.91000000,560.04540000
2026-02-13T20:00:00+00:00,1771012800000,68938.91000000,68973.35000000,68683.32000000,68777.12000000,555.32850000
2026-02-13T21:00:00+00:00,1771016400000,68777.13000000,69079.40000000,68731.75000000,68902.48000000,463.41950000
2026-02-13T22:00:00+00:00,1771020000000,68902.48000000,69000.00000000,68726.40000000,68995.28000000,544.04056000
2026-02-13T23:00:00+00:00,1771023600000,68995.29000000,69000.00000000,68829.20000000,68853.96000000,261.19072000
2026-02-14T00:00:00+00:00,1771027200000,68853.97000000,69137.50000000,68768.56000000,69090.24000000,447.10398000
2026-02-14T01:00:00+00:00,1771030800000,69090.25000000,69108.80000000,68921.54000000,68964.51000000,344.69001000
2026-02-14T02:00:00+00:00,1771034400000,68964.51000000,69006.34000000,68845.60000000,68884.21000000,261.74234000
2026-02-14T03:00:00+00:00,1771038000000,68884.21000000,69027.14000000,68852.00000000,68981.99000000,238.39370000
2026-02-14T04:00:00+00:00,1771041600000,68982.00000000,68995.11000000,68789.59000000,68790.00000000,489.78591000
2026-02-14T05:00:00+00:00,1771045200000,68790.01000000,68910.00000000,68760.00000000,68773.42000000,308.26030000
2026-02-14T06:00:00+00:00,1771048800000,68773.41000000,68936.98000000,68730.13000000,68936.98000000,470.43757000
2026-02-14T07:00:00+00:00,1771052400000,68936.98000000,69343.00000000,68884.56000000,69219.26000000,919.89001000
2026-02-14T08:00:00+00:00,1771056000000,69219.27000000,69870.99000000,69218.71000000,69746.20000000,1347.80343000
2026-02-14T09:00:00+00:00,1771059600000,69746.20000000,69900.00000000,69566.78000000,69714.93000000,555.36385000
2026-02-14T10:00:00+00:00,1771063200000,69714.94000000,69714.94000000,69585.15000000,69671.86000000,257.25533000
2026-02-14T11:00:00+00:00,1771066800000,69671.86000000,70560.01000000,69671.86000000,70505.74000000,1370.55448000
2026-02-14T12:00:00+00:00,1771070400000,70505.74000000,70533.67000000,69600.00000000,69640.20000000,1278.19574000
2026-02-14T13:00:00+00:00,1771074000000,69640.20000000,69771.91000000,69064.60000000,69460.00000000,3393.75970000
2026-02-14T14:00:00+00:00,1771077600000,69460.00000000,69856.70000000,69208.09000000,69701.66000000,1680.01260000
2026-02-14T15:00:00+00:00,1771081200000,69701.66000000,70048.39000000,69560.00000000,69778.28000000,751.65320000
2026-02-14T16:00:00+00:00,1771084800000,69778.28000000,69815.00000000,69283.02000000,69755.10000000,1006.67903000
2026-02-14T17:00:00+00:00,1771088400000,69755.10000000,69930.90000000,69609.00000000,69739.38000000,685.87401000
2026-02-14T18:00:00+00:00,1771092000000,69739.38000000,69856.70000000,69672.55000000,69772.31000000,270.42048000
2026-02-14T19:00:00+00:00,1771095600000,69772.30000000,69920.60000000,69619.52000000,69873.99000000,332.30706000
2026-02-14T20:00:00+00:00,1771099200000,69873.99000000,70028.59000000,69732.75000000,70023.09000000,434.13483000
2026-02-14T21:00:00+00:00,1771102800000,70023.10000000,70250.46000000,69668.05000000,69935.86000000,640.89584000
2026-02-14T22:00:00+00:00,1771106400000,69935.86000000,70100.00000000,69781.00000000,69959.75000000,292.90739000
2026-02-14T23:00:00+00:00,1771110000000,69959.74000000,70020.00000000,69723.18000000,69822.95000000,336.66314000
2026-02-15T00:00:00+00:00,1771113600000,69822.94000000,69864.74000000,69600.00000000,69777.07000000,292.27775000
2026-02-15T01:00:00+00:00,1771117200000,69777.06000000,69902.70000000,69350.00000000,69717.65000000,400.20039000
2026-02-15T02:00:00+00:00,1771120800000,69717.65000000,69753.90000000,69341.27000000,69480.01000000,375.21945000
2026-02-15T03:00:00+00:00,1771124400000,69480.00000000,69990.02000000,69251.50000000,69954.50000000,697.24370000
2026-02-15T04:00:00+00:00,1771128000000,69954.50000000,70518.57000000,69459.35000000,70183.99000000,2275.16813000
2026-02-15T05:00:00+00:00,1771131600000,70184.00000000,70472.43000000,70132.54000000,70267.61000000,540.45783000
2026-02-15T06:00:00+00:00,1771135200000,70267.60000000,70540.99000000,70184.09000000,70405.12000000,505.71551000
2026-02-15T07:00:00+00:00,1771138800000,70405.12000000,70926.42000000,70307.11000000,70828.42000000,1425.80275000
2026-02-15T08:00:00+00:00,1771142400000,70828.43000000,70983.00000000,70182.31000000,70446.52000000,898.37828000
2026-02-15T09:00:00+00:00,1771146000000,70446.52000000,70668.00000000,70370.30000000,70419.11000000,334.99126000
2026-02-15T10:00:00+00:00,1771149600000,70419.12000000,70523.94000000,70208.16000000,70427.02000000,382.24903000
2026-02-15T11:00:00+00:00,1771153200000,70427.02000000,70543.14000000,70267.60000000,70295.22000000,457.63561000
2026-02-15T12:00:00+00:00,1771156800000,70295.22000000,70418.48000000,69309.87000000,69314.21000000,1027.34588000
2026-02-15T13:00:00+00:00,1771160400000,69314.22000000,69620.06000000,68772.20000000,68930.00000000,1749.29694000
2026-02-15T14:00:00+00:00,1771164000000,68930.00000000,69219.71000000,68845.72000000,69170.51000000,629.32577000
2026-02-15T15:00:00+00:00,1771167600000,69170.51000000,69255.60000000,68888.00000000,69099.99000000,446.59665000
2026-02-15T16:00:00+00:00,1771171200000,69100.00000000,69100.00000000,68658.00000000,69017.75000000,1442.09011000
2026-02-15T17:00:00+00:00,1771174800000,69017.76000000,69085.22000000,68203.60000000,68641.21000000,1194.71218000
2026-02-15T18:00:00+00:00,1771178400000,68641.21000000,68800.00000000,68274.31000000,68451.44000000,2695.36643000
2026-02-15T19:00:00+00:00,1771182000000,68451.45000000,68560.84000000,68000.00000000,68286.63000000,2807.35363000
2026-02-15T20:00:00+00:00,1771185600000,68286.64000000,68560.22000000,68120.00000000,68450.00000000,399.94279000
2026-02-15T21:00:00+00:00,1771189200000,68450.00000000,68950.16000000,68450.00000000,68852.01000000,407.55960000
2026-02-15T22:00:00+00:00,1771192800000,68852.01000000,69078.49000000,68801.06000000,68999.96000000,384.07496000
2026-02-15T23:00:00+00:00,1771196400000,68999.96000000,68999.96000000,68319.64000000,68832.58000000,521.04745000
2026-02-16T00:00:00+00:00,1771200000000,68832.59000000,69065.50000000,68700.00000000,68845.81000000,349.86984000
2026-02-16T01:00:00+00:00,1771203600000,68845.81000000,69041.97000000,68454.54000000,68630.81000000,270.08273000
2026-02-16T02:00:00+00:00,1771207200000,68630.81000000,68734.00000000,68243.68000000,68320.48000000,683.73400000
2026-02-16T03:00:00+00:00,1771210800000,68320.49000000,68463.96000000,68143.22000000,68424.82000000,453.41167000
2026-02-16T04:00:00+00:00,1771214400000,68424.82000000,68894.52000000,68417.17000000,68870.07000000,465.20741000
2026-02-16T05:00:00+00:00,1771218000000,68870.07000000,68900.00000000,68293.28000000,68385.29000000,353.88428000
2026-02-16T06:00:00+00:00,1771221600000,68385.29000000,68527.80000000,68228.76000000,68450.80000000,240.56615000
2026-02-16T07:00:00+00:00,1771225200000,68450.80000000,68672.59000000,68380.00000000,68587.90000000,362.20306000
2026-02-16T08:00:00+00:00,1771228800000,68587.89000000,68798.70000000,68542.63000000,68762.85000000,301.81895000
2026-02-16T09:00:00+00:00,1771232400000,68762.86000000,69060.77000000,68748.02000000,68992.71000000,453.08481000
2026-02-16T10:00:00+00:00,1771236000000,68992.70000000,68992.71000000,68690.85000000,68798.22000000,358.68374000
2026-02-16T11:00:00+00:00,1771239600000,68798.21000000,68918.22000000,68338.90000000,68812.83000000,495.50759000
2026-02-16T12:00:00+00:00,1771243200000,68812.84000000,69848.48000000,68807.54000000,69763.24000000,1602.28029000
2026-02-16T13:00:00+00:00,1771246800000,69763.24000000,70126.67000000,68225.00000000,68395.10000000,1720.62066000
2026-02-16T14:00:00+00:00,1771250400000,68395.11000000,68718.30000000,68260.39000000,68427.64000000,1092.60040000
2026-02-16T15:00:00+00:00,1771254000000,68427.64000000,68607.22000000,67294.11000000,67539.52000000,2148.07022000
2026-02-16T16:00:00+00:00,1771257600000,67539.53000000,67974.86000000,67513.94000000,67888.70000000,895.58119000
2026-02-16T17:00:00+00:00,1771261200000,67888.70000000,68074.12000000,67600.93000000,67951.86000000,501.76328000
2026-02-16T18:00:00+00:00,1771264800000,67951.85000000,68245.34000000,67830.82000000,67860.13000000,606.24788000
2026-02-16T19:00:00+00:00,1771268400000,67860.13000000,68130.00000000,67824.91000000,67913.43000000,262.97624000
2026-02-16T20:00:00+00:00,1771272000000,67913.44000000,68549.14000000,67827.11000000,68530.00000000,457.58536000
2026-02-16T21:00:00+00:00,1771275600000,68530.00000000,68933.85000000,68427.18000000,68862.88000000,534.27425000
2026-02-16T22:00:00+00:00,1771279200000,68862.89000000,68890.00000000,68509.07000000,68591.02000000,556.75779000
2026-02-16T23:00:00+00:00,1771282800000,68591.01000000,68978.88000000,68538.57000000,68892.43000000,348.95355000
2026-02-17T00:00:00+00:00,1771286400000,68892.43000000,69042.74000000,68704.36000000,68878.27000000,476.69143000
2026-02-17T01:00:00+00:00,1771290000000,68878.27000000,68996.67000000,68563.16000000,68618.11000000,499.89142000
2026-02-17T02:00:00+00:00,1771293600000,68618.12000000,69241.50000000,68387.20000000,68838.48000000,625.65656000
2026-02-17T03:00:00+00:00,1771297200000,68838.48000000,68860.68000000,68470.00000000,68474.90000000,367.85689000
2026-02-17T04:00:00+00:00,1771300800000,68474.90000000,68707.49000000,68288.00000000,68481.67000000,329.69022000
2026-02-17T05:00:00+00:00,1771304400000,68481.68000000,68510.76000000,67892.00000000,68245.71000000,633.07748000
2026-02-17T06:00:00+00:00,1771308000000,68245.71000000,68519.99000000,68242.49000000,68400.00000000,230.38739000
2026-02-17T07:00:00+00:00,1771311600000,68400.01000000,68480.00000000,68165.02000000,68388.12000000,314.74756000
2026-02-17T08:00:00+00:00,1771315200000,68388.12000000,68479.17000000,68130.78000000,68177.53000000,285.96667000
2026-02-17T09:00:00+00:00,1771318800000,68177.53000000,68308.37000000,67992.03000000,68126.28000000,404.18575000
2026-02-17T10:00:00+00:00,1771322400000,68126.29000000,68194.46000000,67704.96000000,67845.30000000,504.39951000
2026-02-17T11:00:00+00:00,1771326000000,67845.30000000,67935.73000000,67690.00000000,67854.60000000,507.67784000
2026-02-17T12:00:00+00:00,1771329600000,67854.60000000,68299.40000000,67827.52000000,67919.49000000,607.94036000
2026-02-17T13:00:00+00:00,1771333200000,67919.49000000,68360.50000000,67734.36000000,68136.34000000,716.87733000
2026-02-17T14:00:00+00:00,1771336800000,68136.35000000,68337.60000000,66734.30000000,66875.06000000,2328.63639000
2026-02-17T15:00:00+00:00,1771340400000,66875.06000000,67409.99000000,66621.06000000,67392.05000000,2309.04130000
2026-02-17T16:00:00+00:00,1771344000000,67392.06000000,68158.10000000,67317.60000000,67517.36000000,1448.76651000
2026-02-17T17:00:00+00:00,1771347600000,67517.36000000,67714.28000000,66881.08000000,67244.22000000,1144.38591000
2026-02-17T18:00:00+00:00,1771351200000,67244.22000000,68227.41000000,67127.86000000,68098.62000000,824.93415000
2026-02-17T19:00:00+00:00,1771354800000,68098.63000000,68235.39000000,67695.45000000,67793.32000000,785.88027000
2026-02-17T20:00:00+00:00,1771358400000,67793.32000000,67928.08000000,67484.16000000,67753.30000000,471.88623000
2026-02-17T21:00:00+00:00,1771362000000,67753.30000000,67926.29000000,67538.00000000,67680.54000000,253.25027000
2026-02-17T22:00:00+00:00,1771365600000,67680.55000000,67788.42000000,67513.42000000,67527.72000000,176.97341000
2026-02-17T23:00:00+00:00,1771369200000,67527.72000000,67617.46000000,67394.00000000,67503.52000000,240.26836000
2026-02-18T00:00:00+00:00,1771372800000,67503.52000000,67627.97000000,67290.30000000,67302.65000000,186.99827000
2026-02-18T01:00:00+00:00,1771376400000,67302.65000000,67378.26000000,66892.03000000,67165.20000000,545.68830000
2026-02-18T02:00:00+00:00,1771380000000,67165.21000000,67421.99000000,67153.36000000,67335.04000000,250.64041000
2026-02-18T03:00:00+00:00,1771383600000,67335.04000000,67705.65000000,67326.98000000,67629.11000000,243.56061000
2026-02-18T04:00:00+00:00,1771387200000,67629.10000000,67900.00000000,67500.10000000,67823.54000000,328.68469000
2026-02-18T05:00:00+00:00,1771390800000,67823.55000000,67938.00000000,67606.45000000,67654.80000000,311.88419000
2026-02-18T06:00:00+00:00,1771394400000,67654.81000000,67976.51000000,67614.91000000,67850.52000000,264.75627000
2026-02-18T07:00:00+00:00,1771398000000,67850.53000000,68219.81000000,67702.70000000,68106.44000000,528.49446000
2026-02-18T08:00:00+00:00,1771401600000,68106.44000000,68476.22000000,68071.58000000,68132.82000000,532.69792000
2026-02-18T09:00:00+00:00,1771405200000,68132.83000000,68276.00000000,68010.11000000,68157.79000000,339.37122000
2026-02-18T10:00:00+00:00,1771408800000,68157.80000000,68184.41000000,67731.95000000,67801.26000000,395.11187000
2026-02-18T11:00:00+00:00,1771412400000,67801.26000000,67805.08000000,67076.90000000,67369.75000000,654.97357000
2026-02-18T12:00:00+00:00,1771416000000,67369.75000000,67689.76000000,67345.00000000,67458.06000000,459.50762000
2026-02-18T13:00:00+00:00,1771419600000,67458.06000000,67599.70000000,67051.81000000,67236.88000000,549.44565000
2026-02-18T14:00:00+00:00,1771423200000,67236.89000000,67362.26000000,66717.30000000,67223.76000000,1553.71672000
2026-02-18T15:00:00+00:00,1771426800000,67223.77000000,68347.72000000,67192.25000000,67694.01000000,1767.46696000
2026-02-18T16:00:00+00:00,1771430400000,67694.01000000,67706.94000000,66994.23000000,67145.34000000,1029.31402000
2026-02-18T17:00:00+00:00,1771434000000,67145.35000000,67486.97000000,67057.13000000,67187.39000000,676.97648000
2026-02-18T18:00:00+00:00,1771437600000,67187.40000000,67229.76000000,66200.00000000,66359.99000000,1304.49131000
2026-02-18T19:00:00+00:00,1771441200000,66360.00000000,66619.00000000,65870.00000000,66177.14000000,1301.14212000
2026-02-18T20:00:00+00:00,1771444800000,66177.15000000,66550.00000000,66141.90000000,66268.39000000,682.91387000
2026-02-18T21:00:00+00:00,1771448400000,66268.40000000,66504.20000000,66053.60000000,66342.76000000,909.37392000
2026-02-18T22:00:00+00:00,1771452000000,66342.76000000,66477.70000000,66232.02000000,66408.82000000,352.09134000
2026-02-18T23:00:00+00:00,1771455600000,66408.83000000,66502.49000000,66275.71000000,66461.00000000,323.13660000
2026-02-19T00:00:00+00:00,1771459200000,66461.00000000,66597.03000000,66345.00000000,66446.49000000,297.42224000
2026-02-19T01:00:00+00:00,1771462800000,66446.49000000,66884.16000000,66446.48000000,66866.62000000,415.14671000
2026-02-19T02:00:00+00:00,1771466400000,66866.63000000,66958.90000000,66639.99000000,66835.20000000,362.58869000
2026-02-19T03:00:00+00:00,1771470000000,66835.20000000,66997.07000000,66727.27000000,66980.91000000,262.07528000
2026-02-19T04:00:00+00:00,1771473600000,66980.91000000,67070.56000000,66759.00000000,66802.75000000,389.01702000
2026-02-19T05:00:00+00:00,1771477200000,66802.74000000,66893.06000000,66679.76000000,66871.35000000,253.79395000
2026-02-19T06:00:00+00:00,1771480800000,66871.34000000,67290.40000000,66865.43000000,67150.12000000,468.59633000
2026-02-19T07:00:00+00:00,1771484400000,67150.12000000,67320.00000000,67028.70000000,67206.45000000,481.75258000
2026-02-19T08:00:00+00:00,1771488000000,67206.45000000,67206.45000000,66785.56000000,66966.12000000,559.76369000
2026-02-19T09:00:00+00:00,1771491600000,66966.12000000,67191.83000000,66754.23000000,66836.00000000,463.29328000
2026-02-19T10:00:00+00:00,1771495200000,66836.01000000,66958.40000000,66741.77000000,66843.08000000,368.25421000
2026-02-19T11:00:00+00:00,1771498800000,66843.08000000,66936.42000000,66478.02000000,66496.02000000,488.02461000
2026-02-19T12:00:00+00:00,1771502400000,66496.03000000,66680.70000000,66325.34000000,66516.67000000,484.41025000
2026-02-19T13:00:00+00:00,1771506000000,66516.67000000,66556.59000000,65763.00000000,65913.37000000,1377.50527000
2026-02-19T14:00:00+00:00,1771509600000,65913.38000000,66662.30000000,65631.83000000,66421.20000000,1506.37269000
2026-02-19T15:00:00+00:00,1771513200000,66421.20000000,66755.39000000,65966.00000000,66398.00000000,1083.30553000
2026-02-19T16:00:00+00:00,1771516800000,66398.01000000,66514.95000000,65899.25000000,66293.53000000,940.96239000
2026-02-19T17:00:00+00:00,1771520400000,66293.53000000,67049.99000000,66173.15000000,66369.42000000,899.04062000
2026-02-19T18:00:00+00:00,1771524000000,66369.42000000,67073.13000000,66228.49000000,67030.49000000,865.51701000
2026-02-19T19:00:00+00:00,1771527600000,67030.50000000,67198.10000000,66700.00000000,67050.00000000,706.47789000
2026-02-19T20:00:00+00:00,1771531200000,67050.00000000,67166.98000000,66823.03000000,67149.11000000,444.88336000
2026-02-19T21:00:00+00:00,1771534800000,67149.11000000,67168.86000000,66900.92000000,66916.51000000,265.40447000
2026-02-19T22:00:00+00:00,1771538400000,66916.51000000,67000.00000000,66652.34000000,66915.14000000,854.02212000
2026-02-19T23:00:00+00:00,1771542000000,66915.15000000,67023.61000000,66814.76000000,67003.73000000,304.63969000
2026-02-20T00:00:00+00:00,1771545600000,67003.73000000,67486.62000000,66949.41000000,67228.91000000,595.00262000
2026-02-20T01:00:00+00:00,1771549200000,67228.91000000,67355.79000000,67150.00000000,67279.90000000,313.31598000
2026-02-20T02:00:00+00:00,1771552800000,67279.91000000,67347.76000000,67181.28000000,67242.03000000,232.09759000
2026-02-20T03:00:00+00:00,1771556400000,67242.03000000,67488.67000000,67241.24000000,67366.25000000,332.50492000
2026-02-20T04:00:00+00:00,1771560000000,67366.25000000,67402.23000000,67115.38000000,67264.83000000,362.39174000
2026-02-20T05:00:00+00:00,1771563600000,67264.83000000,68006.00000000,67203.19000000,67790.10000000,1107.38598000
2026-02-20T06:00:00+00:00,1771567200000,67790.11000000,67894.20000000,67660.12000000,67847.47000000,482.66553000
2026-02-20T07:00:00+00:00,1771570800000,67847.47000000,67990.00000000,67767.40000000,67825.91000000,459.03505000
2026-02-20T08:00:00+00:00,1771574400000,67825.91000000,67950.85000000,67747.33000000,67879.99000000,290.00035000
2026-02-20T09:00:00+00:00,1771578000000,67879.99000000,68230.01000000,67879.99000000,68218.85000000,996.78790000
2026-02-20T10:00:00+00:00,1771581600000,68218.85000000,68318.39000000,67843.42000000,67948.99000000,638.74258000
2026-02-20T11:00:00+00:00,1771585200000,67948.99000000,67983.91000000,67280.60000000,67318.41000000,1489.10389000
2026-02-20T12:00:00+00:00,1771588800000,67318.41000000,67594.00000000,67276.41000000,67541.77000000,603.15784000
2026-02-20T13:00:00+00:00,1771592400000,67541.78000000,67541.78000000,66280.20000000,66801.62000000,7078.59491000
2026-02-20T14:00:00+00:00,1771596000000,66801.62000000,67317.50000000,66532.87000000,67069.65000000,5263.48808000
2026-02-20T15:00:00+00:00,1771599600000,67069.65000000,68083.98000000,66536.64000000,67582.95000000,3143.21056000
2026-02-20T16:00:00+00:00,1771603200000,67582.95000000,67921.70000000,67283.24000000,67795.47000000,1312.90303000
2026-02-20T17:00:00+00:00,1771606800000,67795.48000000,67795.48000000,66952.11000000,67613.37000000,6085.15550000
2026-02-20T18:00:00+00:00,1771610400000,67613.38000000,68000.00000000,67466.11000000,67924.21000000,1321.63260000
2026-02-20T19:00:00+00:00,1771614000000,67924.22000000,68000.00000000,67548.85000000,67646.03000000,854.45567000
2026-02-20T20:00:00+00:00,1771617600000,67646.03000000,67885.55000000,67520.30000000,67750.40000000,685.93834000
2026-02-20T21:00:00+00:00,1771621200000,67750.40000000,67840.00000000,67639.29000000,67825.87000000,451.92527000
2026-02-20T22:00:00+00:00,1771624800000,67825.87000000,68116.60000000,67639.31000000,68078.13000000,669.63597000
2026-02-20T23:00:00+00:00,1771628400000,68078.13000000,68233.99000000,67914.00000000,68020.01000000,582.73901000
2026-02-21T00:00:00+00:00,1771632000000,68020.00000000,68051.16000000,67787.19000000,67841.00000000,537.54494000
2026-02-21T01:00:00+00:00,1771635600000,67841.00000000,68005.99000000,67841.00000000,67951.24000000,250.62697000
2026-02-21T02:00:00+00:00,1771639200000,67951.25000000,68099.54000000,67913.30000000,68001.05000000,224.56497000
2026-02-21T03:00:00+00:00,1771642800000,68001.04000000,68001.04000000,67534.69000000,67667.77000000,569.35853000
2026-02-21T04:00:00+00:00,1771646400000,67667.77000000,67846.88000000,67593.99000000,67816.97000000,228.62441000
2026-02-21T05:00:00+00:00,1771650000000,67816.98000000,67888.40000000,67799.70000000,67851.93000000,141.24714000
2026-02-21T06:00:00+00:00,1771653600000,67851.93000000,67924.39000000,67750.96000000,67793.38000000,228.15051000
2026-02-21T07:00:00+00:00,1771657200000,67793.39000000,67884.74000000,67749.59000000,67856.01000000,118.21011000
2026-02-21T08:00:00+00:00,1771660800000,67856.01000000,68079.41000000,67807.30000000,68055.03000000,293.16321000
2026-02-21T09:00:00+00:00,1771664400000,68055.04000000,68314.54000000,67978.90000000,68147.53000000,599.79254000
2026-02-21T10:00:00+00:00,1771668000000,68147.54000000,68250.00000000,68139.65000000,68215.54000000,212.21766000
2026-02-21T11:00:00+00:00,1771671600000,68215.55000000,68283.34000000,68084.00000000,68092.45000000,279.32431000
2026-02-21T12:00:00+00:00,1771675200000,68092.45000000,68218.20000000,67915.00000000,68203.42000000,307.88407000
2026-02-21T13:00:00+00:00,1771678800000,68203.42000000,68260.00000000,68106.89000000,68259.99000000,202.25945000
2026-02-21T14:00:00+00:00,1771682400000,68259.99000000,68644.00000000,68180.53000000,68450.01000000,880.51744000
2026-02-21T15:00:00+00:00,1771686000000,68450.01000000,68698.70000000,68417.00000000,68615.00000000,427.64440000
2026-02-21T16:00:00+00:00,1771689600000,68615.01000000,68630.76000000,68101.78000000,68322.60000000,658.49920000
2026-02-21T17:00:00+00:00,1771693200000,68322.61000000,68474.01000000,68200.00000000,68437.45000000,212.23015000
2026-02-21T18:00:00+00:00,1771696800000,68437.45000000,68644.00000000,68383.08000000,68574.00000000,320.28262000
2026-02-21T19:00:00+00:00,1771700400000,68573.99000000,68658.50000000,68526.81000000,68543.51000000,219.15242000
2026-02-21T20:00:00+00:00,1771704000000,68543.51000000,68605.63000000,68190.00000000,68211.19000000,369.37236000
2026-02-21T21:00:00+00:00,1771707600000,68211.19000000,68390.93000000,68183.10000000,68379.95000000,170.62817000
2026-02-21T22:00:00+00:00,1771711200000,68379.95000000,68437.56000000,67900.00000000,67972.00000000,378.72918000
2026-02-21T23:00:00+00:00,1771714800000,67972.00000000,68124.54000000,67941.02000000,67975.93000000,202.81655000
2026-02-22T00:00:00+00:00,1771718400000,67975.93000000,68060.40000000,67809.78000000,67946.00000000,294.60551000
2026-02-22T01:00:00+00:00,1771722000000,67946.00000000,68171.46000000,67945.99000000,68159.31000000,265.09117000
2026-02-22T02:00:00+00:00,1771725600000,68159.32000000,68222.16000000,67872.76000000,67909.68000000,289.41881000
2026-02-22T03:00:00+00:00,1771729200000,67909.67000000,68062.03000000,67824.90000000,68041.43000000,265.36653000
2026-02-22T04:00:00+00:00,1771732800000,68041.42000000,68086.00000000,67966.52000000,67983.50000000,199.56269000
2026-02-22T05:00:00+00:00,1771736400000,67983.50000000,68011.75000000,67881.81000000,67977.52000000,154.76424000
2026-02-22T06:00:00+00:00,1771740000000,67977.52000000,68178.79000000,67972.89000000,68038.13000000,303.09242000
2026-02-22T07:00:00+00:00,1771743600000,68038.14000000,68095.57000000,67990.50000000,68005.30000000,266.37265000
2026-02-22T08:00:00+00:00,1771747200000,68005.30000000,68019.46000000,67912.02000000,67950.10000000,183.66090000
2026-02-22T09:00:00+00:00,1771750800000,67950.11000000,68101.46000000,67948.74000000,68053.32000000,173.06503000
2026-02-22T10:00:00+00:00,1771754400000,68053.33000000,68153.20000000,68012.78000000,68129.56000000,204.92643000
2026-02-22T11:00:00+00:00,1771758000000,68129.57000000,68245.00000000,68129.56000000,68219.97000000,171.48901000
2026-02-22T12:00:00+00:00,1771761600000,68219.97000000,68232.40000000,67871.59000000,67928.22000000,372.42816000
2026-02-22T13:00:00+00:00,1771765200000,67928.23000000,68040.80000000,67571.08000000,67652.38000000,679.59468000
2026-02-22T14:00:00+00:00,1771768800000,67652.38000000,67682.47000000,67353.75000000,67443.89000000,825.57077000
2026-02-22T15:00:00+00:00,1771772400000,67443.89000000,67813.20000000,67303.50000000,67684.14000000,653.63970000
2026-02-22T16:00:00+00:00,1771776000000,67684.15000000,67718.13000000,67513.83000000,67632.76000000,299.27720000
2026-02-22T17:00:00+00:00,1771779600000,67632.76000000,67635.22000000,67190.00000000,67384.49000000,691.10182000
2026-02-22T18:00:00+00:00,1771783200000,67384.48000000,67461.41000000,67313.54000000,67422.62000000,362.52705000
2026-02-22T19:00:00+00:00,1771786800000,67422.63000000,67488.70000000,67403.37000000,67428.32000000,222.75597000
2026-02-22T20:00:00+00:00,1771790400000,67428.32000000,67491.96000000,67350.00000000,67401.74000000,272.50364000
2026-02-22T21:00:00+00:00,1771794000000,67401.74000000,67643.94000000,67401.74000000,67612.66000000,235.86316000
2026-02-22T22:00:00+00:00,1771797600000,67612.66000000,67751.44000000,67485.34000000,67666.16000000,369.66378000
2026-02-22T23:00:00+00:00,1771801200000,67666.16000000,67730.98000000,67469.58000000,67643.40000000,418.79352000
2026-02-23T00:00:00+00:00,1771804800000,67643.39000000,67684.86000000,66715.01000000,66740.47000000,765.22691000
2026-02-23T01:00:00+00:00,1771808400000,66740.47000000,66740.47000000,64290.71000000,64427.65000000,7324.06208000
2026-02-23T02:00:00+00:00,1771812000000,64427.64000000,64916.85000000,64325.98000000,64783.56000000,1843.25690000
2026-02-23T03:00:00+00:00,1771815600000,64783.56000000,65079.79000000,64700.00000000,64934.17000000,1090.11911000
2026-02-23T04:00:00+00:00,1771819200000,64934.18000000,65040.29000000,64685.64000000,64808.31000000,792.86138000
2026-02-23T05:00:00+00:00,1771822800000,64808.31000000,65294.80000000,64796.85000000,65070.90000000,1215.18940000
2026-02-23T06:00:00+00:00,1771826400000,65070.90000000,65802.09000000,65033.90000000,65757.32000000,1085.08146000
2026-02-23T07:00:00+00:00,1771830000000,65757.33000000,66015.22000000,65641.55000000,65958.94000000,1026.69503000
2026-02-23T08:00:00+00:00,1771833600000,65958.94000000,65958.94000000,65565.78000000,65676.44000000,895.54696000
2026-02-23T09:00:00+00:00,1771837200000,65676.44000000,66456.50000000,65672.76000000,66404.91000000,974.96031000
2026-02-23T10:00:00+00:00,1771840800000,66404.92000000,66600.00000000,66220.00000000,66319.69000000,789.04200000
2026-02-23T11:00:00+00:00,1771844400000,66319.69000000,66487.37000000,66114.22000000,66207.23000000,534.45165000
2026-02-23T12:00:00+00:00,1771848000000,66207.23000000,66511.51000000,65886.51000000,66280.40000000,754.07687000
2026-02-23T13:00:00+00:00,1771851600000,66280.40000000,66430.52000000,66103.35000000,66132.66000000,807.41354000
2026-02-23T14:00:00+00:00,1771855200000,66132.65000000,66264.95000000,65529.73000000,65923.53000000,971.74614000
2026-02-23T15:00:00+00:00,1771858800000,65923.52000000,66250.00000000,65579.53000000,65660.10000000,1263.10354000
2026-02-23T16:00:00+00:00,1771862400000,65660.10000000,65724.28000000,65178.83000000,65364.65000000,1502.46383000
2026-02-23T17:00:00+00:00,1771866000000,65364.66000000,65451.01000000,64152.04000000,64813.26000000,2524.78940000
2026-02-23T18:00:00+00:00,1771869600000,64813.27000000,65194.51000000,64586.00000000,64635.49000000,994.68933000
2026-02-23T19:00:00+00:00,1771873200000,64635.49000000,64855.18000000,64048.71000000,64295.10000000,2158.00321000
2026-02-23T20:00:00+00:00,1771876800000,64295.11000000,64487.94000000,63888.79000000,64473.14000000,1313.21455000
2026-02-23T21:00:00+00:00,1771880400000,64473.14000000,64783.54000000,64459.44000000,64580.66000000,593.24685000
2026-02-23T22:00:00+00:00,1771884000000,64580.66000000,65035.98000000,64555.59000000,64725.56000000,1451.85665000
2026-02-23T23:00:00+00:00,1771887600000,64725.56000000,64900.63000000,64538.90000000,64656.02000000,404.81213000
2026-02-24T00:00:00+00:00,1771891200000,64656.01000000,65026.75000000,64656.01000000,64941.43000000,437.59997000
2026-02-24T01:00:00+00:00,1771894800000,64941.42000000,64941.42000000,63433.84000000,64160.27000000,2402.75927000
2026-02-24T02:00:00+00:00,1771898400000,64160.26000000,64500.00000000,64000.00000000,64109.81000000,599.63527000
2026-02-24T03:00:00+00:00,1771902000000,64109.80000000,64109.80000000,63342.90000000,63595.51000000,1312.76931000
2026-02-24T04:00:00+00:00,1771905600000,63595.51000000,63628.52000000,62868.69000000,63378.84000000,2096.91050000
2026-02-24T05:00:00+00:00,1771909200000,63378.84000000,63551.58000000,62700.80000000,63104.79000000,1274.07037000
2026-02-24T06:00:00+00:00,1771912800000,63104.79000000,63322.28000000,62900.00000000,63082.79000000,677.94768000
2026-02-24T07:00:00+00:00,1771916400000,63082.79000000,63367.20000000,62866.42000000,63192.96000000,890.96125000
2026-02-24T08:00:00+00:00,1771920000000,63192.79000000,63444.66000000,63009.92000000,63392.15000000,669.14656000
2026-02-24T09:00:00+00:00,1771923600000,63392.15000000,63411.80000000,62908.92000000,63249.99000000,657.17066000
2026-02-24T10:00:00+00:00,1771927200000,63250.00000000,63369.71000000,63112.70000000,63284.50000000,447.19211000
2026-02-24T11:00:00+00:00,1771930800000,63284.51000000,63317.95000000,63063.63000000,63227.10000000,461.08382000
2026-02-24T12:00:00+00:00,1771934400000,63227.11000000,63343.59000000,62965.21000000,62969.05000000,642.15852000
2026-02-24T13:00:00+00:00,1771938000000,62969.04000000,63100.00000000,62510.28000000,62900.00000000,2362.19948000
2026-02-24T14:00:00+00:00,1771941600000,62900.01000000,63834.21000000,62762.03000000,63453.99000000,1408.18955000
2026-02-24T15:00:00+00:00,1771945200000,63454.00000000,64031.76000000,63300.00000000,63973.97000000,1127.10688000
2026-02-24T16:00:00+00:00,1771948800000,63973.98000000,64428.90000000,63689.54000000,64265.52000000,1423.20973000
2026-02-24T17:00:00+00:00,1771952400000,64265.53000000,64520.00000000,64042.80000000,64219.71000000,1017.32505000
2026-02-24T18:00:00+00:00,1771956000000,64219.70000000,64500.00000000,63872.72000000,64435.06000000,809.89318000
2026-02-24T19:00:00+00:00,1771959600000,64435.05000000,64743.11000000,64250.52000000,64435.03000000,722.29463000
2026-02-24T20:00:00+00:00,1771963200000,64435.03000000,64591.99000000,64318.03000000,64472.90000000,409.22444000
2026-02-24T21:00:00+00:00,1771966800000,64472.90000000,64472.90000000,63820.50000000,64042.66000000,576.40912000
2026-02-24T22:00:00+00:00,1771970400000,64042.66000000,64227.81000000,63973.79000000,64120.95000000,288.16182000
2026-02-24T23:00:00+00:00,1771974000000,64120.96000000,64248.65000000,63853.99000000,64058.15000000,389.41705000
2026-02-25T00:00:00+00:00,1771977600000,64058.15000000,64319.29000000,63913.27000000,64224.30000000,292.38037000
2026-02-25T01:00:00+00:00,1771981200000,64224.29000000,66300.00000000,64145.20000000,65896.75000000,2840.08056000
2026-02-25T02:00:00+00:00,1771984800000,65896.74000000,66310.00000000,65866.66000000,65884.83000000,1252.91602000
2026-02-25T03:00:00+00:00,1771988400000,65884.84000000,65955.87000000,65350.28000000,65391.73000000,801.79518000
2026-02-25T04:00:00+00:00,1771992000000,65391.74000000,65650.00000000,65116.65000000,65457.99000000,723.49717000
2026-02-25T05:00:00+00:00,1771995600000,65458.00000000,65511.21000000,64755.26000000,64882.76000000,831.61343000
2026-02-25T06:00:00+00:00,1771999200000,64882.77000000,65124.04000000,64865.78000000,64898.22000000,394.76962000
2026-02-25T07:00:00+00:00,1772002800000,64898.22000000,65193.25000000,64781.18000000,65028.30000000,682.59011000
2026-02-25T08:00:00+00:00,1772006400000,65028.30000000,65586.87000000,64955.79000000,65530.49000000,694.36389000
2026-02-25T09:00:00+00:00,1772010000000,65530.48000000,65692.62000000,65396.47000000,65558.71000000,545.80832000
2026-02-25T10:00:00+00:00,1772013600000,65558.71000000,65648.74000000,65345.00000000,65400.87000000,315.12553000
2026-02-25T11:00:00+00:00,1772017200000,65400.87000000,65485.91000000,65200.80000000,65430.04000000,442.60010000
2026-02-25T12:00:00+00:00,1772020800000,65430.04000000,66240.00000000,65324.62000000,66068.94000000,1316.71816000
2026-02-25T13:00:00+00:00,1772024400000,66068.94000000,66684.10000000,66025.39000000,66248.62000000,1860.04287000
2026-02-25T14:00:00+00:00,1772028000000,66248.63000000,67009.78000000,66202.66000000,66973.20000000,2180.16784000
2026-02-25T15:00:00+00:00,1772031600000,66973.19000000,67578.00000000,66715.13000000,67412.33000000,2522.90832000
2026-02-25T16:00:00+00:00,1772035200000,67412.32000000,68332.00000000,67404.00000000,68297.35000000,2059.42933000
2026-02-25T17:00:00+00:00,1772038800000,68297.35000000,68879.96000000,68016.53000000,68674.20000000,2463.18666000
2026-02-25T18:00:00+00:00,1772042400000,68674.20000000,69550.00000000,68373.33000000,69328.07000000,2105.00773000
2026-02-25T19:00:00+00:00,1772046000000,69328.06000000,69406.93000000,68764.94000000,69038.26000000,1672.83962000
2026-02-25T20:00:00+00:00,1772049600000,69038.26000000,69374.95000000,68619.22000000,69148.69000000,1076.93003000
2026-02-25T21:00:00+00:00,1772053200000,69148.69000000,69988.83000000,68773.83000000,68919.72000000,1562.11950000
2026-02-25T22:00:00+00:00,1772056800000,68919.72000000,69176.00000000,68055.91000000,68432.13000000,1092.88431000
2026-02-25T23:00:00+00:00,1772060400000,68432.13000000,68696.97000000,67600.00000000,67988.04000000,1020.21792000
2026-02-26T00:00:00+00:00,1772064000000,67988.04000000,68539.17000000,67727.52000000,68335.99000000,1134.56842000
2026-02-26T01:00:00+00:00,1772067600000,68335.99000000,68700.00000000,68210.35000000,68248.30000000,619.19035000
2026-02-26T02:00:00+00:00,1772071200000,68248.30000000,68351.00000000,67779.93000000,68257.45000000,833.19410000
2026-02-26T03:00:00+00:00,1772074800000,68257.46000000,68379.59000000,68044.18000000,68216.86000000,408.51743000
2026-02-26T04:00:00+00:00,1772078400000,68216.87000000,68860.00000000,68179.62000000,68571.36000000,587.55874000
2026-02-26T05:00:00+00:00,1772082000000,68571.36000000,68571.37000000,68127.58000000,68443.81000000,486.81983000
2026-02-26T06:00:00+00:00,1772085600000,68443.82000000,68522.00000000,68042.90000000,68176.75000000,618.63359000
2026-02-26T07:00:00+00:00,1772089200000,68176.75000000,68290.18000000,67817.87000000,67825.04000000,840.14406000
2026-02-26T08:00:00+00:00,1772092800000,67825.05000000,68236.00000000,67792.00000000,67954.01000000,761.69108000
2026-02-26T09:00:00+00:00,1772096400000,67954.00000000,68644.59000000,67933.25000000,68589.41000000,1095.31619000
2026-02-26T10:00:00+00:00,1772100000000,68589.41000000,68722.64000000,68257.64000000,68301.62000000,688.66072000
2026-02-26T11:00:00+00:00,1772103600000,68301.61000000,68404.25000000,67965.46000000,68051.31000000,722.94931000
2026-02-26T12:00:00+00:00,1772107200000,68051.30000000,68303.83000000,68009.88000000,68171.56000000,642.07881000
2026-02-26T13:00:00+00:00,1772110800000,68171.55000000,68213.98000000,67848.69000000,67905.35000000,698.96783000
2026-02-26T14:00:00+00:00,1772114400000,67905.34000000,68272.21000000,67264.22000000,67697.74000000,1769.26733000
2026-02-26T15:00:00+00:00,1772118000000,67696.89000000,67743.36000000,66761.16000000,67382.00000000,2095.88140000
2026-02-26T16:00:00+00:00,1772121600000,67382.00000000,67566.85000000,66500.00000000,66643.55000000,2050.20093000
2026-02-26T17:00:00+00:00,1772125200000,66643.56000000,67044.10000000,66600.46000000,66826.80000000,885.82755000
2026-02-26T18:00:00+00:00,1772128800000,66826.80000000,67373.90000000,66575.73000000,67310.53000000,1058.47196000
2026-02-26T19:00:00+00:00,1772132400000,67310.53000000,67903.12000000,67285.99000000,67589.22000000,1235.95013000
2026-02-26T20:00:00+00:00,1772136000000,67589.21000000,67831.11000000,67269.42000000,67414.07000000,597.88987000
2026-02-26T21:00:00+00:00,1772139600000,67414.07000000,67575.97000000,67150.14000000,67463.65000000,299.84732000
2026-02-26T22:00:00+00:00,1772143200000,67463.65000000,67630.22000000,67301.75000000,67572.30000000,291.63360000
2026-02-26T23:00:00+00:00,1772146800000,67572.30000000,67656.11000000,67390.65000000,67485.18000000,314.51737000
2026-02-27T00:00:00+00:00,1772150400000,67485.19000000,67537.84000000,67000.00000000,67226.50000000,462.91030000
2026-02-27T01:00:00+00:00,1772154000000,67226.50000000,67398.86000000,66885.00000000,67352.26000000,818.15438000
2026-02-27T02:00:00+00:00,1772157600000,67352.26000000,67546.15000000,67263.56000000,67266.58000000,463.09611000
2026-02-27T03:00:00+00:00,1772161200000,67266.58000000,67712.16000000,67099.71000000,67600.84000000,415.67371000
2026-02-27T04:00:00+00:00,1772164800000,67600.84000000,68216.80000000,67578.67000000,67747.49000000,1318.53811000
2026-02-27T05:00:00+00:00,1772168400000,67747.49000000,67924.00000000,67683.30000000,67724.99000000,411.56603000
2026-02-27T06:00:00+00:00,1772172000000,67725.00000000,67823.90000000,67525.46000000,67658.14000000,398.60368000
2026-02-27T07:00:00+00:00,1772175600000,67658.14000000,67774.48000000,67459.30000000,67690.60000000,896.56486000
2026-02-27T08:00:00+00:00,1772179200000,67690.60000000,68079.83000000,67655.86000000,67926.24000000,712.98047000
2026-02-27T09:00:00+00:00,1772182800000,67926.25000000,68149.93000000,67284.22000000,67355.73000000,1377.29020000
2026-02-27T10:00:00+00:00,1772186400000,67355.72000000,67416.78000000,66574.00000000,66604.91000000,1414.83211000
2026-02-27T11:00:00+00:00,1772190000000,66604.90000000,66778.68000000,65960.01000000,66126.99000000,1399.59256000
2026-02-27T12:00:00+00:00,1772193600000,66126.99000000,66217.42000000,65734.71000000,65928.01000000,1855.03329000
2026-02-27T13:00:00+00:00,1772197200000,65928.01000000,66344.90000000,65649.34000000,66270.55000000,1278.55317000
2026-02-27T14:00:00+00:00,1772200800000,66270.55000000,66334.87000000,65686.64000000,65887.59000000,1404.23206000
2026-02-27T15:00:00+00:00,1772204400000,65887.59000000,66311.11000000,65845.18000000,66095.40000000,957.11978000
2026-02-27T16:00:00+00:00,1772208000000,66095.40000000,66121.03000000,65462.93000000,65475.21000000,1135.56487000
2026-02-27T17:00:00+00:00,1772211600000,65475.21000000,65765.06000000,65113.72000000,65703.19000000,1265.39709000
2026-02-27T18:00:00+00:00,1772215200000,65703.18000000,65788.07000000,65228.33000000,65314.76000000,623.00837000
2026-02-27T19:00:00+00:00,1772218800000,65314.76000000,65457.35000000,65172.60000000,65392.18000000,851.95591000
2026-02-27T20:00:00+00:00,1772222400000,65392.18000000,65666.66000000,65392.18000000,65594.67000000,444.86468000
2026-02-27T21:00:00+00:00,1772226000000,65594.67000000,65749.94000000,65400.00000000,65527.59000000,282.65640000
2026-02-27T22:00:00+00:00,1772229600000,65527.59000000,65673.33000000,64914.46000000,65637.99000000,713.53490000
2026-02-27T23:00:00+00:00,1772233200000,65638.00000000,65953.20000000,65551.67000000,65872.10000000,326.86120000
2026-02-28T00:00:00+00:00,1772236800000,65872.09000000,66025.52000000,65721.13000000,65942.00000000,334.42449000
2026-02-28T01:00:00+00:00,1772240400000,65942.01000000,65971.93000000,65743.71000000,65770.36000000,267.81274000
2026-02-28T02:00:00+00:00,1772244000000,65770.36000000,66018.85000000,65761.94000000,65961.13000000,204.09288000
2026-02-28T03:00:00+00:00,1772247600000,65961.13000000,65982.34000000,65745.39000000,65797.42000000,239.41397000
2026-02-28T04:00:00+00:00,1772251200000,65797.42000000,65818.44000000,65488.00000000,65663.20000000,311.53682000
2026-02-28T05:00:00+00:00,1772254800000,65663.21000000,65729.65000000,65500.00000000,65591.03000000,300.20395000
2026-02-28T06:00:00+00:00,1772258400000,65591.03000000,65591.04000000,63030.00000000,63216.01000000,3175.19445000
2026-02-28T07:00:00+00:00,1772262000000,63216.01000000,64327.22000000,63038.00000000,63826.00000000,2127.97927000
2026-02-28T08:00:00+00:00,1772265600000,63825.99000000,63877.09000000,63411.39000000,63473.28000000,1118.13838000
2026-02-28T09:00:00+00:00,1772269200000,63473.27000000,64005.35000000,63372.10000000,63658.54000000,737.11739000
2026-02-28T10:00:00+00:00,1772272800000,63658.55000000,64053.93000000,63452.64000000,64010.39000000,1633.42712000
2026-02-28T11:00:00+00:00,1772276400000,64010.38000000,64307.44000000,63791.25000000,63844.20000000,1245.63976000
2026-02-28T12:00:00+00:00,1772280000000,63844.20000000,64082.66000000,63827.20000000,64017.19000000,474.84169000
2026-02-28T13:00:00+00:00,1772283600000,64017.18000000,65216.97000000,63888.89000000,65106.44000000,1748.13055000
2026-02-28T14:00:00+00:00,1772287200000,65106.45000000,65360.51000000,64278.50000000,64435.61000000,1331.97244000
2026-02-28T15:00:00+00:00,1772290800000,64435.62000000,65020.75000000,64200.00000000,64841.18000000,731.53889000
2026-02-28T16:00:00+00:00,1772294400000,64841.17000000,65206.25000000,64681.81000000,65094.30000000,500.23365000
2026-02-28T17:00:00+00:00,1772298000000,65094.29000000,65555.00000000,64828.03000000,65442.62000000,595.58409000
2026-02-28T18:00:00+00:00,1772301600000,65442.61000000,66157.61000000,65185.70000000,65911.84000000,830.58148000
2026-02-28T19:00:00+00:00,1772305200000,65911.83000000,66666.65000000,65602.65000000,66362.01000000,1072.73124000
2026-02-28T20:00:00+00:00,1772308800000,66362.01000000,67151.68000000,66190.61000000,66959.62000000,840.13263000
2026-02-28T21:00:00+00:00,1772312400000,66959.63000000,67055.56000000,66368.42000000,66723.22000000,934.75984000
2026-02-28T22:00:00+00:00,1772316000000,66723.23000000,67760.00000000,66608.82000000,67103.64000000,1310.09118000
2026-02-28T23:00:00+00:00,1772319600000,67103.63000000,67210.00000000,66733.73000000,66973.26000000,483.13759000
2026-03-01T00:00:00+00:00,1772323200000,66973.26000000,67121.80000000,66620.50000000,66791.29000000,560.35194000
2026-03-01T01:00:00+00:00,1772326800000,66791.29000000,67703.32000000,66042.72000000,67339.36000000,1630.19028000
2026-03-01T02:00:00+00:00,1772330400000,67339.36000000,68199.99000000,67339.36000000,67620.65000000,1861.82270000
2026-03-01T03:00:00+00:00,1772334000000,67620.65000000,67813.33000000,67400.00000000,67502.16000000,637.99716000
2026-03-01T04:00:00+00:00,1772337600000,67502.16000000,67612.14000000,67079.36000000,67346.50000000,631.60541000
2026-03-01T05:00:00+00:00,1772341200000,67346.50000000,67574.65000000,67200.00000000,67292.09000000,437.89406000
2026-03-01T06:00:00+00:00,1772344800000,67292.08000000,67345.80000000,66749.35000000,66926.68000000,1159.96329000
2026-03-01T07:00:00+00:00,1772348400000,66926.69000000,67235.72000000,66784.58000000,67141.39000000,937.93278000
2026-03-01T08:00:00+00:00,1772352000000,67141.40000000,67292.30000000,66389.33000000,66560.14000000,1475.81311000
2026-03-01T09:00:00+00:00,1772355600000,66560.14000000,66771.10000000,66246.95000000,66410.08000000,815.73368000
2026-03-01T10:00:00+00:00,1772359200000,66410.09000000,66731.47000000,66215.71000000,66467.06000000,621.17753000
2026-03-01T11:00:00+00:00,1772362800000,66467.07000000,66661.61000000,66372.27000000,66468.03000000,338.19615000
2026-03-01T12:00:00+00:00,1772366400000,66468.04000000,66550.00000000,66241.97000000,66296.48000000,388.82935000
2026-03-01T13:00:00+00:00,1772370000000,66296.48000000,67360.57000000,66132.27000000,66934.79000000,1311.02111000
2026-03-01T14:00:00+00:00,1772373600000,66934.80000000,67320.19000000,66752.58000000,66847.80000000,911.62631000
2026-03-01T15:00:00+00:00,1772377200000,66847.80000000,67243.69000000,66828.60000000,66842.42000000,1028.55576000
2026-03-01T16:00:00+00:00,1772380800000,66842.42000000,67112.37000000,65730.28000000,66135.45000000,1500.74296000
2026-03-01T17:00:00+00:00,1772384400000,66135.45000000,66219.77000000,65699.98000000,65979.61000000,952.19730000
2026-03-01T18:00:00+00:00,1772388000000,65979.61000000,66657.44000000,65979.61000000,66316.83000000,906.08265000
2026-03-01T19:00:00+00:00,1772391600000,66316.84000000,66345.95000000,65772.29000000,65962.17000000,541.15631000
2026-03-01T20:00:00+00:00,1772395200000,65962.16000000,65962.16000000,65084.02000000,65300.00000000,961.21349000
2026-03-01T21:00:00+00:00,1772398800000,65300.01000000,65756.50000000,65281.83000000,65666.20000000,996.50526000
2026-03-01T22:00:00+00:00,1772402400000,65666.19000000,66491.43000000,65056.00000000,65268.71000000,1763.29476000
2026-03-01T23:00:00+00:00,1772406000000,65268.71000000,66080.00000000,65125.67000000,65776.47000000,831.95524000
2026-03-02T00:00:00+00:00,1772409600000,65776.48000000,66796.44000000,65761.04000000,66501.52000000,990.08260000
2026-03-02T01:00:00+00:00,1772413200000,66501.52000000,67079.00000000,66358.45000000,66532.02000000,886.93071000
2026-03-02T02:00:00+00:00,1772416800000,66532.02000000,66609.94000000,65890.50000000,66276.77000000,554.16265000
2026-03-02T03:00:00+00:00,1772420400000,66276.77000000,67037.22000000,66101.07000000,66820.03000000,509.41240000
2026-03-02T04:00:00+00:00,1772424000000,66820.03000000,66975.74000000,66633.13000000,66862.12000000,750.65203000
2026-03-02T05:00:00+00:00,1772427600000,66862.11000000,66995.64000000,66547.81000000,66730.78000000,887.19458000
2026-03-02T06:00:00+00:00,1772431200000,66730.78000000,66739.45000000,66062.83000000,66204.90000000,677.75967000
2026-03-02T07:00:00+00:00,1772434800000,66204.90000000,66209.46000000,65542.60000000,66007.52000000,1294.85905000
2026-03-02T08:00:00+00:00,1772438400000,66007.80000000,66306.00000000,65654.54000000,66282.00000000,1104.41132000
2026-03-02T09:00:00+00:00,1772442000000,66281.99000000,66720.84000000,66164.96000000,66168.62000000,1786.28426000
2026-03-02T10:00:00+00:00,1772445600000,66168.61000000,66381.74000000,66079.24000000,66316.40000000,436.29038000
2026-03-02T11:00:00+00:00,1772449200000,66316.39000000,66462.40000000,66003.59000000,66359.68000000,1034.77975000
2026-03-02T12:00:00+00:00,1772452800000,66359.67000000,66391.38000000,65874.92000000,65963.43000000,763.09374000
2026-03-02T13:00:00+00:00,1772456400000,65963.43000000,66157.28000000,65350.00000000,65440.01000000,1576.81345000
2026-03-02T14:00:00+00:00,1772460000000,65440.01000000,67220.81000000,65259.21000000,67177.06000000,3015.13713000
2026-03-02T15:00:00+00:00,1772463600000,67177.05000000,69617.74000000,66975.29000000,69130.20000000,5476.56874000
2026-03-02T16:00:00+00:00,1772467200000,69130.20000000,70096.00000000,68933.69000000,69428.62000000,3440.03188000
2026-03-02T17:00:00+00:00,1772470800000,69428.62000000,69578.00000000,68793.88000000,69198.00000000,1445.44150000
2026-03-02T18:00:00+00:00,1772474400000,69198.00000000,69268.15000000,68727.83000000,68877.67000000,1055.74310000
2026-03-02T19:00:00+00:00,1772478000000,68877.67000000,69049.32000000,68576.18000000,68966.53000000,886.89114000
2026-03-02T20:00:00+00:00,1772481600000,68966.52000000,69505.00000000,68584.90000000,69106.58000000,1028.13825000
2026-03-02T21:00:00+00:00,1772485200000,69106.58000000,69539.77000000,69000.71000000,69413.82000000,441.38382000
2026-03-02T22:00:00+00:00,1772488800000,69413.82000000,69501.62000000,69136.36000000,69440.49000000,1330.59238000
2026-03-02T23:00:00+00:00,1772492400000,69440.48000000,69479.58000000,68740.00000000,68830.06000000,637.72978000
2026-03-03T00:00:00+00:00,1772496000000,68830.06000000,69166.61000000,68644.38000000,69092.88000000,602.91075000
2026-03-03T01:00:00+00:00,1772499600000,69092.89000000,69258.08000000,68755.00000000,68760.01000000,452.46998000
2026-03-03T02:00:00+00:00,1772503200000,68760.01000000,68774.13000000,68210.71000000,68512.17000000,848.26905000
2026-03-03T03:00:00+00:00,1772506800000,68512.17000000,68550.00000000,68231.47000000,68377.94000000,458.44735000
2026-03-03T04:00:00+00:00,1772510400000,68377.94000000,68454.63000000,68050.11000000,68123.20000000,436.46143000
2026-03-03T05:00:00+00:00,1772514000000,68123.19000000,68617.42000000,67845.84000000,67947.75000000,913.85345000
2026-03-03T06:00:00+00:00,1772517600000,67947.75000000,68250.24000000,67800.00000000,68106.73000000,821.19287000
2026-03-03T07:00:00+00:00,1772521200000,68106.73000000,68275.20000000,67951.24000000,68172.80000000,1165.60519000
2026-03-03T08:00:00+00:00,1772524800000,68172.79000000,68311.83000000,66905.00000000,67003.30000000,1883.45220000
2026-03-03T09:00:00+00:00,1772528400000,67003.30000000,67184.71000000,66340.14000000,66647.98000000,1767.88336000
2026-03-03T10:00:00+00:00,1772532000000,66647.98000000,67030.75000000,66440.46000000,66860.30000000,1159.50732000
2026-03-03T11:00:00+00:00,1772535600000,66860.30000000,67166.50000000,66779.37000000,67026.61000000,1271.91624000
2026-03-03T12:00:00+00:00,1772539200000,67026.60000000,67973.20000000,67025.93000000,67399.85000000,1323.51079000
2026-03-03T13:00:00+00:00,1772542800000,67399.85000000,67435.00000000,66635.30000000,66931.31000000,709.75818000
2026-03-03T14:00:00+00:00,1772546400000,66931.32000000,67603.94000000,66158.00000000,66568.95000000,1714.82463000
2026-03-03T15:00:00+00:00,1772550000000,66568.95000000,67834.93000000,66471.79000000,67725.81000000,1695.19520000
2026-03-03T16:00:00+00:00,1772553600000,67725.82000000,68999.00000000,67473.09000000,68175.90000000,2581.91143000
2026-03-03T17:00:00+00:00,1772557200000,68175.89000000,68400.00000000,67626.53000000,68318.66000000,982.14848000
2026-03-03T18:00:00+00:00,1772560800000,68318.66000000,68914.01000000,67976.47000000,68628.49000000,974.13002000
2026-03-03T19:00:00+00:00,1772564400000,68628.50000000,68888.88000000,68312.83000000,68435.00000000,946.51026000
2026-03-03T20:00:00+00:00,1772568000000,68435.00000000,68591.24000000,68092.10000000,68266.00000000,592.99873000
2026-03-03T21:00:00+00:00,1772571600000,68265.99000000,68265.99000000,67832.30000000,68024.62000000,519.92364000
2026-03-03T22:00:00+00:00,1772575200000,68024.63000000,68524.54000000,68024.62000000,68327.20000000,573.87256000
2026-03-03T23:00:00+00:00,1772578800000,68327.20000000,68860.00000000,68245.64000000,68338.00000000,575.48869000
2026-03-04T00:00:00+00:00,1772582400000,68338.01000000,68413.90000000,67857.61000000,68093.19000000,767.61923000
2026-03-04T01:00:00+00:00,1772586000000,68093.20000000,68909.34000000,67963.28000000,68405.00000000,1294.62328000
2026-03-04T02:00:00+00:00,1772589600000,68405.00000000,68447.72000000,67984.56000000,68323.33000000,798.11328000
2026-03-04T03:00:00+00:00,1772593200000,68323.33000000,68383.63000000,67400.00000000,67732.20000000,954.50771000
2026-03-04T04:00:00+00:00,1772596800000,67732.19000000,67954.89000000,67467.60000000,67786.00000000,1066.38980000
2026-03-04T05:00:00+00:00,1772600400000,67786.00000000,68397.84000000,67682.64000000,68206.59000000,666.28769000
2026-03-04T06:00:00+00:00,1772604000000,68206.58000000,68678.76000000,68048.63000000,68508.02000000,1288.48108000
2026-03-04T07:00:00+00:00,1772607600000,68508.02000000,69668.00000000,68349.49000000,69493.13000000,2067.68212000
2026-03-04T08:00:00+00:00,1772611200000,69493.14000000,71163.00000000,69098.91000000,71011.40000000,4675.35650000
2026-03-04T09:00:00+00:00,1772614800000,71011.40000000,71893.00000000,70724.26000000,71520.76000000,4196.19004000
2026-03-04T10:00:00+00:00,1772618400000,71520.76000000,71878.17000000,71200.00000000,71348.92000000,2079.39146000
2026-03-04T11:00:00+00:00,1772622000000,71348.92000000,71499.75000000,70928.25000000,71111.40000000,1195.15977000
2026-03-04T12:00:00+00:00,1772625600000,71111.40000000,71364.14000000,70588.00000000,71339.71000000,1486.53558000
2026-03-04T13:00:00+00:00,1772629200000,71339.72000000,71624.99000000,71214.40000000,71477.17000000,1568.26840000
2026-03-04T14:00:00+00:00,1772632800000,71477.17000000,72633.00000000,71300.10000000,71621.04000000,4139.07950000
2026-03-04T15:00:00+00:00,1772636400000,71621.03000000,73479.75000000,71580.62000000,73396.88000000,4184.35996000
2026-03-04T16:00:00+00:00,1772640000000,73396.87000000,73500.00000000,72541.69000000,73294.84000000,2627.55973000
2026-03-04T17:00:00+00:00,1772643600000,73294.84000000,73759.99000000,72932.80000000,73218.92000000,2258.87830000
2026-03-04T18:00:00+00:00,1772647200000,73218.93000000,73700.00000000,72912.11000000,73693.50000000,1121.53690000
2026-03-04T19:00:00+00:00,1772650800000,73693.50000000,74050.00000000,73516.00000000,73611.10000000,2657.03129000
2026-03-04T20:00:00+00:00,1772654400000,73611.67000000,73716.00000000,73001.05000000,73019.68000000,904.52712000
2026-03-04T21:00:00+00:00,1772658000000,73019.69000000,73322.93000000,72878.00000000,73309.72000000,836.52696000
2026-03-04T22:00:00+00:00,1772661600000,73309.73000000,73523.31000000,72638.29000000,72705.86000000,894.79856000
2026-03-04T23:00:00+00:00,1772665200000,72705.86000000,72880.88000000,72313.04000000,72666.77000000,1190.17184000
2026-03-05T00:00:00+00:00,1772668800000,72666.77000000,73000.00000000,72553.65000000,72760.00000000,1004.77646000
2026-03-05T01:00:00+00:00,1772672400000,72759.99000000,73306.82000000,72409.10000000,72538.72000000,821.18852000
2026-03-05T02:00:00+00:00,1772676000000,72538.72000000,72916.50000000,72336.76000000,72506.19000000,628.62779000
2026-03-05T03:00:00+00:00,1772679600000,72506.18000000,72750.00000000,72344.51000000,72497.89000000,668.37206000
2026-03-05T04:00:00+00:00,1772683200000,72497.89000000,73081.08000000,72447.96000000,72815.70000000,750.00710000
2026-03-05T05:00:00+00:00,1772686800000,72815.70000000,72912.82000000,72260.74000000,72412.15000000,1085.89796000
2026-03-05T06:00:00+00:00,1772690400000,72412.15000000,72655.23000000,72037.56000000,72553.62000000,1063.10490000
2026-03-05T07:00:00+00:00,1772694000000,72553.63000000,72675.07000000,71759.95000000,72055.50000000,1447.01462000
2026-03-05T08:00:00+00:00,1772697600000,72055.50000000,72370.21000000,71757.17000000,72333.70000000,1421.17898000
2026-03-05T09:00:00+00:00,1772701200000,72333.70000000,72875.85000000,72298.83000000,72591.59000000,1160.78148000
2026-03-05T10:00:00+00:00,1772704800000,72591.59000000,73558.15000000,72517.06000000,73388.92000000,1589.26780000
2026-03-05T11:00:00+00:00,1772708400000,73388.91000000,73449.96000000,72766.75000000,72915.79000000,2091.15218000
2026-03-05T12:00:00+00:00,1772712000000,72915.80000000,73063.38000000,72666.93000000,72890.73000000,729.99152000
2026-03-05T13:00:00+00:00,1772715600000,72890.73000000,72935.30000000,72189.70000000,72467.79000000,1108.98859000
2026-03-05T14:00:00+00:00,1772719200000,72467.79000000,72835.73000000,71944.18000000,72609.29000000,1446.63499000
2026-03-05T15:00:00+00:00,1772722800000,72609.30000000,72770.00000000,71168.65000000,71652.77000000,2321.94313000
2026-03-05T16:00:00+00:00,1772726400000,71652.77000000,71654.65000000,70786.06000000,71305.92000000,1736.25108000
2026-03-05T17:00:00+00:00,1772730000000,71305.92000000,71572.00000000,70645.47000000,70704.41000000,1223.37093000
2026-03-05T18:00:00+00:00,1772733600000,70703.37000000,71090.32000000,70656.63000000,70990.65000000,720.55573000
2026-03-05T19:00:00+00:00,1772737200000,70990.66000000,71430.78000000,70870.00000000,70918.07000000,626.47744000
2026-03-05T20:00:00+00:00,1772740800000,70918.08000000,71394.45000000,70840.00000000,71236.51000000,496.74041000
2026-03-05T21:00:00+00:00,1772744400000,71236.51000000,71572.30000000,71023.52000000,71141.93000000,546.48691000
2026-03-05T22:00:00+00:00,1772748000000,71141.93000000,71364.45000000,71074.45000000,71208.54000000,834.62565000
2026-03-05T23:00:00+00:00,1772751600000,71208.54000000,71292.44000000,70777.00000000,70890.72000000,1067.07630000
2026-03-06T00:00:00+00:00,1772755200000,70891.02000000,71047.95000000,70784.00000000,70988.19000000,673.46080000
2026-03-06T01:00:00+00:00,1772758800000,70988.19000000,71301.74000000,70344.03000000,71257.20000000,1057.89391000
2026-03-06T02:00:00+00:00,1772762400000,71257.20000000,71419.98000000,71036.00000000,71252.43000000,752.48392000
2026-03-06T03:00:00+00:00,1772766000000,71252.43000000,71305.42000000,71000.00000000,71080.38000000,548.09403000
2026-03-06T04:00:00+00:00,1772769600000,71080.37000000,71120.17000000,70270.21000000,70613.61000000,667.82412000
2026-03-06T05:00:00+00:00,1772773200000,70613.61000000,70658.01000000,70143.19000000,70436.19000000,966.11543000
2026-03-06T06:00:00+00:00,1772776800000,70436.18000000,70853.37000000,70261.23000000,70597.23000000,672.31367000
2026-03-06T07:00:00+00:00,1772780400000,70597.23000000,71192.76000000,70468.97000000,71056.44000000,782.05786000
2026-03-06T08:00:00+00:00,1772784000000,71056.44000000,71067.58000000,70735.85000000,70789.49000000,569.42569000
2026-03-06T09:00:00+00:00,1772787600000,70789.49000000,70808.65000000,70300.00000000,70565.56000000,637.97560000
2026-03-06T10:00:00+00:00,1772791200000,70565.56000000,70800.00000000,70467.88000000,70527.93000000,469.81877000
2026-03-06T11:00:00+00:00,1772794800000,70527.93000000,70643.27000000,70184.01000000,70212.95000000,763.93539000
2026-03-06T12:00:00+00:00,1772798400000,70212.94000000,70224.84000000,69660.00000000,69907.00000000,1907.43626000
2026-03-06T13:00:00+00:00,1772802000000,69907.00000000,70341.76000000,69208.00000000,69208.00000000,2069.72961000
2026-03-06T14:00:00+00:00,1772805600000,69213.18000000,69273.87000000,68176.47000000,68409.89000000,3148.50679000
2026-03-06T15:00:00+00:00,1772809200000,68409.89000000,69100.00000000,68306.00000000,68504.71000000,1428.68549000
2026-03-06T16:00:00+00:00,1772812800000,68504.71000000,68795.44000000,68222.00000000,68446.52000000,955.00949000
2026-03-06T17:00:00+00:00,1772816400000,68446.52000000,68642.69000000,67744.78000000,67955.10000000,1236.78923000
2026-03-06T18:00:00+00:00,1772820000000,67955.10000000,68476.47000000,67955.10000000,68181.20000000,514.98068000
2026-03-06T19:00:00+00:00,1772823600000,68181.20000000,68485.01000000,68004.15000000,68131.79000000,617.63492000
2026-03-06T20:00:00+00:00,1772827200000,68131.79000000,68285.71000000,67777.00000000,68111.03000000,668.61830000
2026-03-06T21:00:00+00:00,1772830800000,68111.03000000,68333.33000000,67919.72000000,68289.10000000,604.80896000
2026-03-06T22:00:00+00:00,1772834400000,68289.11000000,68440.92000000,68221.38000000,68319.89000000,304.91261000
2026-03-06T23:00:00+00:00,1772838000000,68319.90000000,68371.24000000,68105.71000000,68114.02000000,611.37569000
2026-03-07T00:00:00+00:00,1772841600000,68114.02000000,68394.09000000,68105.73000000,68290.45000000,653.38105000
2026-03-07T01:00:00+00:00,1772845200000,68290.46000000,68369.11000000,68180.95000000,68262.01000000,316.06145000
2026-03-07T02:00:00+00:00,1772848800000,68262.01000000,68367.73000000,68060.60000000,68350.04000000,316.96409000
2026-03-07T03:00:00+00:00,1772852400000,68350.05000000,68551.04000000,68095.50000000,68095.50000000,450.32011000
2026-03-07T04:00:00+00:00,1772856000000,68095.50000000,68147.73000000,67817.00000000,68063.43000000,621.66509000
2026-03-07T05:00:00+00:00,1772859600000,68063.42000000,68140.49000000,67908.00000000,68018.26000000,493.88772000
2026-03-07T06:00:00+00:00,1772863200000,68018.27000000,68021.14000000,67612.21000000,67690.86000000,489.36583000
2026-03-07T07:00:00+00:00,1772866800000,67690.86000000,67865.23000000,67446.41000000,67842.67000000,768.74899000
2026-03-07T08:00:00+00:00,1772870400000,67842.67000000,68045.07000000,67720.98000000,67795.40000000,465.95331000
2026-03-07T09:00:00+00:00,1772874000000,67795.40000000,68074.97000000,67738.31000000,68000.00000000,332.46219000
2026-03-07T10:00:00+00:00,1772877600000,68000.00000000,68102.73000000,67870.43000000,67880.31000000,319.42039000
2026-03-07T11:00:00+00:00,1772881200000,67880.31000000,68232.27000000,67841.67000000,68010.01000000,372.24149000
2026-03-07T12:00:00+00:00,1772884800000,68010.00000000,68085.41000000,67900.01000000,67992.54000000,359.03867000
2026-03-07T13:00:00+00:00,1772888400000,67992.54000000,68081.16000000,67855.82000000,67931.06000000,318.23636000
2026-03-07T14:00:00+00:00,1772892000000,67931.06000000,68083.79000000,67609.44000000,68016.70000000,473.27443000
2026-03-07T15:00:00+00:00,1772895600000,68016.70000000,68034.67000000,67769.89000000,67877.45000000,577.84468000
2026-03-07T16:00:00+00:00,1772899200000,67877.45000000,67889.68000000,67702.20000000,67783.63000000,349.26910000
2026-03-07T17:00:00+00:00,1772902800000,67783.63000000,67935.01000000,67768.97000000,67788.41000000,217.68104000
2026-03-07T18:00:00+00:00,1772906400000,67788.40000000,67788.41000000,67480.00000000,67568.13000000,1180.24782000
2026-03-07T19:00:00+00:00,1772910000000,67568.13000000,67572.35000000,66915.26000000,67080.34000000,1312.23020000
2026-03-07T20:00:00+00:00,1772913600000,67080.33000000,67437.50000000,67068.01000000,67402.98000000,590.47118000
2026-03-07T21:00:00+00:00,1772917200000,67402.98000000,67483.05000000,67281.34000000,67452.98000000,638.99995000
2026-03-07T22:00:00+00:00,1772920800000,67452.97000000,67469.87000000,67101.31000000,67258.65000000,706.81324000
2026-03-07T23:00:00+00:00,1772924400000,67258.65000000,67403.85000000,67183.39000000,67262.91000000,394.96477000
2026-03-08T00:00:00+00:00,1772928000000,67262.91000000,67481.96000000,67181.04000000,67194.77000000,552.27054000
2026-03-08T01:00:00+00:00,1772931600000,67194.77000000,67353.57000000,67090.00000000,67297.27000000,565.85563000
2026-03-08T02:00:00+00:00,1772935200000,67297.27000000,67426.52000000,66833.58000000,66925.44000000,765.90711000
2026-03-08T03:00:00+00:00,1772938800000,66925.45000000,67083.10000000,66850.00000000,67000.26000000,999.40624000
2026-03-08T04:00:00+00:00,1772942400000,67000.26000000,67100.01000000,66547.15000000,66637.36000000,1206.88314000
2026-03-08T05:00:00+00:00,1772946000000,66637.35000000,67250.24000000,66617.76000000,67149.93000000,402.00353000
2026-03-08T06:00:00+00:00,1772949600000,67149.93000000,67231.86000000,67035.18000000,67161.52000000,246.63235000
2026-03-08T07:00:00+00:00,1772953200000,67161.52000000,67465.11000000,67154.91000000,67319.91000000,1010.57902000
2026-03-08T08:00:00+00:00,1772956800000,67319.90000000,67577.36000000,67156.93000000,67539.33000000,1008.62460000
2026-03-08T09:00:00+00:00,1772960400000,67539.34000000,67905.03000000,67474.00000000,67681.00000000,1111.87857000
2026-03-08T10:00:00+00:00,1772964000000,67681.00000000,68200.00000000,67680.99000000,67904.14000000,646.22527000
2026-03-08T11:00:00+00:00,1772967600000,67904.15000000,67904.15000000,67411.76000000,67515.00000000,536.67584000
2026-03-08T12:00:00+00:00,1772971200000,67515.00000000,67650.94000000,66888.00000000,67324.72000000,902.41572000
2026-03-08T13:00:00+00:00,1772974800000,67324.71000000,67431.81000000,66761.68000000,67234.86000000,1987.58970000
2026-03-08T14:00:00+00:00,1772978400000,67234.86000000,67426.69000000,67055.73000000,67339.76000000,695.31699000
2026-03-08T15:00:00+00:00,1772982000000,67339.75000000,67369.36000000,67080.00000000,67218.23000000,879.16155000
2026-03-08T16:00:00+00:00,1772985600000,67218.23000000,67268.44000000,66802.47000000,66872.15000000,538.75590000
2026-03-08T17:00:00+00:00,1772989200000,66872.15000000,67179.98000000,66800.01000000,67065.00000000,812.42846000
2026-03-08T18:00:00+00:00,1772992800000,67065.00000000,67076.00000000,66745.54000000,66804.00000000,487.97779000
2026-03-08T19:00:00+00:00,1772996400000,66803.99000000,67485.24000000,66779.82000000,67337.42000000,711.10669000
2026-03-08T20:00:00+00:00,1773000000000,67337.41000000,67609.08000000,67028.45000000,67238.80000000,1144.93227000
2026-03-08T21:00:00+00:00,1773003600000,67238.79000000,67266.00000000,66712.69000000,67020.01000000,959.03531000
2026-03-08T22:00:00+00:00,1773007200000,67020.01000000,67020.01000000,65618.49000000,66236.80000000,2742.02435000
2026-03-08T23:00:00+00:00,1773010800000,66236.80000000,66569.24000000,65930.30000000,65971.20000000,679.95244000
2026-03-09T00:00:00+00:00,1773014400000,65971.20000000,66773.00000000,65821.97000000,66370.01000000,951.35538000
2026-03-09T01:00:00+00:00,1773018000000,66370.01000000,66698.05000000,66131.25000000,66196.01000000,2263.78882000
2026-03-09T02:00:00+00:00,1773021600000,66196.01000000,66707.58000000,65959.00000000,66537.32000000,752.57114000
2026-03-09T03:00:00+00:00,1773025200000,66537.32000000,67668.64000000,66512.88000000,67205.05000000,1256.29482000
2026-03-09T04:00:00+00:00,1773028800000,67205.06000000,67610.00000000,67093.09000000,67130.14000000,848.47762000
2026-03-09T05:00:00+00:00,1773032400000,67131.10000000,68069.29000000,67113.02000000,67911.16000000,1145.71148000
2026-03-09T06:00:00+00:00,1773036000000,67911.15000000,67939.55000000,67236.78000000,67267.18000000,578.70307000
2026-03-09T07:00:00+00:00,1773039600000,67267.18000000,67575.81000000,66853.48000000,67555.13000000,1253.45589000
2026-03-09T08:00:00+00:00,1773043200000,67555.13000000,67929.19000000,67391.89000000,67814.69000000,1615.43129000
2026-03-09T09:00:00+00:00,1773046800000,67814.69000000,68460.09000000,67566.65000000,67981.02000000,1225.43841000
2026-03-09T10:00:00+00:00,1773050400000,67981.03000000,68088.92000000,67556.72000000,67608.13000000,687.12244000
2026-03-09T11:00:00+00:00,1773054000000,67608.13000000,67855.82000000,67344.45000000,67764.98000000,577.58612000
2026-03-09T12:00:00+00:00,1773057600000,67764.99000000,68348.26000000,67759.57000000,68151.93000000,970.32854000
2026-03-09T13:00:00+00:00,1773061200000,68151.93000000,69300.00000000,68133.93000000,68976.00000000,2460.13662000
2026-03-09T14:00:00+00:00,1773064800000,68975.80000000,69480.00000000,68696.28000000,69151.50000000,2377.05802000
2026-03-09T15:00:00+00:00,1773068400000,69151.50000000,69254.87000000,68717.86000000,68863.66000000,1995.45638000
2026-03-09T16:00:00+00:00,1773072000000,68863.67000000,69225.00000000,68614.47000000,68960.12000000,1086.01117000
2026-03-09T17:00:00+00:00,1773075600000,68960.12000000,69088.49000000,68270.34000000,68600.71000000,889.54053000
2026-03-09T18:00:00+00:00,1773079200000,68600.71000000,68705.76000000,68179.12000000,68356.37000000,1350.25926000
2026-03-09T19:00:00+00:00,1773082800000,68356.37000000,69516.65000000,68356.37000000,68991.93000000,1713.56623000
2026-03-09T20:00:00+00:00,1773086400000,68991.93000000,69145.28000000,68762.20000000,68961.71000000,507.40424000
2026-03-09T21:00:00+00:00,1773090000000,68961.15000000,69102.53000000,68660.94000000,68919.72000000,782.51759000
2026-03-09T22:00:00+00:00,1773093600000,68919.71000000,69030.56000000,68597.00000000,68635.88000000,943.05059000
2026-03-09T23:00:00+00:00,1773097200000,68635.88000000,68694.73000000,68384.69000000,68432.16000000,665.45565000
2026-03-10T00:00:00+00:00,1773100800000,68432.16000000,69290.42000000,68391.41000000,69157.37000000,1134.03591000
2026-03-10T01:00:00+00:00,1773104400000,69157.36000000,69389.06000000,68786.04000000,69260.01000000,1073.30020000
2026-03-10T02:00:00+00:00,1773108000000,69260.00000000,70578.29000000,69103.12000000,70272.01000000,2010.96480000
2026-03-10T03:00:00+00:00,1773111600000,70272.00000000,70370.86000000,69390.00000000,69429.85000000,1096.27179000
2026-03-10T04:00:00+00:00,1773115200000,69429.85000000,70132.27000000,69429.85000000,70072.94000000,1112.05227000
2026-03-10T05:00:00+00:00,1773118800000,70072.95000000,70355.06000000,69885.71000000,69971.34000000,874.03346000
2026-03-10T06:00:00+00:00,1773122400000,69971.34000000,70185.24000000,69750.62000000,69910.91000000,1140.99151000
2026-03-10T07:00:00+00:00,1773126000000,69910.91000000,70546.74000000,69805.70000000,70406.01000000,1780.20471000
2026-03-10T08:00:00+00:00,1773129600000,70406.01000000,71097.64000000,70369.00000000,70709.37000000,1852.19984000
2026-03-10T09:00:00+00:00,1773133200000,70709.37000000,71300.00000000,70653.24000000,71078.92000000,1664.83143000
2026-03-10T10:00:00+00:00,1773136800000,71078.92000000,71086.86000000,70660.89000000,70774.04000000,1808.06147000
2026-03-10T11:00:00+00:00,1773140400000,70774.04000000,70865.73000000,70540.40000000,70580.94000000,945.42456000
2026-03-10T12:00:00+00:00,1773144000000,70580.95000000,70628.19000000,70290.88000000,70519.86000000,702.95479000
2026-03-10T13:00:00+00:00,1773147600000,70519.86000000,70926.46000000,69723.25000000,69921.12000000,1644.54716000
2026-03-10T14:00:00+00:00,1773151200000,69921.12000000,71527.54000000,69266.06000000,71467.81000000,2553.72955000
2026-03-10T15:00:00+00:00,1773154800000,71467.81000000,71777.00000000,70900.05000000,71346.16000000,2098.87598000
2026-03-10T16:00:00+00:00,1773158400000,71346.17000000,71700.00000000,70943.31000000,71268.59000000,1291.34054000
2026-03-10T17:00:00+00:00,1773162000000,71268.58000000,71452.00000000,70512.64000000,70868.61000000,1383.62950000
2026-03-10T18:00:00+00:00,1773165600000,70868.62000000,70914.90000000,69901.00000000,70013.87000000,1837.40169000
2026-03-10T19:00:00+00:00,1773169200000,70013.87000000,70290.00000000,69739.00000000,70043.63000000,992.60769000
2026-03-10T20:00:00+00:00,1773172800000,70043.63000000,70350.00000000,70007.52000000,70235.60000000,671.88971000
2026-03-10T21:00:00+00:00,1773176400000,70236.34000000,70417.30000000,69541.91000000,69763.01000000,830.86870000
2026-03-10T22:00:00+00:00,1773180000000,69763.02000000,69869.90000000,69452.42000000,69721.58000000,937.20086000
2026-03-10T23:00:00+00:00,1773183600000,69721.58000000,69981.80000000,69698.46000000,69948.63000000,1165.15914000
2026-03-11T00:00:00+00:00,1773187200000,69948.64000000,70173.25000000,69759.63000000,70044.87000000,728.92961000
2026-03-11T01:00:00+00:00,1773190800000,70044.87000000,70144.00000000,69880.00000000,70071.26000000,947.24879000
2026-03-11T02:00:00+00:00,1773194400000,70071.26000000,70119.59000000,69614.00000000,69810.72000000,1612.87548000
2026-03-11T03:00:00+00:00,1773198000000,69810.73000000,69887.11000000,69488.70000000,69551.91000000,1113.41409000
2026-03-11T04:00:00+00:00,1773201600000,69551.91000000,70281.87000000,69501.55000000,70130.99000000,759.41600000
2026-03-11T05:00:00+00:00,1773205200000,70130.99000000,70200.96000000,69420.00000000,69510.36000000,757.81378000
2026-03-11T06:00:00+00:00,1773208800000,69510.37000000,69996.00000000,69500.01000000,69950.01000000,391.73761000
2026-03-11T07:00:00+00:00,1773212400000,69950.01000000,70018.49000000,69500.67000000,69648.29000000,1171.57725000
2026-03-11T08:00:00+00:00,1773216000000,69648.28000000,69786.32000000,69500.00000000,69662.24000000,672.55865000
2026-03-11T09:00:00+00:00,1773219600000,69662.24000000,69752.06000000,69384.50000000,69466.75000000,939.05652000
2026-03-11T10:00:00+00:00,1773223200000,69466.75000000,69726.45000000,69390.91000000,69604.90000000,1028.34397000
2026-03-11T11:00:00+00:00,1773226800000,69604.90000000,69755.10000000,69150.28000000,69173.00000000,898.77254000
2026-03-11T12:00:00+00:00,1773230400000,69172.99000000,69777.66000000,68977.91000000,69361.13000000,1045.64069000
2026-03-11T13:00:00+00:00,1773234000000,69361.13000000,71091.18000000,69331.04000000,70186.09000000,2647.32148000
2026-03-11T14:00:00+00:00,1773237600000,70186.08000000,70987.00000000,69906.77000000,70578.70000000,2251.77658000
2026-03-11T15:00:00+00:00,1773241200000,70578.70000000,70654.43000000,69702.25000000,70227.91000000,1844.69630000
2026-03-11T16:00:00+00:00,1773244800000,70227.92000000,70826.39000000,70161.78000000,70570.71000000,1837.92404000
2026-03-11T17:00:00+00:00,1773248400000,70570.71000000,71321.00000000,70512.01000000,70785.99000000,2122.20651000
2026-03-11T18:00:00+00:00,1773252000000,70785.99000000,70895.31000000,70415.27000000,70617.64000000,1134.13411000
2026-03-11T19:00:00+00:00,1773255600000,70617.63000000,70742.38000000,70375.68000000,70641.82000000,644.23151000
2026-03-11T20:00:00+00:00,1773259200000,70641.81000000,70700.00000000,70394.23000000,70634.96000000,383.34496000
2026-03-11T21:00:00+00:00,1773262800000,70634.96000000,70777.17000000,70499.94000000,70741.26000000,576.42683000
2026-03-11T22:00:00+00:00,1773266400000,70741.27000000,70950.00000000,70241.53000000,70373.01000000,1098.26512000
2026-03-11T23:00:00+00:00,1773270000000,70373.01000000,70505.00000000,70125.83000000,70191.86000000,641.56300000
2026-03-12T00:00:00+00:00,1773273600000,70191.86000000,70353.87000000,70130.23000000,70225.34000000,658.09363000
2026-03-12T01:00:00+00:00,1773277200000,70225.34000000,70226.94000000,69754.94000000,69841.31000000,760.55263000
2026-03-12T02:00:00+00:00,1773280800000,69841.30000000,69887.93000000,69226.52000000,69286.56000000,742.38929000
2026-03-12T03:00:00+00:00,1773284400000,69286.55000000,69628.25000000,69246.23000000,69446.61000000,415.13842000
2026-03-12T04:00:00+00:00,1773288000000,69446.61000000,69676.88000000,69296.43000000,69372.00000000,436.68208000
2026-03-12T05:00:00+00:00,1773291600000,69372.00000000,69539.61000000,69205.91000000,69480.54000000,734.74043000
2026-03-12T06:00:00+00:00,1773295200000,69480.54000000,69561.84000000,69315.63000000,69501.44000000,719.76894000
2026-03-12T07:00:00+00:00,1773298800000,69501.45000000,69865.98000000,69408.88000000,69826.19000000,830.78197000
2026-03-12T08:00:00+00:00,1773302400000,69826.19000000,70116.37000000,69698.33000000,69917.37000000,1246.32882000
2026-03-12T09:00:00+00:00,1773306000000,69917.36000000,70400.00000000,69580.00000000,69952.51000000,1284.31562000
2026-03-12T10:00:00+00:00,1773309600000,69952.51000000,70511.00000000,69856.00000000,70412.11000000,911.03902000
2026-03-12T11:00:00+00:00,1773313200000,70412.10000000,70800.00000000,70367.97000000,70427.91000000,1207.70061000
2026-03-12T12:00:00+00:00,1773316800000,70427.90000000,70617.66000000,70277.38000000,70381.80000000,847.51801000
2026-03-12T13:00:00+00:00,1773320400000,70381.80000000,70534.65000000,69645.00000000,69972.15000000,1340.77540000
2026-03-12T14:00:00+00:00,1773324000000,69972.20000000,70660.69000000,69355.34000000,69590.09000000,2130.67842000
2026-03-12T15:00:00+00:00,1773327600000,69590.09000000,70565.43000000,69476.14000000,70334.88000000,1778.50463000
2026-03-12T16:00:00+00:00,1773331200000,70334.89000000,70569.15000000,69905.71000000,70381.16000000,1271.41787000
2026-03-12T17:00:00+00:00,1773334800000,70381.15000000,70547.19000000,70076.16000000,70212.06000000,843.93551000
2026-03-12T18:00:00+00:00,1773338400000,70212.05000000,70303.51000000,69800.00000000,69819.64000000,742.85798000
2026-03-12T19:00:00+00:00,1773342000000,69819.64000000,70548.81000000,69770.85000000,70432.32000000,757.84664000
2026-03-12T20:00:00+00:00,1773345600000,70432.33000000,70555.20000000,70111.28000000,70164.49000000,618.18553000
2026-03-12T21:00:00+00:00,1773349200000,70164.50000000,70470.00000000,70164.50000000,70268.55000000,355.90233000
2026-03-12T22:00:00+00:00,1773352800000,70268.54000000,70305.26000000,70013.17000000,70175.64000000,467.42484000
2026-03-12T23:00:00+00:00,1773356400000,70175.64000000,70734.25000000,70159.35000000,70541.34000000,894.58188000
2026-03-13T00:00:00+00:00,1773360000000,70541.34000000,72000.00000000,70386.01000000,71475.61000000,2857.31114000
2026-03-13T01:00:00+00:00,1773363600000,71475.60000000,71759.95000000,71283.99000000,71672.39000000,975.74666000
2026-03-13T02:00:00+00:00,1773367200000,71672.38000000,71696.68000000,71045.52000000,71143.80000000,994.81538000
2026-03-13T03:00:00+00:00,1773370800000,71143.80000000,71508.87000000,70964.43000000,71405.75000000,927.82134000
2026-03-13T04:00:00+00:00,1773374400000,71405.76000000,71493.77000000,71214.01000000,71393.94000000,780.92498000
2026-03-13T05:00:00+00:00,1773378000000,71393.93000000,71637.54000000,71242.02000000,71546.29000000,1178.90406000
2026-03-13T06:00:00+00:00,1773381600000,71546.28000000,71593.22000000,71180.19000000,71342.00000000,1081.97604000
2026-03-13T07:00:00+00:00,1773385200000,71342.00000000,71672.76000000,71236.08000000,71612.22000000,1139.83190000
2026-03-13T08:00:00+00:00,1773388800000,71612.23000000,72142.85000000,71385.28000000,71821.02000000,1820.16796000
2026-03-13T09:00:00+00:00,1773392400000,71821.01000000,72100.37000000,71589.81000000,72006.57000000,925.21442000
2026-03-13T10:00:00+00:00,1773396000000,72006.56000000,72575.98000000,71995.53000000,72458.12000000,1635.35127000
2026-03-13T11:00:00+00:00,1773399600000,72458.11000000,72526.12000000,72207.41000000,72228.82000000,724.41705000
2026-03-13T12:00:00+00:00,1773403200000,72228.81000000,72884.68000000,72210.00000000,72784.73000000,1142.93241000
2026-03-13T13:00:00+00:00,1773406800000,72784.73000000,73585.27000000,72684.88000000,73379.18000000,3297.40201000
2026-03-13T14:00:00+00:00,1773410400000,73379.18000000,73913.74000000,72350.00000000,72382.72000000,4558.05031000
2026-03-13T15:00:00+00:00,1773414000000,72382.72000000,72829.12000000,71736.34000000,71831.46000000,3305.45471000
2026-03-13T16:00:00+00:00,1773417600000,71831.46000000,72100.00000000,71154.54000000,71885.57000000,2334.34610000
2026-03-13T17:00:00+00:00,1773421200000,71885.56000000,72249.99000000,70914.09000000,71037.93000000,1889.70074000
2026-03-13T18:00:00+00:00,1773424800000,71037.93000000,71350.94000000,70841.23000000,71055.45000000,738.18799000
2026-03-13T19:00:00+00:00,1773428400000,71055.45000000,71309.94000000,71006.19000000,71189.95000000,507.07823000
2026-03-13T20:00:00+00:00,1773432000000,71189.96000000,71469.53000000,71150.00000000,71346.84000000,554.47290000
2026-03-13T21:00:00+00:00,1773435600000,71346.84000000,71491.03000000,71058.25000000,71104.65000000,650.14338000
2026-03-13T22:00:00+00:00,1773439200000,71104.65000000,71189.26000000,70559.02000000,70814.00000000,863.33877000
2026-03-13T23:00:00+00:00,1773442800000,70814.00000000,71005.30000000,70688.45000000,70930.00000000,1113.02703000
2026-03-14T00:00:00+00:00,1773446400000,70930.01000000,70951.80000000,70555.00000000,70631.97000000,763.50434000
2026-03-14T01:00:00+00:00,1773450000000,70631.96000000,70941.05000000,70481.70000000,70831.70000000,791.55133000
2026-03-14T02:00:00+00:00,1773453600000,70831.70000000,70948.66000000,70735.21000000,70783.27000000,1013.67533000
2026-03-14T03:00:00+00:00,1773457200000,70783.27000000,71185.23000000,70783.26000000,71081.30000000,944.72261000
2026-03-14T04:00:00+00:00,1773460800000,71081.31000000,71307.92000000,71021.11000000,71039.58000000,707.08065000
2026-03-14T05:00:00+00:00,1773464400000,71039.57000000,71151.30000000,70916.96000000,71013.75000000,759.34070000
2026-03-14T06:00:00+00:00,1773468000000,71013.75000000,71013.75000000,70317.00000000,70622.08000000,712.17672000
2026-03-14T07:00:00+00:00,1773471600000,70622.09000000,70743.88000000,70489.03000000,70596.68000000,750.98425000
2026-03-14T08:00:00+00:00,1773475200000,70596.68000000,70710.76000000,70536.58000000,70585.63000000,461.44808000
2026-03-14T09:00:00+00:00,1773478800000,70585.64000000,70728.07000000,70400.00000000,70501.16000000,893.97396000
2026-03-14T10:00:00+00:00,1773482400000,70501.16000000,70575.10000000,70389.08000000,70570.44000000,624.35522000
2026-03-14T11:00:00+00:00,1773486000000,70570.44000000,70784.38000000,70562.66000000,70751.42000000,515.18098000
2026-03-14T12:00:00+00:00,1773489600000,70751.42000000,70835.48000000,70616.44000000,70780.59000000,472.56223000
2026-03-14T13:00:00+00:00,1773493200000,70780.59000000,70930.56000000,70711.54000000,70847.35000000,886.49950000
2026-03-14T14:00:00+00:00,1773496800000,70847.34000000,70941.17000000,70578.76000000,70599.22000000,329.16955000
2026-03-14T15:00:00+00:00,1773500400000,70599.23000000,70728.59000000,70501.00000000,70580.09000000,849.34654000
2026-03-14T16:00:00+00:00,1773504000000,70580.09000000,70709.40000000,70500.00000000,70672.53000000,379.28346000
2026-03-14T17:00:00+00:00,1773507600000,70672.52000000,70733.02000000,70590.00000000,70617.01000000,134.37087000
2026-03-14T18:00:00+00:00,1773511200000,70617.01000000,70708.88000000,70559.35000000,70668.23000000,95.80359000
2026-03-14T19:00:00+00:00,1773514800000,70668.23000000,70740.34000000,70595.14000000,70700.00000000,77.47303000
2026-03-14T20:00:00+00:00,1773518400000,70699.99000000,70856.40000000,70650.09000000,70805.71000000,114.01852000
2026-03-14T21:00:00+00:00,1773522000000,70805.71000000,70825.04000000,70661.06000000,70799.99000000,113.91325000
2026-03-14T22:00:00+00:00,1773525600000,70799.99000000,70805.15000000,70695.29000000,70710.91000000,89.24315000
2026-03-14T23:00:00+00:00,1773529200000,70710.90000000,71253.17000000,70710.90000000,71211.95000000,537.56951000
2026-03-15T00:00:00+00:00,1773532800000,71211.95000000,71220.74000000,70967.59000000,70985.28000000,576.24004000
2026-03-15T01:00:00+00:00,1773536400000,70985.29000000,71037.41000000,70858.82000000,70985.83000000,340.54476000
2026-03-15T02:00:00+00:00,1773540000000,70985.84000000,71634.08000000,70985.84000000,71450.53000000,895.09143000
2026-03-15T03:00:00+00:00,1773543600000,71450.54000000,71538.03000000,71240.68000000,71363.14000000,779.68802000
2026-03-15T04:00:00+00:00,1773547200000,71363.13000000,71661.55000000,71330.66000000,71606.32000000,779.77883000
2026-03-15T05:00:00+00:00,1773550800000,71606.31000000,71800.68000000,71476.00000000,71489.68000000,792.96245000
2026-03-15T06:00:00+00:00,1773554400000,71489.67000000,71595.43000000,71373.75000000,71458.41000000,528.89919000
2026-03-15T07:00:00+00:00,1773558000000,71458.41000000,71658.44000000,71411.88000000,71453.59000000,276.05348000
2026-03-15T08:00:00+00:00,1773561600000,71453.59000000,71736.72000000,71453.59000000,71717.50000000,551.40345000
2026-03-15T09:00:00+00:00,1773565200000,71717.50000000,71940.49000000,71713.90000000,71791.10000000,640.93656000
2026-03-15T10:00:00+00:00,1773568800000,71791.11000000,71919.19000000,71714.37000000,71783.09000000,525.01350000
2026-03-15T11:00:00+00:00,1773572400000,71783.10000000,71888.00000000,71659.71000000,71839.42000000,452.79199000
2026-03-15T12:00:00+00:00,1773576000000,71839.41000000,71839.42000000,71560.21000000,71610.33000000,324.76249000
2026-03-15T13:00:00+00:00,1773579600000,71610.33000000,71679.81000000,71263.99000000,71607.54000000,1108.48189000
2026-03-15T14:00:00+00:00,1773583200000,71607.54000000,71635.56000000,71341.68000000,71622.03000000,452.09243000
2026-03-15T15:00:00+00:00,1773586800000,71622.04000000,71626.00000000,71410.00000000,71481.24000000,210.01259000
2026-03-15T16:00:00+00:00,1773590400000,71481.24000000,71586.75000000,71320.08000000,71437.35000000,302.61771000
2026-03-15T17:00:00+00:00,1773594000000,71437.35000000,71989.93000000,71409.74000000,71819.95000000,365.80062000
2026-03-15T18:00:00+00:00,1773597600000,71819.96000000,71885.55000000,71321.87000000,71390.53000000,321.10675000
2026-03-15T19:00:00+00:00,1773601200000,71390.53000000,71582.83000000,71338.67000000,71549.94000000,251.59972000
2026-03-15T20:00:00+00:00,1773604800000,71549.94000000,71930.00000000,71433.75000000,71730.81000000,236.54566000
2026-03-15T21:00:00+00:00,1773608400000,71730.81000000,72222.00000000,71629.99000000,72109.58000000,459.80342000
2026-03-15T22:00:00+00:00,1773612000000,72109.59000000,73081.77000000,71725.74000000,72749.44000000,1471.44945000
2026-03-15T23:00:00+00:00,1773615600000,72749.45000000,73199.00000000,72420.44000000,72815.24000000,1393.63061000
2026-03-16T00:00:00+00:00,1773619200000,72815.25000000,73008.94000000,72452.26000000,72531.26000000,685.43450000
2026-03-16T01:00:00+00:00,1773622800000,72531.27000000,72852.28000000,72270.41000000,72752.90000000,715.87613000
2026-03-16T02:00:00+00:00,1773626400000,72752.90000000,72852.28000000,72368.08000000,72514.69000000,487.11967000
2026-03-16T03:00:00+00:00,1773630000000,72514.69000000,74330.34000000,72436.02000000,73573.32000000,3424.72669000
2026-03-16T04:00:00+00:00,1773633600000,73573.31000000,74451.03000000,73573.31000000,73835.62000000,1907.76761000
2026-03-16T05:00:00+00:00,1773637200000,73835.62000000,74258.07000000,73720.00000000,74207.49000000,1421.12171000
2026-03-16T06:00:00+00:00,1773640800000,74207.49000000,74207.50000000,73610.00000000,73714.36000000,1229.39836000
2026-03-16T07:00:00+00:00,1773644400000,73714.36000000,73924.83000000,73385.18000000,73456.68000000,958.93738000
2026-03-16T08:00:00+00:00,1773648000000,73456.69000000,73776.13000000,72888.80000000,73135.00000000,1562.06854000
2026-03-16T09:00:00+00:00,1773651600000,73135.00000000,73331.88000000,73057.25000000,73260.92000000,531.72090000
2026-03-16T10:00:00+00:00,1773655200000,73260.92000000,73783.42000000,73202.89000000,73783.42000000,1038.45265000
2026-03-16T11:00:00+00:00,1773658800000,73783.42000000,73838.76000000,73515.33000000,73552.77000000,680.69185000
2026-03-16T12:00:00+00:00,1773662400000,73552.78000000,74044.00000000,73465.46000000,73864.80000000,921.55759000
2026-03-16T13:00:00+00:00,1773666000000,73864.81000000,74509.52000000,73787.00000000,74109.55000000,1593.51066000
2026-03-16T14:00:00+00:00,1773669600000,74109.56000000,74460.19000000,72990.52000000,73565.54000000,2204.69587000
2026-03-16T15:00:00+00:00,1773673200000,73565.54000000,74030.00000000,73186.50000000,73274.76000000,1024.65577000
2026-03-16T16:00:00+00:00,1773676800000,73274.75000000,73901.95000000,73160.66000000,73760.63000000,1016.72181000
2026-03-16T17:00:00+00:00,1773680400000,73760.63000000,74065.70000000,73648.70000000,73943.18000000,906.04408000
2026-03-16T18:00:00+00:00,1773684000000,73943.17000000,74356.32000000,73860.00000000,73913.60000000,1086.95746000
2026-03-16T19:00:00+00:00,1773687600000,73913.60000000,74418.60000000,73781.54000000,73963.00000000,1122.08511000
2026-03-16T20:00:00+00:00,1773691200000,73963.00000000,74248.95000000,73863.20000000,74236.90000000,424.59345000
2026-03-16T21:00:00+00:00,1773694800000,74236.90000000,74799.00000000,74150.00000000,74401.36000000,1246.95221000
2026-03-16T22:00:00+00:00,1773698400000,74401.35000000,74899.99000000,74378.43000000,74772.66000000,1058.73068000
2026-03-16T23:00:00+00:00,1773702000000,74773.56000000,74909.08000000,74250.21000000,74884.67000000,1159.70951000
2026-03-17T00:00:00+00:00,1773705600000,74884.67000000,75520.23000000,74614.18000000,75318.48000000,2173.53670000
2026-03-17T01:00:00+00:00,1773709200000,75318.48000000,76000.00000000,75074.37000000,75623.91000000,1953.08873000
2026-03-17T02:00:00+00:00,1773712800000,75623.91000000,75677.66000000,75114.67000000,75198.02000000,1068.24779000
2026-03-17T03:00:00+00:00,1773716400000,75198.02000000,75326.15000000,74268.73000000,74463.98000000,1730.33731000
2026-03-17T04:00:00+00:00,1773720000000,74463.98000000,74712.89000000,73980.16000000,74252.01000000,2017.11887000
2026-03-17T05:00:00+00:00,1773723600000,74252.00000000,74459.99000000,73784.00000000,74036.74000000,1250.81696000
2026-03-17T06:00:00+00:00,1773727200000,74036.74000000,74276.66000000,73877.56000000,74085.45000000,879.74749000
2026-03-17T07:00:00+00:00,1773730800000,74085.46000000,74457.72000000,74066.40000000,74249.32000000,771.24200000
2026-03-17T08:00:00+00:00,1773734400000,74249.32000000,74452.97000000,74108.01000000,74188.38000000,461.65295000
2026-03-17T09:00:00+00:00,1773738000000,74188.38000000,74406.03000000,73841.62000000,73937.16000000,864.16263000
2026-03-17T10:00:00+00:00,1773741600000,73937.16000000,73960.74000000,73560.98000000,73729.45000000,1049.06910000
2026-03-17T11:00:00+00:00,1773745200000,73729.45000000,74224.16000000,73682.01000000,74033.11000000,647.95804000
2026-03-17T12:00:00+00:00,1773748800000,74033.10000000,74170.55000000,73672.25000000,73739.74000000,614.23436000
2026-03-17T13:00:00+00:00,1773752400000,73739.74000000,74167.39000000,73399.19000000,73615.48000000,1159.88444000
2026-03-17T14:00:00+00:00,1773756000000,73615.49000000,74425.31000000,73424.79000000,74381.70000000,1362.71508000
2026-03-17T15:00:00+00:00,1773759600000,74381.69000000,74893.94000000,73669.91000000,73914.39000000,1370.72331000
2026-03-17T16:00:00+00:00,1773763200000,73914.40000000,74350.00000000,73855.24000000,74155.69000000,747.87279000
2026-03-17T17:00:00+00:00,1773766800000,74155.68000000,74594.00000000,74006.58000000,74523.75000000,826.10844000
2026-03-17T18:00:00+00:00,1773770400000,74523.76000000,74769.17000000,74386.11000000,74683.04000000,707.46038000
2026-03-17T19:00:00+00:00,1773774000000,74683.04000000,74800.00000000,74427.25000000,74512.17000000,768.60522000
2026-03-17T20:00:00+00:00,1773777600000,74511.21000000,74685.50000000,74359.87000000,74506.75000000,466.76372000
2026-03-17T21:00:00+00:00,1773781200000,74506.75000000,74799.00000000,74450.01000000,74685.42000000,618.20101000
2026-03-17T22:00:00+00:00,1773784800000,74685.42000000,74772.14000000,73934.00000000,74307.08000000,488.30847000
2026-03-17T23:00:00+00:00,1773788400000,74307.08000000,74398.74000000,73871.74000000,73909.36000000,523.41057000
2026-03-18T00:00:00+00:00,1773792000000,73909.37000000,74063.22000000,73535.36000000,73867.88000000,673.31061000
2026-03-18T01:00:00+00:00,1773795600000,73867.88000000,74211.43000000,73820.69000000,74072.30000000,537.72886000
2026-03-18T02:00:00+00:00,1773799200000,74072.30000000,74476.00000000,74051.78000000,74338.93000000,549.53806000
2026-03-18T03:00:00+00:00,1773802800000,74338.93000000,74672.34000000,74250.27000000,74446.14000000,459.80928000
2026-03-18T04:00:00+00:00,1773806400000,74446.14000000,74486.30000000,74137.02000000,74175.49000000,472.35206000
2026-03-18T05:00:00+00:00,1773810000000,74175.48000000,74312.11000000,73830.76000000,73950.00000000,662.80056000
2026-03-18T06:00:00+00:00,1773813600000,73950.01000000,74225.82000000,73938.10000000,73954.03000000,652.79254000
2026-03-18T07:00:00+00:00,1773817200000,73954.03000000,73997.04000000,73700.01000000,73883.80000000,504.72370000
2026-03-18T08:00:00+00:00,1773820800000,73883.80000000,74130.02000000,73863.31000000,74044.89000000,735.50464000
2026-03-18T09:00:00+00:00,1773824400000,74044.90000000,74281.33000000,74042.85000000,74181.08000000,347.16358000
2026-03-18T10:00:00+00:00,1773828000000,74181.08000000,74267.77000000,73816.26000000,73946.35000000,478.90858000
2026-03-18T11:00:00+00:00,1773831600000,73946.35000000,74074.84000000,72800.00000000,72952.85000000,1877.69179000
2026-03-18T12:00:00+00:00,1773835200000,72952.85000000,72981.79000000,72271.11000000,72361.24000000,1819.95371000
2026-03-18T13:00:00+00:00,1773838800000,72361.13000000,72556.81000000,71980.00000000,72133.49000000,1607.02731000
2026-03-18T14:00:00+00:00,1773842400000,72133.48000000,72222.45000000,71100.00000000,71193.23000000,2385.98822000
2026-03-18T15:00:00+00:00,1773846000000,71193.23000000,71531.54000000,70857.21000000,71467.82000000,2560.23665000
2026-03-18T16:00:00+00:00,1773849600000,71467.82000000,71565.78000000,71037.34000000,71314.08000000,967.21409000
2026-03-18T17:00:00+00:00,1773853200000,71314.07000000,71750.00000000,71199.87000000,71595.21000000,1025.99840000
2026-03-18T18:00:00+00:00,1773856800000,71595.21000000,72000.50000000,70947.78000000,71096.74000000,1475.11719000
2026-03-18T19:00:00+00:00,1773860400000,71096.75000000,71486.14000000,70933.85000000,71072.38000000,867.91916000
2026-03-18T20:00:00+00:00,1773864000000,71072.38000000,71333.33000000,70500.00000000,71214.67000000,1180.62213000
2026-03-18T21:00:00+00:00,1773867600000,71214.67000000,71451.22000000,71167.15000000,71263.67000000,338.26453000
2026-03-18T22:00:00+00:00,1773871200000,71263.67000000,71269.02000000,70944.56000000,71153.66000000,520.94837000
2026-03-18T23:00:00+00:00,1773874800000,71153.67000000,71365.40000000,71069.69000000,71246.54000000,691.26691000
2026-03-19T00:00:00+00:00,1773878400000,71246.55000000,71321.81000000,70976.69000000,71002.17000000,887.95607000
2026-03-19T01:00:00+00:00,1773882000000,71002.18000000,71182.44000000,70951.93000000,71115.23000000,391.40796000
2026-03-19T02:00:00+00:00,1773885600000,71115.24000000,71252.83000000,70902.37000000,71055.44000000,554.97617000
2026-03-19T03:00:00+00:00,1773889200000,71055.44000000,71613.79000000,71053.33000000,71215.39000000,593.60943000
2026-03-19T04:00:00+00:00,1773892800000,71215.39000000,71215.39000000,70654.86000000,70822.07000000,702.86032000
2026-03-19T05:00:00+00:00,1773896400000,70822.06000000,70909.88000000,70661.56000000,70826.54000000,416.16191000
2026-03-19T06:00:00+00:00,1773900000000,70826.55000000,70979.99000000,70505.00000000,70583.22000000,619.85140000
2026-03-19T07:00:00+00:00,1773903600000,70583.22000000,70600.04000000,69478.51000000,70191.17000000,2753.95570000
2026-03-19T08:00:00+00:00,1773907200000,70191.16000000,70300.00000000,69900.00000000,69985.19000000,1015.64209000
2026-03-19T09:00:00+00:00,1773910800000,69985.19000000,70560.91000000,69971.99000000,70513.00000000,1262.65596000
2026-03-19T10:00:00+00:00,1773914400000,70513.00000000,70538.74000000,70117.00000000,70133.72000000,613.17552000
2026-03-19T11:00:00+00:00,1773918000000,70133.73000000,70259.37000000,69909.09000000,69952.75000000,542.70053000
2026-03-19T12:00:00+00:00,1773921600000,69952.75000000,69952.76000000,69105.49000000,69290.27000000,1452.42038000
2026-03-19T13:00:00+00:00,1773925200000,69290.28000000,70084.35000000,69081.51000000,69905.65000000,1720.19325000
2026-03-19T14:00:00+00:00,1773928800000,69905.65000000,70179.53000000,69096.16000000,69482.25000000,1636.49639000
2026-03-19T15:00:00+00:00,1773932400000,69482.24000000,69917.87000000,68793.35000000,69412.51000000,1898.28931000
2026-03-19T16:00:00+00:00,1773936000000,69412.52000000,69642.35000000,69177.19000000,69455.86000000,858.32753000
2026-03-19T17:00:00+00:00,1773939600000,69455.86000000,69954.18000000,69122.03000000,69854.16000000,759.67868000
2026-03-19T18:00:00+00:00,1773943200000,69854.15000000,69931.10000000,69581.55000000,69821.21000000,442.61763000
2026-03-19T19:00:00+00:00,1773946800000,69821.21000000,70596.42000000,69805.33000000,70271.99000000,1190.55299000
2026-03-19T20:00:00+00:00,1773950400000,70272.00000000,70676.00000000,70201.00000000,70483.03000000,488.71031000
2026-03-19T21:00:00+00:00,1773954000000,70483.03000000,70695.60000000,70371.19000000,70413.47000000,418.78383000
2026-03-19T22:00:00+00:00,1773957600000,70413.46000000,70501.89000000,69954.05000000,70183.99000000,551.74820000
2026-03-19T23:00:00+00:00,1773961200000,70184.00000000,70282.47000000,69718.23000000,69930.00000000,592.04663000
2026-03-20T00:00:00+00:00,1773964800000,69930.01000000,70311.12000000,69837.10000000,70181.00000000,871.72419000
2026-03-20T01:00:00+00:00,1773968400000,70181.00000000,70588.50000000,70181.00000000,70403.79000000,526.82154000
2026-03-20T02:00:00+00:00,1773972000000,70403.80000000,70516.16000000,70086.86000000,70415.47000000,312.91426000
2026-03-20T03:00:00+00:00,1773975600000,70415.48000000,70809.43000000,70388.00000000,70729.92000000,711.57589000
2026-03-20T04:00:00+00:00,1773979200000,70729.93000000,70969.71000000,70557.91000000,70783.69000000,546.53749000
2026-03-20T05:00:00+00:00,1773982800000,70783.70000000,70867.44000000,70521.73000000,70606.24000000,367.69531000
2026-03-20T06:00:00+00:00,1773986400000,70606.23000000,70646.93000000,70346.49000000,70502.90000000,758.81391000
2026-03-20T07:00:00+00:00,1773990000000,70502.91000000,70939.58000000,70160.06000000,70854.66000000,936.89906000
2026-03-20T08:00:00+00:00,1773993600000,70854.66000000,71367.00000000,70800.00000000,71042.23000000,1011.96314000
2026-03-20T09:00:00+00:00,1773997200000,71042.23000000,71042.23000000,70419.65000000,70583.80000000,885.49116000
2026-03-20T10:00:00+00:00,1774000800000,70583.81000000,70670.43000000,70218.68000000,70611.68000000,609.11713000
2026-03-20T11:00:00+00:00,1774004400000,70611.68000000,70810.81000000,70303.36000000,70478.71000000,605.56445000
2026-03-20T12:00:00+00:00,1774008000000,70478.71000000,70685.63000000,70251.00000000,70342.63000000,613.27107000
2026-03-20T13:00:00+00:00,1774011600000,70342.63000000,70613.75000000,69795.70000000,69863.84000000,1225.89394000
2026-03-20T14:00:00+00:00,1774015200000,69863.85000000,70268.66000000,69589.38000000,69731.21000000,1679.84994000
2026-03-20T15:00:00+00:00,1774018800000,69731.20000000,70002.68000000,69480.00000000,69860.09000000,1196.90076000
2026-03-20T16:00:00+00:00,1774022400000,69860.09000000,70100.00000000,69608.54000000,69829.26000000,922.25773000
2026-03-20T17:00:00+00:00,1774026000000,69829.27000000,70039.78000000,69388.00000000,70000.00000000,998.84797000
2026-03-20T18:00:00+00:00,1774029600000,69999.99000000,70071.81000000,69525.33000000,69770.00000000,630.47960000
2026-03-20T19:00:00+00:00,1774033200000,69770.01000000,70190.18000000,69673.76000000,70177.86000000,528.39593000
2026-03-20T20:00:00+00:00,1774036800000,70177.85000000,70259.28000000,69754.71000000,70057.66000000,435.39665000
2026-03-20T21:00:00+00:00,1774040400000,70057.66000000,70726.13000000,69946.65000000,70540.73000000,780.46042000
2026-03-20T22:00:00+00:00,1774044000000,70540.72000000,70923.75000000,70532.00000000,70767.85000000,591.69583000
2026-03-20T23:00:00+00:00,1774047600000,70767.85000000,70771.13000000,70430.00000000,70510.73000000,372.60008000
2026-03-21T00:00:00+00:00,1774051200000,70510.73000000,70826.00000000,70467.36000000,70682.19000000,274.67077000
2026-03-21T01:00:00+00:00,1774054800000,70682.20000000,70758.50000000,70445.36000000,70464.59000000,375.95226000
2026-03-21T02:00:00+00:00,1774058400000,70464.60000000,70785.90000000,70431.67000000,70737.60000000,316.88084000
2026-03-21T03:00:00+00:00,1774062000000,70737.60000000,70784.07000000,70632.39000000,70657.35000000,226.82019000
2026-03-21T04:00:00+00:00,1774065600000,70657.35000000,70819.00000000,70617.05000000,70642.13000000,487.10407000
2026-03-21T05:00:00+00:00,1774069200000,70642.14000000,70834.46000000,70635.10000000,70697.94000000,941.44912000
2026-03-21T06:00:00+00:00,1774072800000,70697.94000000,70831.14000000,70693.06000000,70774.65000000,857.26608000
2026-03-21T07:00:00+00:00,1774076400000,70773.55000000,70879.76000000,70677.44000000,70727.33000000,431.42703000
2026-03-21T08:00:00+00:00,1774080000000,70727.33000000,70753.79000000,70492.02000000,70594.43000000,956.10118000
2026-03-21T09:00:00+00:00,1774083600000,70594.42000000,70735.36000000,70570.40000000,70661.59000000,204.69969000
2026-03-21T10:00:00+00:00,1774087200000,70661.59000000,70695.32000000,70559.69000000,70605.64000000,524.32782000
2026-03-21T11:00:00+00:00,1774090800000,70605.64000000,70652.73000000,70567.79000000,70652.72000000,360.21459000
2026-03-21T12:00:00+00:00,1774094400000,70652.73000000,70800.00000000,70652.73000000,70722.61000000,199.41863000
2026-03-21T13:00:00+00:00,1774098000000,70722.61000000,70812.74000000,70707.12000000,70740.18000000,171.54370000
2026-03-21T14:00:00+00:00,1774101600000,70740.18000000,71100.94000000,70592.53000000,70629.10000000,873.72717000
2026-03-21T15:00:00+00:00,1774105200000,70629.09000000,70760.00000000,70453.09000000,70630.02000000,399.45062000
2026-03-21T16:00:00+00:00,1774108800000,70630.02000000,70652.64000000,70251.00000000,70301.66000000,435.70425000
2026-03-21T17:00:00+00:00,1774112400000,70301.66000000,70426.18000000,70210.00000000,70304.08000000,444.64800000
2026-03-21T18:00:00+00:00,1774116000000,70303.45000000,70534.38000000,70290.48000000,70389.19000000,200.58580000
2026-03-21T19:00:00+00:00,1774119600000,70389.18000000,70448.79000000,70324.70000000,70396.00000000,140.45698000
2026-03-21T20:00:00+00:00,1774123200000,70396.01000000,70508.11000000,70358.90000000,70462.28000000,697.39549000
2026-03-21T21:00:00+00:00,1774126800000,70462.27000000,70516.82000000,70268.06000000,70345.57000000,629.83259000
2026-03-21T22:00:00+00:00,1774130400000,70345.57000000,70384.95000000,70265.55000000,70277.22000000,737.88495000
2026-03-21T23:00:00+00:00,1774134000000,70277.21000000,70293.82000000,68571.42000000,68918.12000000,2509.60568000
2026-03-22T00:00:00+00:00,1774137600000,68918.12000000,69155.86000000,68228.50000000,68954.71000000,2161.16442000
2026-03-22T01:00:00+00:00,1774141200000,68954.70000000,69100.00000000,68762.31000000,68962.40000000,809.55651000
2026-03-22T02:00:00+00:00,1774144800000,68962.40000000,69411.10000000,68951.21000000,69278.12000000,506.62838000
2026-03-22T03:00:00+00:00,1774148400000,69278.12000000,69588.79000000,69123.13000000,69339.99000000,671.14040000
2026-03-22T04:00:00+00:00,1774152000000,69340.00000000,69526.85000000,69215.89000000,69358.00000000,626.75701000
2026-03-22T05:00:00+00:00,1774155600000,69358.00000000,69358.00000000,69150.00000000,69153.41000000,322.14134000
2026-03-22T06:00:00+00:00,1774159200000,69153.41000000,69245.79000000,69059.87000000,69164.06000000,378.08519000
2026-03-22T07:00:00+00:00,1774162800000,69164.06000000,69250.08000000,68892.93000000,68919.38000000,432.94301000
2026-03-22T08:00:00+00:00,1774166400000,68919.37000000,68990.67000000,68523.96000000,68804.77000000,1053.77702000
2026-03-22T09:00:00+00:00,1774170000000,68804.77000000,68901.65000000,68587.78000000,68826.20000000,383.82763000
2026-03-22T10:00:00+00:00,1774173600000,68826.21000000,68847.83000000,68584.27000000,68648.17000000,360.03346000
2026-03-22T11:00:00+00:00,1774177200000,68648.16000000,68691.03000000,68110.55000000,68217.95000000,784.43160000
2026-03-22T12:00:00+00:00,1774180800000,68217.94000000,68763.18000000,68199.04000000,68654.83000000,484.24300000
2026-03-22T13:00:00+00:00,1774184400000,68654.83000000,68957.24000000,68548.32000000,68700.02000000,548.07349000
2026-03-22T14:00:00+00:00,1774188000000,68700.02000000,68915.27000000,68542.10000000,68711.66000000,385.54476000
2026-03-22T15:00:00+00:00,1774191600000,68711.66000000,69005.71000000,68700.00000000,68847.96000000,391.17296000
2026-03-22T16:00:00+00:00,1774195200000,68847.97000000,68885.53000000,68665.62000000,68805.58000000,258.25035000
2026-03-22T17:00:00+00:00,1774198800000,68805.58000000,68848.32000000,68665.34000000,68673.02000000,252.16281000
2026-03-22T18:00:00+00:00,1774202400000,68672.85000000,68743.18000000,68344.57000000,68618.58000000,340.01718000
2026-03-22T19:00:00+00:00,1774206000000,68618.57000000,68626.07000000,68145.01000000,68199.93000000,472.99305000
2026-03-22T20:00:00+00:00,1774209600000,68199.93000000,68498.40000000,68080.00000000,68176.46000000,319.53245000
2026-03-22T21:00:00+00:00,1774213200000,68176.47000000,68228.71000000,67360.66000000,67899.97000000,1535.47353000
2026-03-22T22:00:00+00:00,1774216800000,67899.97000000,68396.94000000,67571.67000000,68339.37000000,856.56100000
2026-03-22T23:00:00+00:00,1774220400000,68339.38000000,68474.00000000,67839.99000000,67859.00000000,509.27627000
2026-03-23T00:00:00+00:00,1774224000000,67859.00000000,68161.41000000,67445.18000000,67669.99000000,823.69218000
2026-03-23T01:00:00+00:00,1774227600000,67670.00000000,68157.31000000,67536.01000000,67905.00000000,628.21786000
2026-03-23T02:00:00+00:00,1774231200000,67905.00000000,68400.00000000,67801.67000000,68320.72000000,627.90507000
2026-03-23T03:00:00+00:00,1774234800000,68320.72000000,68585.12000000,68059.88000000,68074.60000000,415.80047000
2026-03-23T04:00:00+00:00,1774238400000,68074.60000000,68550.00000000,68057.56000000,68541.00000000,486.61149000
2026-03-23T05:00:00+00:00,1774242000000,68541.00000000,68915.40000000,68541.00000000,68899.92000000,1162.54953000
2026-03-23T06:00:00+00:00,1774245600000,68899.92000000,68904.42000000,67698.86000000,67874.19000000,1218.88217000
2026-03-23T07:00:00+00:00,1774249200000,67874.20000000,68464.42000000,67502.48000000,68333.16000000,1946.35809000
2026-03-23T08:00:00+00:00,1774252800000,68333.16000000,68696.91000000,68328.55000000,68434.26000000,1238.43118000
2026-03-23T09:00:00+00:00,1774256400000,68434.27000000,68471.11000000,67916.14000000,68334.01000000,382.31585000
2026-03-23T10:00:00+00:00,1774260000000,68334.01000000,68714.28000000,68299.82000000,68551.02000000,494.85509000
2026-03-23T11:00:00+00:00,1774263600000,68551.02000000,71499.00000000,68544.15000000,70122.15000000,7050.35572000
2026-03-23T12:00:00+00:00,1774267200000,70122.15000000,70877.35000000,69671.95000000,70752.15000000,1915.66623000
2026-03-23T13:00:00+00:00,1774270800000,70752.14000000,71587.98000000,70600.00000000,71481.13000000,1712.52184000
2026-03-23T14:00:00+00:00,1774274400000,71481.13000000,71817.09000000,71127.14000000,71446.46000000,1663.17727000
2026-03-23T15:00:00+00:00,1774278000000,71446.46000000,71660.01000000,70103.21000000,70131.48000000,2051.70929000
2026-03-23T16:00:00+00:00,1774281600000,70131.48000000,70753.43000000,70131.47000000,70561.54000000,1367.86918000
2026-03-23T17:00:00+00:00,1774285200000,70561.54000000,71119.09000000,70363.63000000,71085.16000000,673.70407000
2026-03-23T18:00:00+00:00,1774288800000,71085.16000000,71195.21000000,70879.85000000,71076.22000000,593.89042000
2026-03-23T19:00:00+00:00,1774292400000,71076.22000000,71246.01000000,70649.40000000,70679.05000000,615.85820000
2026-03-23T20:00:00+00:00,1774296000000,70679.04000000,70983.33000000,70559.03000000,70915.59000000,394.04509000
2026-03-23T21:00:00+00:00,1774299600000,70915.59000000,70998.00000000,70827.66000000,70851.35000000,222.54858000
2026-03-23T22:00:00+00:00,1774303200000,70851.36000000,70896.76000000,70520.22000000,70780.22000000,279.98300000
2026-03-23T23:00:00+00:00,1774306800000,70780.22000000,70998.00000000,70404.39000000,70906.45000000,368.14332000
2026-03-24T00:00:00+00:00,1774310400000,70906.45000000,71099.96000000,70423.36000000,70679.20000000,735.82970000
2026-03-24T01:00:00+00:00,1774314000000,70679.20000000,70891.53000000,70278.46000000,70516.57000000,730.30371000
2026-03-24T02:00:00+00:00,1774317600000,70516.57000000,70698.00000000,70369.46000000,70453.37000000,431.98798000
2026-03-24T03:00:00+00:00,1774321200000,70453.38000000,70583.36000000,70404.54000000,70542.90000000,380.97532000
2026-03-24T04:00:00+00:00,1774324800000,70542.90000000,70741.64000000,70247.91000000,70372.44000000,474.91642000
2026-03-24T05:00:00+00:00,1774328400000,70372.45000000,70374.38000000,70119.06000000,70283.85000000,641.69358000
2026-03-24T06:00:00+00:00,1774332000000,70283.84000000,70572.83000000,70253.23000000,70541.38000000,850.05748000
2026-03-24T07:00:00+00:00,1774335600000,70541.39000000,71400.00000000,70488.00000000,71291.70000000,1722.67702000
2026-03-24T08:00:00+00:00,1774339200000,71291.70000000,71349.10000000,70850.11000000,70964.15000000,725.27631000
2026-03-24T09:00:00+00:00,1774342800000,70964.16000000,71368.61000000,70851.77000000,71316.97000000,511.50447000
2026-03-24T10:00:00+00:00,1774346400000,71316.98000000,71328.59000000,71078.09000000,71272.87000000,680.81546000
2026-03-24T11:00:00+00:00,1774350000000,71272.87000000,71327.26000000,70964.94000000,71157.77000000,560.33228000
2026-03-24T12:00:00+00:00,1774353600000,71157.77000000,71177.66000000,70860.18000000,70956.48000000,460.81810000
2026-03-24T13:00:00+00:00,1774357200000,70956.48000000,71059.59000000,69968.02000000,70100.46000000,1729.62355000
2026-03-24T14:00:00+00:00,1774360800000,70100.46000000,70462.91000000,69507.34000000,69869.93000000,1973.02189000
2026-03-24T15:00:00+00:00,1774364400000,69869.93000000,70255.37000000,69770.85000000,69873.04000000,1419.67177000
2026-03-24T16:00:00+00:00,1774368000000,69873.04000000,70001.92000000,69340.08000000,69476.87000000,889.76128000
2026-03-24T17:00:00+00:00,1774371600000,69476.88000000,69512.73000000,68923.07000000,69238.43000000,1294.24297000
2026-03-24T18:00:00+00:00,1774375200000,69238.44000000,69746.40000000,69168.64000000,69430.24000000,808.06583000
2026-03-24T19:00:00+00:00,1774378800000,69430.25000000,69700.00000000,69277.04000000,69377.33000000,547.42601000
2026-03-24T20:00:00+00:00,1774382400000,69377.33000000,70295.54000000,69296.15000000,70093.19000000,1018.45154000
2026-03-24T21:00:00+00:00,1774386000000,70093.19000000,70400.00000000,69901.39000000,70332.93000000,686.65263000
2026-03-24T22:00:00+00:00,1774389600000,70332.93000000,70586.86000000,70140.50000000,70316.96000000,686.91503000
2026-03-24T23:00:00+00:00,1774393200000,70316.96000000,70832.54000000,70270.00000000,70556.74000000,741.40211000
2026-03-25T00:00:00+00:00,1774396800000,70556.74000000,71100.28000000,70476.90000000,70840.75000000,784.33083000
2026-03-25T01:00:00+00:00,1774400400000,70840.75000000,70977.35000000,70629.72000000,70677.18000000,624.19197000
2026-03-25T02:00:00+00:00,1774404000000,70677.19000000,70781.39000000,70490.77000000,70531.09000000,582.86416000
2026-03-25T03:00:00+00:00,1774407600000,70531.10000000,70808.37000000,70408.00000000,70716.70000000,513.15296000
2026-03-25T04:00:00+00:00,1774411200000,70716.70000000,70977.49000000,70703.83000000,70968.64000000,623.46021000
2026-03-25T05:00:00+00:00,1774414800000,70968.64000000,71345.00000000,70940.00000000,71117.66000000,850.19172000
2026-03-25T06:00:00+00:00,1774418400000,71117.65000000,71260.00000000,70984.67000000,70991.83000000,934.75878000
2026-03-25T07:00:00+00:00,1774422000000,70991.82000000,71270.11000000,70891.31000000,70926.88000000,470.72474000
2026-03-25T08:00:00+00:00,1774425600000,70926.88000000,71503.94000000,70800.00000000,71248.39000000,1150.83138000
2026-03-25T09:00:00+00:00,1774429200000,71248.40000000,71415.12000000,71101.99000000,71345.91000000,598.42707000
2026-03-25T10:00:00+00:00,1774432800000,71345.91000000,71641.91000000,71291.69000000,71501.39000000,485.22161000
2026-03-25T11:00:00+00:00,1774436400000,71501.40000000,72026.09000000,71470.49000000,71678.97000000,1053.03231000
2026-03-25T12:00:00+00:00,1774440000000,71678.97000000,71955.17000000,71105.43000000,71715.24000000,1032.92186000
2026-03-25T13:00:00+00:00,1774443600000,71715.24000000,71963.71000000,71515.84000000,71581.42000000,982.27587000
2026-03-25T14:00:00+00:00,1774447200000,71581.42000000,71699.87000000,71230.51000000,71234.28000000,810.44092000
2026-03-25T15:00:00+00:00,1774450800000,71234.28000000,71301.37000000,70530.47000000,70832.99000000,1384.84596000
2026-03-25T16:00:00+00:00,1774454400000,70832.99000000,71752.88000000,70719.26000000,71324.01000000,1283.82328000
2026-03-25T17:00:00+00:00,1774458000000,71324.01000000,71389.14000000,70720.38000000,70779.00000000,662.98589000
2026-03-25T18:00:00+00:00,1774461600000,70778.99000000,71149.07000000,70681.07000000,70810.34000000,535.29926000
2026-03-25T19:00:00+00:00,1774465200000,70810.34000000,71093.37000000,70777.51000000,70883.31000000,513.05944000
2026-03-25T20:00:00+00:00,1774468800000,70883.32000000,71058.82000000,70646.34000000,71009.50000000,573.58151000
2026-03-25T21:00:00+00:00,1774472400000,71009.50000000,71175.00000000,70949.30000000,71035.24000000,379.86408000
2026-03-25T22:00:00+00:00,1774476000000,71035.25000000,71594.11000000,70947.61000000,71369.08000000,505.87572000
2026-03-25T23:00:00+00:00,1774479600000,71369.07000000,71511.83000000,71189.55000000,71336.53000000,383.33913000
2026-03-26T00:00:00+00:00,1774483200000,71336.53000000,71436.82000000,71142.38000000,71299.27000000,548.42613000
2026-03-26T01:00:00+00:00,1774486800000,71299.27000000,71377.04000000,71159.06000000,71252.11000000,522.16838000
2026-03-26T02:00:00+00:00,1774490400000,71252.11000000,71289.49000000,70672.37000000,70893.01000000,575.89477000
2026-03-26T03:00:00+00:00,1774494000000,70893.01000000,70968.66000000,70685.69000000,70921.47000000,510.54950000
2026-03-26T04:00:00+00:00,1774497600000,70921.47000000,70921.47000000,70721.46000000,70772.01000000,433.11432000
2026-03-26T05:00:00+00:00,1774501200000,70772.01000000,70796.32000000,69942.96000000,70016.98000000,1271.74189000
2026-03-26T06:00:00+00:00,1774504800000,70016.97000000,70152.63000000,69855.73000000,70097.18000000,1016.19011000
2026-03-26T07:00:00+00:00,1774508400000,70097.19000000,70167.60000000,69805.00000000,70087.44000000,713.03812000
2026-03-26T08:00:00+00:00,1774512000000,70087.44000000,70127.69000000,69806.39000000,70024.77000000,510.82818000
2026-03-26T09:00:00+00:00,1774515600000,70024.78000000,70144.44000000,69409.67000000,69562.41000000,1313.07806000
2026-03-26T10:00:00+00:00,1774519200000,69562.41000000,69719.96000000,69464.58000000,69517.68000000,694.15594000
2026-03-26T11:00:00+00:00,1774522800000,69517.68000000,69667.56000000,69192.96000000,69276.01000000,803.66639000
2026-03-26T12:00:00+00:00,1774526400000,69276.01000000,69461.28000000,69226.34000000,69436.42000000,589.82378000
2026-03-26T13:00:00+00:00,1774530000000,69436.42000000,69877.45000000,69218.00000000,69646.59000000,1361.59869000
2026-03-26T14:00:00+00:00,1774533600000,69646.59000000,69837.12000000,69259.25000000,69479.92000000,943.35709000
2026-03-26T15:00:00+00:00,1774537200000,69479.91000000,69497.73000000,68632.40000000,69082.64000000,1805.07582000
2026-03-26T16:00:00+00:00,1774540800000,69082.64000000,69142.94000000,68823.21000000,68932.52000000,949.52674000
2026-03-26T17:00:00+00:00,1774544400000,68932.53000000,69162.00000000,68377.83000000,68486.86000000,1130.52816000
2026-03-26T18:00:00+00:00,1774548000000,68486.86000000,68603.75000000,68153.00000000,68497.25000000,1402.56662000
2026-03-26T19:00:00+00:00,1774551600000,68497.25000000,68681.54000000,68358.80000000,68534.36000000,543.97259000
2026-03-26T20:00:00+00:00,1774555200000,68534.37000000,69478.42000000,68436.74000000,69005.21000000,1707.65634000
2026-03-26T21:00:00+00:00,1774558800000,69005.21000000,69205.43000000,68879.05000000,68921.10000000,598.68777000
2026-03-26T22:00:00+00:00,1774562400000,68921.10000000,69028.89000000,68603.24000000,68892.67000000,484.39394000
2026-03-26T23:00:00+00:00,1774566000000,68892.66000000,68994.16000000,68640.00000000,68820.31000000,390.41835000
2026-03-27T00:00:00+00:00,1774569600000,68820.31000000,68965.15000000,68531.37000000,68785.01000000,634.46014000
2026-03-27T01:00:00+00:00,1774573200000,68785.00000000,69066.51000000,68700.00000000,69051.27000000,555.05692000
2026-03-27T02:00:00+00:00,1774576800000,69051.27000000,69179.05000000,68862.00000000,68903.59000000,948.45642000
2026-03-27T03:00:00+00:00,1774580400000,68903.58000000,68924.00000000,68668.72000000,68767.51000000,576.98772000
2026-03-27T04:00:00+00:00,1774584000000,68767.50000000,68791.40000000,68304.14000000,68578.00000000,846.47748000
2026-03-27T05:00:00+00:00,1774587600000,68577.99000000,68865.88000000,68511.79000000,68630.77000000,773.74806000
2026-03-27T06:00:00+00:00,1774591200000,68630.76000000,68846.00000000,68567.62000000,68656.15000000,672.08820000
2026-03-27T07:00:00+00:00,1774594800000,68656.16000000,68955.53000000,68399.18000000,68540.48000000,1641.76445000
2026-03-27T08:00:00+00:00,1774598400000,68540.49000000,68635.07000000,67609.29000000,67920.50000000,1817.58289000
2026-03-27T09:00:00+00:00,1774602000000,67920.51000000,67960.32000000,67548.67000000,67695.81000000,812.25094000
2026-03-27T10:00:00+00:00,1774605600000,67695.81000000,67778.99000000,66326.38000000,66502.41000000,3012.92630000
2026-03-27T11:00:00+00:00,1774609200000,66502.41000000,66848.05000000,66231.96000000,66702.78000000,1683.20205000
2026-03-27T12:00:00+00:00,1774612800000,66702.78000000,66773.25000000,66432.19000000,66619.76000000,964.55681000
2026-03-27T13:00:00+00:00,1774616400000,66619.75000000,66757.30000000,66025.00000000,66188.32000000,2427.72498000
2026-03-27T14:00:00+00:00,1774620000000,66188.31000000,66404.00000000,65730.17000000,66205.06000000,2475.49917000
2026-03-27T15:00:00+00:00,1774623600000,66205.07000000,66638.25000000,65958.75000000,66112.82000000,2405.26081000
2026-03-27T16:00:00+00:00,1774627200000,66112.82000000,66177.99000000,65812.43000000,65979.29000000,1226.73521000
2026-03-27T17:00:00+00:00,1774630800000,65979.29000000,66290.00000000,65600.00000000,65632.92000000,1002.16119000
2026-03-27T18:00:00+00:00,1774634400000,65632.93000000,65951.96000000,65548.25000000,65836.69000000,915.82085000
2026-03-27T19:00:00+00:00,1774638000000,65836.69000000,66145.00000000,65700.00000000,66040.66000000,818.34010000
2026-03-27T20:00:00+00:00,1774641600000,66040.65000000,66152.51000000,65817.44000000,66020.76000000,511.09525000
2026-03-27T21:00:00+00:00,1774645200000,66020.77000000,66186.01000000,66013.00000000,66098.00000000,636.71362000
2026-03-27T22:00:00+00:00,1774648800000,66098.00000000,66098.01000000,65920.00000000,66020.79000000,739.86415000
2026-03-27T23:00:00+00:00,1774652400000,66020.79000000,66420.75000000,65970.25000000,66407.28000000,504.92186000
2026-03-28T00:00:00+00:00,1774656000000,66407.28000000,66520.46000000,66293.35000000,66431.55000000,499.89072000
2026-03-28T01:00:00+00:00,1774659600000,66431.54000000,66431.55000000,66056.09000000,66178.85000000,613.17173000
2026-03-28T02:00:00+00:00,1774663200000,66178.86000000,66251.67000000,65932.09000000,66053.20000000,490.39923000
2026-03-28T03:00:00+00:00,1774666800000,66053.20000000,66259.66000000,66053.19000000,66240.00000000,705.96536000
2026-03-28T04:00:00+00:00,1774670400000,66240.00000000,66304.72000000,66110.00000000,66285.01000000,452.84284000
2026-03-28T05:00:00+00:00,1774674000000,66285.01000000,66407.96000000,66202.01000000,66341.90000000,675.62625000
2026-03-28T06:00:00+00:00,1774677600000,66341.90000000,66500.00000000,66308.93000000,66382.00000000,485.97016000
2026-03-28T07:00:00+00:00,1774681200000,66382.00000000,66573.61000000,66379.80000000,66561.48000000,737.38217000
2026-03-28T08:00:00+00:00,1774684800000,66561.49000000,66570.09000000,66387.06000000,66409.33000000,708.34892000
2026-03-28T09:00:00+00:00,1774688400000,66409.34000000,66416.77000000,66243.01000000,66311.32000000,634.09125000
2026-03-28T10:00:00+00:00,1774692000000,66311.32000000,66411.79000000,66124.40000000,66221.38000000,306.12343000
2026-03-28T11:00:00+00:00,1774695600000,66221.37000000,66358.00000000,66201.91000000,66319.47000000,223.42305000
2026-03-28T12:00:00+00:00,1774699200000,66319.46000000,66527.01000000,66240.87000000,66455.09000000,344.10648000
2026-03-28T13:00:00+00:00,1774702800000,66455.10000000,67163.99000000,66407.65000000,66835.10000000,1040.57902000
2026-03-28T14:00:00+00:00,1774706400000,66835.10000000,66967.01000000,66666.66000000,66742.10000000,570.49869000
2026-03-28T15:00:00+00:00,1774710000000,66742.09000000,67288.94000000,66717.15000000,67014.91000000,771.68723000
2026-03-28T16:00:00+00:00,1774713600000,67014.92000000,67096.77000000,66855.24000000,66926.95000000,342.70522000
2026-03-28T17:00:00+00:00,1774717200000,66926.94000000,66996.61000000,66704.00000000,66846.21000000,310.89662000
2026-03-28T18:00:00+00:00,1774720800000,66846.20000000,66963.51000000,66834.87000000,66908.03000000,234.04169000
2026-03-28T19:00:00+00:00,1774724400000,66908.03000000,66954.00000000,66804.71000000,66916.52000000,202.96743000
2026-03-28T20:00:00+00:00,1774728000000,66916.52000000,67010.00000000,66906.00000000,66906.00000000,262.72665000
2026-03-28T21:00:00+00:00,1774731600000,66906.00000000,66926.31000000,66600.01000000,66685.53000000,291.07026000
2026-03-28T22:00:00+00:00,1774735200000,66685.53000000,66788.88000000,66588.22000000,66755.88000000,224.47432000
2026-03-28T23:00:00+00:00,1774738800000,66755.88000000,66755.88000000,66283.38000000,66377.03000000,333.40975000
2026-03-29T00:00:00+00:00,1774742400000,66377.04000000,66500.00000000,66281.40000000,66487.93000000,285.17232000
2026-03-29T01:00:00+00:00,1774746000000,66487.93000000,66620.00000000,66385.88000000,66569.22000000,295.19169000
2026-03-29T02:00:00+00:00,1774749600000,66569.22000000,66843.66000000,66540.96000000,66818.00000000,293.83335000
2026-03-29T03:00:00+00:00,1774753200000,66818.01000000,67130.50000000,66760.48000000,66912.00000000,660.94660000
2026-03-29T04:00:00+00:00,1774756800000,66912.00000000,66936.60000000,66717.51000000,66735.14000000,168.57240000
2026-03-29T05:00:00+00:00,1774760400000,66735.14000000,66828.05000000,66597.10000000,66771.94000000,418.44564000
2026-03-29T06:00:00+00:00,1774764000000,66771.94000000,66872.00000000,66636.00000000,66738.50000000,418.74617000
2026-03-29T07:00:00+00:00,1774767600000,66738.50000000,66752.61000000,66556.78000000,66671.00000000,346.10727000
2026-03-29T08:00:00+00:00,1774771200000,66671.00000000,66772.83000000,66600.00000000,66724.00000000,177.06023000
2026-03-29T09:00:00+00:00,1774774800000,66724.00000000,66773.02000000,66549.54000000,66634.01000000,225.04256000
2026-03-29T10:00:00+00:00,1774778400000,66634.01000000,66634.02000000,66418.00000000,66502.79000000,345.86500000
2026-03-29T11:00:00+00:00,1774782000000,66502.80000000,66988.01000000,66502.79000000,66816.28000000,336.66276000
2026-03-29T12:00:00+00:00,1774785600000,66816.29000000,66870.34000000,66703.07000000,66849.88000000,185.85649000
2026-03-29T13:00:00+00:00,1774789200000,66849.88000000,66875.24000000,66524.28000000,66580.36000000,359.56390000
2026-03-29T14:00:00+00:00,1774792800000,66580.36000000,66797.01000000,66461.00000000,66589.64000000,372.89659000
2026-03-29T15:00:00+00:00,1774796400000,66589.64000000,66730.60000000,66334.37000000,66523.00000000,518.27098000
2026-03-29T16:00:00+00:00,1774800000000,66523.01000000,66665.05000000,66435.75000000,66499.35000000,232.56305000
2026-03-29T17:00:00+00:00,1774803600000,66499.36000000,66546.00000000,66158.26000000,66385.84000000,329.15631000
2026-03-29T18:00:00+00:00,1774807200000,66385.84000000,66540.43000000,66321.66000000,66427.26000000,147.43013000
2026-03-29T19:00:00+00:00,1774810800000,66427.27000000,66477.81000000,66323.30000000,66348.62000000,285.67371000
2026-03-29T20:00:00+00:00,1774814400000,66348.61000000,66793.83000000,66348.61000000,66614.05000000,280.05501000
2026-03-29T21:00:00+00:00,1774818000000,66614.04000000,66756.51000000,66509.41000000,66710.12000000,220.10647000
2026-03-29T22:00:00+00:00,1774821600000,66710.12000000,66710.12000000,65000.00000000,65860.31000000,2219.11979000
2026-03-29T23:00:00+00:00,1774825200000,65860.31000000,66382.98000000,65859.91000000,66010.93000000,930.51742000
2026-03-30T00:00:00+00:00,1774828800000,66010.93000000,67059.66000000,65800.59000000,66280.25000000,1328.87485000
2026-03-30T01:00:00+00:00,1774832400000,66280.24000000,66834.79000000,66280.24000000,66653.74000000,685.87133000
2026-03-30T02:00:00+00:00,1774836000000,66653.74000000,67450.00000000,66580.01000000,67121.01000000,1220.60217000
2026-03-30T03:00:00+00:00,1774839600000,67121.01000000,67319.33000000,66977.62000000,67173.80000000,466.26604000
2026-03-30T04:00:00+00:00,1774843200000,67173.80000000,67650.01000000,67167.92000000,67616.29000000,809.57231000
2026-03-30T05:00:00+00:00,1774846800000,67616.28000000,67800.00000000,67442.00000000,67492.46000000,627.15632000
2026-03-30T06:00:00+00:00,1774850400000,67492.46000000,67585.97000000,67278.53000000,67305.14000000,721.78350000
2026-03-30T07:00:00+00:00,1774854000000,67305.14000000,67624.39000000,67227.88000000,67624.39000000,584.47106000
2026-03-30T08:00:00+00:00,1774857600000,67624.39000000,67946.02000000,67604.56000000,67666.44000000,1729.15176000
2026-03-30T09:00:00+00:00,1774861200000,67666.44000000,67698.62000000,67460.00000000,67495.46000000,607.44273000
2026-03-30T10:00:00+00:00,1774864800000,67495.46000000,67518.37000000,67360.41000000,67488.53000000,255.63666000
2026-03-30T11:00:00+00:00,1774868400000,67488.88000000,68042.30000000,67488.88000000,67680.45000000,790.86208000
2026-03-30T12:00:00+00:00,1774872000000,67680.44000000,67979.93000000,67666.17000000,67899.59000000,627.65449000
2026-03-30T13:00:00+00:00,1774875600000,67899.59000000,68169.65000000,67428.57000000,67529.52000000,1379.99177000
2026-03-30T14:00:00+00:00,1774879200000,67529.52000000,67864.49000000,67088.73000000,67799.54000000,1205.57197000
2026-03-30T15:00:00+00:00,1774882800000,67799.54000000,67896.89000000,67407.63000000,67629.40000000,964.70473000
2026-03-30T16:00:00+00:00,1774886400000,67629.40000000,67641.65000000,67222.00000000,67368.10000000,660.26793000
2026-03-30T17:00:00+00:00,1774890000000,67368.10000000,67465.20000000,66650.00000000,66828.02000000,917.71373000
2026-03-30T18:00:00+00:00,1774893600000,66828.02000000,66929.18000000,66508.25000000,66653.46000000,498.11738000
2026-03-30T19:00:00+00:00,1774897200000,66653.45000000,66664.57000000,66233.13000000,66550.05000000,597.89786000
2026-03-30T20:00:00+00:00,1774900800000,66550.06000000,66691.48000000,66523.75000000,66651.40000000,324.61202000
2026-03-30T21:00:00+00:00,1774904400000,66651.41000000,66994.17000000,66587.32000000,66809.30000000,481.42200000
2026-03-30T22:00:00+00:00,1774908000000,66809.30000000,66989.10000000,66683.72000000,66784.98000000,169.50316000
2026-03-30T23:00:00+00:00,1774911600000,66784.97000000,66797.38000000,66419.79000000,66797.37000000,698.24190000
2026-03-31T00:00:00+00:00,1774915200000,66797.38000000,67303.33000000,66544.51000000,67208.75000000,658.94529000
2026-03-31T01:00:00+00:00,1774918800000,67208.74000000,68408.37000000,67050.00000000,67938.54000000,1458.05548000
2026-03-31T02:00:00+00:00,1774922400000,67938.05000000,68096.87000000,67775.18000000,67943.43000000,435.18783000
2026-03-31T03:00:00+00:00,1774926000000,67943.43000000,68009.99000000,67648.20000000,67704.74000000,387.87365000
2026-03-31T04:00:00+00:00,1774929600000,67704.74000000,67979.38000000,67405.89000000,67544.01000000,1149.88888000
2026-03-31T05:00:00+00:00,1774933200000,67544.01000000,67780.34000000,67400.00000000,67681.68000000,653.43122000
2026-03-31T06:00:00+00:00,1774936800000,67681.69000000,67711.02000000,67333.33000000,67492.85000000,511.27605000
2026-03-31T07:00:00+00:00,1774940400000,67492.86000000,67524.65000000,67103.32000000,67367.69000000,1579.98188000
2026-03-31T08:00:00+00:00,1774944000000,67367.70000000,67496.00000000,66688.68000000,66778.33000000,897.84489000
2026-03-31T09:00:00+00:00,1774947600000,66778.34000000,66924.33000000,65998.05000000,66124.99000000,1512.48446000
2026-03-31T10:00:00+00:00,1774951200000,66125.00000000,66471.08000000,66100.01000000,66363.38000000,788.27557000
2026-03-31T11:00:00+00:00,1774954800000,66363.38000000,66922.58000000,66240.14000000,66685.69000000,989.38590000
2026-03-31T12:00:00+00:00,1774958400000,66685.69000000,66939.90000000,66520.71000000,66653.26000000,539.00678000
2026-03-31T13:00:00+00:00,1774962000000,66653.27000000,67412.11000000,66653.27000000,67302.29000000,1087.22021000
2026-03-31T14:00:00+00:00,1774965600000,67302.28000000,67767.87000000,66427.53000000,66587.45000000,1485.37387000
2026-03-31T15:00:00+00:00,1774969200000,66587.46000000,67283.25000000,66587.46000000,66736.80000000,1025.58837000
2026-03-31T16:00:00+00:00,1774972800000,66736.79000000,68030.19000000,66729.28000000,67665.83000000,1334.03651000
2026-03-31T17:00:00+00:00,1774976400000,67665.83000000,68589.49000000,67403.81000000,67526.75000000,2195.81331000
2026-03-31T18:00:00+00:00,1774980000000,67526.76000000,67947.98000000,67526.30000000,67854.05000000,426.40012000
2026-03-31T19:00:00+00:00,1774983600000,67854.04000000,68029.41000000,67716.35000000,67838.80000000,435.24470000
2026-03-31T20:00:00+00:00,1774987200000,67838.79000000,68267.27000000,67831.70000000,68265.53000000,693.06575000
2026-03-31T21:00:00+00:00,1774990800000,68265.53000000,68410.30000000,67884.00000000,68277.99000000,494.48096000
2026-03-31T22:00:00+00:00,1774994400000,68278.00000000,68341.16000000,67962.27000000,68172.87000000,755.55219000
2026-03-31T23:00:00+00:00,1774998000000,68173.59000000,68371.10000000,68090.20000000,68284.48000000,610.99275000
2026-04-01T00:00:00+00:00,1775001600000,68284.49000000,68343.77000000,67853.30000000,68330.75000000,542.79511000
2026-04-01T01:00:00+00:00,1775005200000,68330.76000000,68378.64000000,67760.33000000,67782.73000000,966.68117000
2026-04-01T02:00:00+00:00,1775008800000,67782.74000000,67913.98000000,67578.75000000,67668.89000000,1114.17912000
2026-04-01T03:00:00+00:00,1775012400000,67668.90000000,68250.00000000,67668.90000000,68170.67000000,551.94514000
2026-04-01T04:00:00+00:00,1775016000000,68170.67000000,68476.26000000,68005.33000000,68303.83000000,711.87735000
2026-04-01T05:00:00+00:00,1775019600000,68303.83000000,68755.51000000,68150.00000000,68456.02000000,817.48120000
2026-04-01T06:00:00+00:00,1775023200000,68456.01000000,69236.78000000,68456.01000000,69102.85000000,1241.29278000
2026-04-01T07:00:00+00:00,1775026800000,69102.80000000,69310.00000000,68667.02000000,68692.00000000,1537.59500000
2026-04-01T08:00:00+00:00,1775030400000,68692.00000000,68851.35000000,68389.21000000,68670.16000000,1279.02403000
2026-04-01T09:00:00+00:00,1775034000000,68670.15000000,68733.78000000,68390.25000000,68644.00000000,480.44871000
2026-04-01T10:00:00+00:00,1775037600000,68644.01000000,68662.26000000,68407.08000000,68585.55000000,974.80784000
2026-04-01T11:00:00+00:00,1775041200000,68585.55000000,68736.15000000,68505.91000000,68712.52000000,752.56981000
2026-04-01T12:00:00+00:00,1775044800000,68712.52000000,68786.00000000,68248.30000000,68393.60000000,1365.22557000
2026-04-01T13:00:00+00:00,1775048400000,68393.60000000,68681.25000000,67918.83000000,68116.07000000,1032.06992000
2026-04-01T14:00:00+00:00,1775052000000,68116.06000000,68690.98000000,68059.38000000,68593.55000000,905.17080000
2026-04-01T15:00:00+00:00,1775055600000,68593.56000000,68965.00000000,68428.94000000,68918.52000000,789.38357000
2026-04-01T16:00:00+00:00,1775059200000,68918.52000000,68986.66000000,68610.00000000,68816.34000000,705.16345000
2026-04-01T17:00:00+00:00,1775062800000,68816.35000000,69171.77000000,68247.17000000,68266.62000000,768.87563000
2026-04-01T18:00:00+00:00,1775066400000,68266.62000000,68330.31000000,67939.28000000,68084.76000000,723.37275000
2026-04-01T19:00:00+00:00,1775070000000,68084.76000000,68287.39000000,68028.19000000,68176.84000000,412.79717000
2026-04-01T20:00:00+00:00,1775073600000,68176.84000000,68249.00000000,67964.48000000,68191.09000000,276.10606000
2026-04-01T21:00:00+00:00,1775077200000,68191.09000000,68534.00000000,68171.56000000,68362.53000000,326.52766000
2026-04-01T22:00:00+00:00,1775080800000,68362.53000000,68362.53000000,68070.38000000,68122.99000000,270.47066000
2026-04-01T23:00:00+00:00,1775084400000,68122.99000000,68250.00000000,67996.89000000,68113.92000000,474.32940000
2026-04-02T00:00:00+00:00,1775088000000,68113.92000000,68653.38000000,68050.00000000,68600.29000000,409.19040000
2026-04-02T01:00:00+00:00,1775091600000,68600.29000000,68600.29000000,67050.84000000,67359.27000000,1944.08944000
2026-04-02T02:00:00+00:00,1775095200000,67359.27000000,67359.27000000,66624.64000000,66852.99000000,1169.08434000
2026-04-02T03:00:00+00:00,1775098800000,66852.99000000,66969.54000000,66500.00000000,66576.25000000,767.73135000
2026-04-02T04:00:00+00:00,1775102400000,66576.25000000,66655.46000000,66217.07000000,66330.27000000,889.41375000
2026-04-02T05:00:00+00:00,1775106000000,66330.27000000,66667.92000000,66311.00000000,66591.54000000,966.27870000
2026-04-02T06:00:00+00:00,1775109600000,66591.54000000,66824.95000000,66548.45000000,66681.49000000,493.29026000
2026-04-02T07:00:00+00:00,1775113200000,66681.48000000,66961.26000000,66557.33000000,66930.79000000,645.82875000
2026-04-02T08:00:00+00:00,1775116800000,66930.79000000,66930.79000000,66180.00000000,66439.12000000,781.90752000
2026-04-02T09:00:00+00:00,1775120400000,66439.12000000,66517.43000000,66294.00000000,66469.60000000,483.38047000
2026-04-02T10:00:00+00:00,1775124000000,66469.60000000,66511.79000000,66229.55000000,66457.28000000,452.52391000
2026-04-02T11:00:00+00:00,1775127600000,66457.28000000,66516.06000000,66167.10000000,66220.28000000,1122.63022000
2026-04-02T12:00:00+00:00,1775131200000,66220.28000000,66248.51000000,65961.66000000,66052.71000000,1024.11018000
2026-04-02T13:00:00+00:00,1775134800000,66052.71000000,66285.81000000,65712.12000000,66270.87000000,1225.30288000
2026-04-02T14:00:00+00:00,1775138400000,66270.87000000,67104.86000000,66168.07000000,66868.18000000,1908.17735000
2026-04-02T15:00:00+00:00,1775142000000,66868.17000000,66994.51000000,66646.36000000,66852.91000000,825.60342000
2026-04-02T16:00:00+00:00,1775145600000,66852.91000000,67300.00000000,66759.28000000,67095.85000000,920.46412000
2026-04-02T17:00:00+00:00,1775149200000,67095.85000000,67430.99000000,66666.66000000,66679.16000000,1455.89824000
2026-04-02T18:00:00+00:00,1775152800000,66679.16000000,67065.35000000,66596.80000000,66981.99000000,929.27922000
2026-04-02T19:00:00+00:00,1775156400000,66981.99000000,67109.09000000,66878.00000000,66975.99000000,436.15774000
2026-04-02T20:00:00+00:00,1775160000000,66976.00000000,67100.00000000,66798.00000000,66939.25000000,284.18038000
2026-04-02T21:00:00+00:00,1775163600000,66939.25000000,67012.09000000,66731.08000000,66935.93000000,272.54969000
2026-04-02T22:00:00+00:00,1775167200000,66935.94000000,67037.48000000,66825.61000000,66982.48000000,352.22156000
2026-04-02T23:00:00+00:00,1775170800000,66982.48000000,67096.68000000,66855.50000000,66901.99000000,444.18527000
2026-04-03T00:00:00+00:00,1775174400000,66901.99000000,67000.00000000,66702.83000000,66785.86000000,388.08477000
2026-04-03T01:00:00+00:00,1775178000000,66785.87000000,66905.61000000,66483.90000000,66630.00000000,613.91410000
2026-04-03T02:00:00+00:00,1775181600000,66630.01000000,66750.57000000,66282.00000000,66533.81000000,625.36210000
2026-04-03T03:00:00+00:00,1775185200000,66533.82000000,66724.17000000,66495.69000000,66579.97000000,581.20992000
2026-04-03T04:00:00+00:00,1775188800000,66579.98000000,66699.99000000,66500.04000000,66602.66000000,733.15532000
2026-04-03T05:00:00+00:00,1775192400000,66602.67000000,66808.50000000,66416.68000000,66600.35000000,822.39566000
2026-04-03T06:00:00+00:00,1775196000000,66600.35000000,66800.00000000,66558.76000000,66796.79000000,434.29670000
2026-04-03T07:00:00+00:00,1775199600000,66796.80000000,67247.38000000,66758.00000000,67042.08000000,883.37731000
2026-04-03T08:00:00+00:00,1775203200000,67042.08000000,67288.00000000,66900.56000000,66965.39000000,717.16964000
2026-04-03T09:00:00+00:00,1775206800000,66965.39000000,67007.93000000,66749.35000000,66859.58000000,291.40037000
2026-04-03T10:00:00+00:00,1775210400000,66859.58000000,66898.97000000,66674.72000000,66883.08000000,215.33139000
2026-04-03T11:00:00+00:00,1775214000000,66883.09000000,67057.42000000,66823.18000000,67017.44000000,215.91455000
2026-04-03T12:00:00+00:00,1775217600000,67017.43000000,67370.42000000,66646.36000000,66722.16000000,808.01051000
2026-04-03T13:00:00+00:00,1775221200000,66722.16000000,66735.62000000,66508.10000000,66672.00000000,554.93399000
2026-04-03T14:00:00+00:00,1775224800000,66671.99000000,66990.59000000,66634.00000000,66929.81000000,530.03077000
2026-04-03T15:00:00+00:00,1775228400000,66929.80000000,67028.37000000,66823.30000000,66827.15000000,465.79672000
2026-04-03T16:00:00+00:00,1775232000000,66827.15000000,67069.00000000,66827.14000000,67010.46000000,361.06450000
2026-04-03T17:00:00+00:00,1775235600000,67010.45000000,67067.00000000,66751.86000000,66855.01000000,378.12395000
2026-04-03T18:00:00+00:00,1775239200000,66855.00000000,66930.00000000,66786.12000000,66812.03000000,187.13591000
2026-04-03T19:00:00+00:00,1775242800000,66812.04000000,66911.19000000,66774.02000000,66885.74000000,289.39585000
2026-04-03T20:00:00+00:00,1775246400000,66885.73000000,66919.61000000,66831.97000000,66831.98000000,141.97965000
2026-04-03T21:00:00+00:00,1775250000000,66831.97000000,66970.18000000,66827.60000000,66964.21000000,378.17654000
2026-04-03T22:00:00+00:00,1775253600000,66964.21000000,66970.17000000,66842.76000000,66888.76000000,287.42422000
2026-04-03T23:00:00+00:00,1775257200000,66888.76000000,66964.30000000,66826.13000000,66964.30000000,525.44687000
2026-04-04T00:00:00+00:00,1775260800000,66964.29000000,66968.28000000,66876.70000000,66893.39000000,159.10280000
2026-04-04T01:00:00+00:00,1775264400000,66893.40000000,66924.48000000,66827.22000000,66852.00000000,418.46364000
2026-04-04T02:00:00+00:00,1775268000000,66852.00000000,66919.41000000,66814.00000000,66844.83000000,138.81793000
2026-04-04T03:00:00+00:00,1775271600000,66844.84000000,66910.22000000,66830.23000000,66832.18000000,86.81929000
2026-04-04T04:00:00+00:00,1775275200000,66832.18000000,66876.32000000,66775.91000000,66860.73000000,180.50471000
2026-04-04T05:00:00+00:00,1775278800000,66860.73000000,66936.72000000,66844.14000000,66916.29000000,629.01422000
2026-04-04T06:00:00+00:00,1775282400000,66916.30000000,67049.94000000,66911.20000000,67013.24000000,254.32193000
2026-04-04T07:00:00+00:00,1775286000000,67013.25000000,67052.99000000,66943.34000000,67014.96000000,664.43952000
2026-04-04T08:00:00+00:00,1775289600000,67014.95000000,67057.42000000,66918.00000000,66940.00000000,398.19184000
2026-04-04T09:00:00+00:00,1775293200000,66940.00000000,66994.52000000,66918.00000000,66988.05000000,295.09328000
2026-04-04T10:00:00+00:00,1775296800000,66988.06000000,67167.00000000,66918.00000000,67167.00000000,290.85424000
2026-04-04T11:00:00+00:00,1775300400000,67167.00000000,67232.72000000,67083.43000000,67156.93000000,363.18025000
2026-04-04T12:00:00+00:00,1775304000000,67156.93000000,67185.00000000,67060.56000000,67097.87000000,140.59027000
2026-04-04T13:00:00+00:00,1775307600000,67097.87000000,67267.00000000,67082.41000000,67193.44000000,362.06124000
2026-04-04T14:00:00+00:00,1775311200000,67193.45000000,67223.51000000,67029.07000000,67215.24000000,369.07128000
2026-04-04T15:00:00+00:00,1775314800000,67215.24000000,67562.93000000,67177.39000000,67383.66000000,635.57272000
2026-04-04T16:00:00+00:00,1775318400000,67383.66000000,67520.85000000,67331.06000000,67366.68000000,294.26452000
2026-04-04T17:00:00+00:00,1775322000000,67366.68000000,67416.48000000,67292.00000000,67329.40000000,254.01236000
2026-04-04T18:00:00+00:00,1775325600000,67329.41000000,67380.98000000,67265.00000000,67295.47000000,120.36154000
2026-04-04T19:00:00+00:00,1775329200000,67295.47000000,67543.60000000,67275.00000000,67288.42000000,189.77457000
2026-04-04T20:00:00+00:00,1775332800000,67288.42000000,67295.81000000,67186.62000000,67268.40000000,186.97188000
2026-04-04T21:00:00+00:00,1775336400000,67268.40000000,67504.54000000,67215.00000000,67359.20000000,238.42540000
2026-04-04T22:00:00+00:00,1775340000000,67359.21000000,67470.93000000,67341.19000000,67399.92000000,306.33880000
2026-04-04T23:00:00+00:00,1775343600000,67399.91000000,67399.99000000,67261.32000000,67300.42000000,397.26790000
2026-04-05T00:00:00+00:00,1775347200000,67300.42000000,67307.28000000,67168.08000000,67225.00000000,431.18676000
2026-04-05T01:00:00+00:00,1775350800000,67225.00000000,67230.00000000,67080.00000000,67085.00000000,369.56535000
2026-04-05T02:00:00+00:00,1775354400000,67085.00000000,67174.92000000,66955.72000000,67170.16000000,252.42427000
2026-04-05T03:00:00+00:00,1775358000000,67170.17000000,67188.09000000,67089.33000000,67145.98000000,163.69484000
2026-04-05T04:00:00+00:00,1775361600000,67145.98000000,67188.51000000,67073.56000000,67101.65000000,92.89503000
2026-04-05T05:00:00+00:00,1775365200000,67101.65000000,67154.98000000,66888.00000000,66931.65000000,466.39184000
2026-04-05T06:00:00+00:00,1775368800000,66931.65000000,66940.00000000,66611.66000000,66802.24000000,728.34135000
2026-04-05T07:00:00+00:00,1775372400000,66802.24000000,66914.48000000,66715.43000000,66820.64000000,615.79892000
2026-04-05T08:00:00+00:00,1775376000000,66820.64000000,66940.00000000,66819.42000000,66933.18000000,227.07394000
2026-04-05T09:00:00+00:00,1775379600000,66933.18000000,67048.64000000,66902.15000000,67035.15000000,293.93169000
2026-04-05T10:00:00+00:00,1775383200000,67035.15000000,67150.00000000,66968.35000000,67046.01000000,288.35183000
2026-04-05T11:00:00+00:00,1775386800000,67046.01000000,67087.22000000,66973.67000000,66999.00000000,253.07128000
2026-04-05T12:00:00+00:00,1775390400000,66998.99000000,66999.00000000,66680.57000000,66783.58000000,607.98096000
2026-04-05T13:00:00+00:00,1775394000000,66783.59000000,66918.03000000,66693.91000000,66890.70000000,361.31735000
2026-04-05T14:00:00+00:00,1775397600000,66890.70000000,66963.95000000,66820.54000000,66918.03000000,296.03960000
2026-04-05T15:00:00+00:00,1775401200000,66918.03000000,67856.16000000,66829.02000000,67306.64000000,1471.07760000
2026-04-05T16:00:00+00:00,1775404800000,67306.65000000,67410.00000000,67173.40000000,67212.62000000,356.80623000
2026-04-05T17:00:00+00:00,1775408400000,67212.61000000,67402.00000000,67187.95000000,67373.64000000,168.11139000
2026-04-05T18:00:00+00:00,1775412000000,67373.64000000,67451.78000000,67281.38000000,67413.78000000,210.99631000
2026-04-05T19:00:00+00:00,1775415600000,67413.78000000,67560.45000000,67276.67000000,67361.01000000,229.64378000
2026-04-05T20:00:00+00:00,1775419200000,67361.01000000,67705.74000000,67332.66000000,67658.35000000,338.30366000
2026-04-05T21:00:00+00:00,1775422800000,67658.35000000,67682.42000000,67408.07000000,67553.43000000,435.91664000
2026-04-05T22:00:00+00:00,1775426400000,67553.44000000,68374.75000000,67347.05000000,68338.43000000,1201.92322000
2026-04-05T23:00:00+00:00,1775430000000,68338.43000000,69136.20000000,68266.13000000,69034.18000000,1872.62368000
2026-04-06T00:00:00+00:00,1775433600000,69034.18000000,69588.00000000,69034.18000000,69083.78000000,1917.91608000
2026-04-06T01:00:00+00:00,1775437200000,69083.79000000,69139.63000000,68787.13000000,68810.18000000,991.41564000
2026-04-06T02:00:00+00:00,1775440800000,68810.17000000,69408.39000000,68776.61000000,69207.99000000,951.83494000
2026-04-06T03:00:00+00:00,1775444400000,69207.99000000,69259.06000000,69056.86000000,69123.69000000,641.74895000
2026-04-06T04:00:00+00:00,1775448000000,69123.69000000,69217.68000000,68980.36000000,69141.80000000,640.03746000
2026-04-06T05:00:00+00:00,1775451600000,69141.81000000,69247.00000000,69086.00000000,69199.31000000,664.48642000
2026-04-06T06:00:00+00:00,1775455200000,69199.31000000,69354.26000000,68806.53000000,68976.67000000,805.10068000
2026-04-06T07:00:00+00:00,1775458800000,68976.67000000,69215.37000000,68821.07000000,69115.91000000,705.20265000
2026-04-06T08:00:00+00:00,1775462400000,69115.91000000,69347.85000000,69081.88000000,69224.63000000,514.80546000
2026-04-06T09:00:00+00:00,1775466000000,69224.63000000,70283.32000000,69214.46000000,69728.00000000,2395.68342000
2026-04-06T10:00:00+00:00,1775469600000,69728.01000000,69950.00000000,69708.13000000,69770.88000000,634.91449000
2026-04-06T11:00:00+00:00,1775473200000,69770.88000000,69770.96000000,69565.01000000,69614.91000000,453.63795000
2026-04-06T12:00:00+00:00,1775476800000,69614.91000000,69635.87000000,69329.23000000,69366.75000000,601.70240000
2026-04-06T13:00:00+00:00,1775480400000,69366.76000000,69550.00000000,69235.09000000,69428.23000000,656.60844000
2026-04-06T14:00:00+00:00,1775484000000,69428.23000000,69809.99000000,69163.86000000,69654.38000000,1336.92282000
2026-04-06T15:00:00+00:00,1775487600000,69654.39000000,69973.25000000,69526.87000000,69968.87000000,814.13173000
2026-04-06T16:00:00+00:00,1775491200000,69968.87000000,70351.46000000,69782.11000000,69799.14000000,1291.21899000
2026-04-06T17:00:00+00:00,1775494800000,69799.14000000,69820.00000000,69282.02000000,69574.61000000,914.30002000
2026-04-06T18:00:00+00:00,1775498400000,69574.62000000,69967.78000000,69479.49000000,69888.97000000,537.79955000
2026-04-06T19:00:00+00:00,1775502000000,69888.97000000,69899.99000000,69583.33000000,69739.53000000,431.93913000
2026-04-06T20:00:00+00:00,1775505600000,69739.52000000,69974.08000000,69625.00000000,69826.01000000,372.95882000
2026-04-06T21:00:00+00:00,1775509200000,69826.00000000,69826.00000000,69423.09000000,69504.99000000,366.00988000
2026-04-06T22:00:00+00:00,1775512800000,69504.99000000,69581.92000000,68811.00000000,68811.00000000,578.82627000
2026-04-06T23:00:00+00:00,1775516400000,68811.01000000,68912.97000000,68300.00000000,68853.66000000,1062.40825000
2026-04-07T00:00:00+00:00,1775520000000,68853.66000000,69128.20000000,68723.81000000,68775.70000000,908.20417000
2026-04-07T01:00:00+00:00,1775523600000,68775.71000000,68900.63000000,68352.52000000,68400.01000000,682.14287000
2026-04-07T02:00:00+00:00,1775527200000,68400.01000000,68713.92000000,68273.34000000,68674.00000000,382.32486000
2026-04-07T03:00:00+00:00,1775530800000,68674.01000000,68800.94000000,68625.59000000,68779.21000000,449.64401000
2026-04-07T04:00:00+00:00,1775534400000,68779.20000000,68981.83000000,68540.84000000,68854.65000000,480.37449000
2026-04-07T05:00:00+00:00,1775538000000,68854.65000000,68866.00000000,68613.20000000,68669.00000000,546.70209000
2026-04-07T06:00:00+00:00,1775541600000,68669.00000000,68669.01000000,68443.00000000,68568.35000000,488.73987000
2026-04-07T07:00:00+00:00,1775545200000,68568.35000000,68703.72000000,68500.00000000,68624.61000000,307.81904000
2026-04-07T08:00:00+00:00,1775548800000,68624.60000000,68984.48000000,68603.60000000,68936.71000000,338.93457000
2026-04-07T09:00:00+00:00,1775552400000,68936.71000000,69247.90000000,68930.04000000,69150.05000000,436.92801000
2026-04-07T10:00:00+00:00,1775556000000,69150.06000000,69199.87000000,68200.00000000,68237.93000000,899.01254000
2026-04-07T11:00:00+00:00,1775559600000,68237.93000000,68455.96000000,68071.96000000,68345.75000000,598.71022000
2026-04-07T12:00:00+00:00,1775563200000,68345.75000000,68599.13000000,68080.00000000,68392.18000000,738.67705000
2026-04-07T13:00:00+00:00,1775566800000,68392.19000000,68633.87000000,68198.12000000,68231.99000000,822.06110000
2026-04-07T14:00:00+00:00,1775570400000,68231.99000000,68258.26000000,67763.64000000,67860.48000000,1396.10082000
2026-04-07T15:00:00+00:00,1775574000000,67860.49000000,68268.60000000,67732.01000000,68168.10000000,1084.45539000
2026-04-07T16:00:00+00:00,1775577600000,68168.11000000,68454.23000000,68085.01000000,68229.99000000,654.26405000
2026-04-07T17:00:00+00:00,1775581200000,68230.00000000,69000.00000000,68198.22000000,68705.81000000,1147.70463000
2026-04-07T18:00:00+00:00,1775584800000,68705.82000000,68773.24000000,68358.10000000,68442.53000000,630.41269000
2026-04-07T19:00:00+00:00,1775588400000,68442.52000000,69098.44000000,68358.10000000,69011.29000000,1385.03929000
2026-04-07T20:00:00+00:00,1775592000000,69011.29000000,69535.26000000,69011.29000000,69319.39000000,1097.55478000
2026-04-07T21:00:00+00:00,1775595600000,69319.39000000,70216.68000000,69311.84000000,69927.64000000,1742.03489000
2026-04-07T22:00:00+00:00,1775599200000,69927.65000000,71528.00000000,69927.65000000,71514.09000000,2841.66596000
2026-04-07T23:00:00+00:00,1775602800000,71514.10000000,72761.00000000,71194.90000000,71924.22000000,3690.98922000
2026-04-08T00:00:00+00:00,1775606400000,71924.22000000,72110.65000000,71541.51000000,71710.19000000,1153.45069000
2026-04-08T01:00:00+00:00,1775610000000,71710.19000000,71758.60000000,71452.68000000,71476.97000000,621.62060000
2026-04-08T02:00:00+00:00,1775613600000,71476.98000000,71727.01000000,71240.99000000,71364.94000000,1153.76247000
2026-04-08T03:00:00+00:00,1775617200000,71364.95000000,71479.97000000,71277.18000000,71287.39000000,441.23135000
2026-04-08T04:00:00+00:00,1775620800000,71287.39000000,71676.77000000,71287.38000000,71566.18000000,721.11279000
2026-04-08T05:00:00+00:00,1775624400000,71566.66000000,71831.60000000,71560.00000000,71731.10000000,821.79755000
2026-04-08T06:00:00+00:00,1775628000000,71731.10000000,71941.42000000,71581.14000000,71732.69000000,811.19618000
2026-04-08T07:00:00+00:00,1775631600000,71732.70000000,71902.00000000,71573.04000000,71627.59000000,943.84918000
2026-04-08T08:00:00+00:00,1775635200000,71627.59000000,71831.08000000,71627.59000000,71800.00000000,501.15204000
2026-04-08T09:00:00+00:00,1775638800000,71799.99000000,71955.00000000,71588.75000000,71678.87000000,419.99950000
2026-04-08T10:00:00+00:00,1775642400000,71678.87000000,71790.00000000,71457.61000000,71476.98000000,514.21900000
2026-04-08T11:00:00+00:00,1775646000000,71476.97000000,71739.67000000,71407.77000000,71675.12000000,779.27898000
2026-04-08T12:00:00+00:00,1775649600000,71675.12000000,72181.81000000,71581.76000000,72071.95000000,1226.00544000
2026-04-08T13:00:00+00:00,1775653200000,72071.95000000,72857.00000000,71510.00000000,71600.01000000,2821.31683000
2026-04-08T14:00:00+00:00,1775656800000,71600.00000000,71751.42000000,70707.23000000,70912.88000000,1895.54834000
2026-04-08T15:00:00+00:00,1775660400000,70912.89000000,71349.05000000,70833.30000000,71310.00000000,873.16856000
2026-04-08T16:00:00+00:00,1775664000000,71309.99000000,71699.00000000,71250.93000000,71602.10000000,757.94566000
2026-04-08T17:00:00+00:00,1775667600000,71602.11000000,71963.94000000,71490.55000000,71888.19000000,682.09647000
2026-04-08T18:00:00+00:00,1775671200000,71888.19000000,71888.20000000,71085.22000000,71099.63000000,703.75724000
2026-04-08T19:00:00+00:00,1775674800000,71099.63000000,71372.22000000,71019.00000000,71318.48000000,473.49397000
2026-04-08T20:00:00+00:00,1775678400000,71318.47000000,71481.70000000,71267.91000000,71372.93000000,226.24698000
2026-04-08T21:00:00+00:00,1775682000000,71372.94000000,71748.00000000,71330.86000000,71551.39000000,367.89907000
2026-04-08T22:00:00+00:00,1775685600000,71551.40000000,71571.60000000,71064.84000000,71064.84000000,374.67564000
2026-04-08T23:00:00+00:00,1775689200000,71064.84000000,71204.00000000,70901.89000000,71069.93000000,517.86174000
2026-04-09T00:00:00+00:00,1775692800000,71069.93000000,71133.71000000,70650.00000000,70815.50000000,677.85142000
2026-04-09T01:00:00+00:00,1775696400000,70815.50000000,70956.70000000,70466.00000000,70928.89000000,495.03665000
2026-04-09T02:00:00+00:00,1775700000000,70928.90000000,71198.80000000,70816.36000000,71060.64000000,664.15391000
2026-04-09T03:00:00+00:00,1775703600000,71060.64000000,71124.05000000,70845.27000000,70992.39000000,808.25356000
2026-04-09T04:00:00+00:00,1775707200000,70992.37000000,71006.13000000,70734.77000000,70782.00000000,304.15042000
2026-04-09T05:00:00+00:00,1775710800000,70781.99000000,71087.12000000,70689.38000000,70984.00000000,495.40100000
2026-04-09T06:00:00+00:00,1775714400000,70983.99000000,71082.71000000,70809.94000000,71031.84000000,538.94746000
2026-04-09T07:00:00+00:00,1775718000000,71031.83000000,71116.00000000,70955.40000000,70982.01000000,922.88611000
2026-04-09T08:00:00+00:00,1775721600000,70982.01000000,71380.00000000,70865.42000000,71249.51000000,562.42694000
2026-04-09T09:00:00+00:00,1775725200000,71249.51000000,71575.00000000,71109.99000000,71534.68000000,512.02010000
2026-04-09T10:00:00+00:00,1775728800000,71534.69000000,71534.69000000,71276.44000000,71276.45000000,304.66693000
2026-04-09T11:00:00+00:00,1775732400000,71276.45000000,71350.00000000,71038.50000000,71150.17000000,446.85377000
2026-04-09T12:00:00+00:00,1775736000000,71150.17000000,71328.79000000,71040.00000000,71279.63000000,382.04593000
2026-04-09T13:00:00+00:00,1775739600000,71279.63000000,71355.24000000,70629.30000000,70801.98000000,696.59545000
2026-04-09T14:00:00+00:00,1775743200000,70801.97000000,71250.39000000,70522.77000000,71123.71000000,873.72309000
2026-04-09T15:00:00+00:00,1775746800000,71123.71000000,72358.00000000,70929.44000000,72141.99000000,2048.75279000
2026-04-09T16:00:00+00:00,1775750400000,72142.00000000,72399.00000000,71729.66000000,72080.87000000,1429.68310000
2026-04-09T17:00:00+00:00,1775754000000,72080.86000000,72550.00000000,72062.38000000,72347.49000000,1415.90923000
2026-04-09T18:00:00+00:00,1775757600000,72348.00000000,72380.70000000,71747.68000000,71888.69000000,560.32535000
2026-04-09T19:00:00+00:00,1775761200000,71888.69000000,72300.00000000,71750.00000000,72096.32000000,607.89039000
2026-04-09T20:00:00+00:00,1775764800000,72096.33000000,72458.31000000,71985.95000000,72413.97000000,497.89389000
2026-04-09T21:00:00+00:00,1775768400000,72413.96000000,72700.00000000,72142.79000000,72264.95000000,771.79321000
2026-04-09T22:00:00+00:00,1775772000000,72264.96000000,73145.00000000,71945.94000000,71946.01000000,1345.32358000
2026-04-09T23:00:00+00:00,1775775600000,71946.01000000,72025.53000000,71585.25000000,71787.97000000,795.83731000
2026-04-10T00:00:00+00:00,1775779200000,71787.98000000,72028.40000000,71573.35000000,71963.03000000,967.97430000
2026-04-10T01:00:00+00:00,1775782800000,71963.04000000,72387.00000000,71673.48000000,72157.93000000,679.67117000
2026-04-10T02:00:00+00:00,1775786400000,72157.93000000,72291.04000000,71921.59000000,71965.36000000,515.54191000
2026-04-10T03:00:00+00:00,1775790000000,71965.36000000,72027.37000000,71813.73000000,71868.67000000,543.68867000
2026-04-10T04:00:00+00:00,1775793600000,71868.67000000,72212.84000000,71820.47000000,72117.29000000,734.17151000
2026-04-10T05:00:00+00:00,1775797200000,72117.29000000,72267.89000000,72010.40000000,72127.84000000,408.69549000
2026-04-10T06:00:00+00:00,1775800800000,72127.84000000,72179.85000000,71792.01000000,71805.38000000,448.00931000
2026-04-10T07:00:00+00:00,1775804400000,71805.39000000,71837.59000000,71428.00000000,71481.85000000,702.39043000
2026-04-10T08:00:00+00:00,1775808000000,71481.85000000,71769.41000000,71426.15000000,71606.07000000,624.89096000
2026-04-10T09:00:00+00:00,1775811600000,71606.08000000,71873.00000000,71583.47000000,71787.41000000,281.02303000
2026-04-10T10:00:00+00:00,1775815200000,71787.41000000,71928.29000000,71711.60000000,71910.09000000,238.63388000
2026-04-10T11:00:00+00:00,1775818800000,71910.10000000,72261.93000000,71903.69000000,72127.59000000,421.17579000
2026-04-10T12:00:00+00:00,1775822400000,72127.59000000,72458.00000000,72007.50000000,72258.68000000,733.42450000
2026-04-10T13:00:00+00:00,1775826000000,72258.69000000,72409.41000000,71899.51000000,72321.40000000,673.26680000
2026-04-10T14:00:00+00:00,1775829600000,72321.39000000,73155.58000000,72258.00000000,72909.00000000,2362.61980000
2026-04-10T15:00:00+00:00,1775833200000,72909.00000000,73289.96000000,72355.87000000,72460.51000000,1324.05053000
2026-04-10T16:00:00+00:00,1775836800000,72460.52000000,73069.40000000,72387.41000000,72992.33000000,733.09003000
2026-04-10T17:00:00+00:00,1775840400000,72992.32000000,73146.00000000,72802.96000000,73121.66000000,454.50524000
2026-04-10T18:00:00+00:00,1775844000000,73121.66000000,73159.81000000,72880.95000000,73107.07000000,597.01721000
2026-04-10T19:00:00+00:00,1775847600000,73107.07000000,73264.76000000,72900.00000000,73236.11000000,713.54118000
2026-04-10T20:00:00+00:00,1775851200000,73236.11000000,73434.00000000,73051.97000000,73361.68000000,872.16866000
2026-04-10T21:00:00+00:00,1775854800000,73361.68000000,73364.47000000,72934.53000000,73190.67000000,654.89865000
2026-04-10T22:00:00+00:00,1775858400000,73190.68000000,73244.03000000,72700.60000000,72877.00000000,798.34690000
2026-04-10T23:00:00+00:00,1775862000000,72877.01000000,72967.79000000,72791.96000000,72962.70000000,889.83693000
2026-04-11T00:00:00+00:00,1775865600000,72962.71000000,72962.71000000,72787.94000000,72828.42000000,801.54149000
2026-04-11T01:00:00+00:00,1775869200000,72828.42000000,72999.99000000,72670.00000000,72954.39000000,320.30020000
2026-04-11T02:00:00+00:00,1775872800000,72954.39000000,73094.89000000,72910.93000000,72966.57000000,288.43552000
2026-04-11T03:00:00+00:00,1775876400000,72966.58000000,73075.34000000,72814.42000000,72866.63000000,227.12944000
2026-04-11T04:00:00+00:00,1775880000000,72866.62000000,72954.28000000,72681.90000000,72806.08000000,298.14959000
2026-04-11T05:00:00+00:00,1775883600000,72806.08000000,72836.55000000,72679.08000000,72722.28000000,222.17067000
2026-04-11T06:00:00+00:00,1775887200000,72722.28000000,72771.32000000,72612.16000000,72762.00000000,590.44339000
2026-04-11T07:00:00+00:00,1775890800000,72762.01000000,72832.00000000,72672.56000000,72745.38000000,321.42327000
2026-04-11T08:00:00+00:00,1775894400000,72745.38000000,72799.57000000,72638.44000000,72664.17000000,263.67236000
2026-04-11T09:00:00+00:00,1775898000000,72664.16000000,72908.00000000,72617.75000000,72907.11000000,306.96352000
2026-04-11T10:00:00+00:00,1775901600000,72907.12000000,72915.95000000,72760.90000000,72843.71000000,224.83128000
2026-04-11T11:00:00+00:00,1775905200000,72843.70000000,72912.00000000,72826.37000000,72907.05000000,109.63598000
2026-04-11T12:00:00+00:00,1775908800000,72907.05000000,72982.40000000,72814.97000000,72940.49000000,180.21756000
2026-04-11T13:00:00+00:00,1775912400000,72940.50000000,72940.50000000,72513.09000000,72658.07000000,493.97275000
2026-04-11T14:00:00+00:00,1775916000000,72658.07000000,72770.91000000,72609.27000000,72704.67000000,212.83973000
2026-04-11T15:00:00+00:00,1775919600000,72704.66000000,72896.03000000,72678.00000000,72858.17000000,246.74388000
2026-04-11T16:00:00+00:00,1775923200000,72858.18000000,73204.74000000,72812.94000000,73034.33000000,656.04744000
2026-04-11T17:00:00+00:00,1775926800000,73034.34000000,73169.04000000,72942.06000000,73095.97000000,269.56328000
2026-04-11T18:00:00+00:00,1775930400000,73095.97000000,73726.13000000,73032.61000000,73547.89000000,856.65701000
2026-04-11T19:00:00+00:00,1775934000000,73547.90000000,73790.00000000,73472.38000000,73687.15000000,595.03700000
2026-04-11T20:00:00+00:00,1775937600000,73687.16000000,73689.97000000,73226.28000000,73290.43000000,395.49217000
2026-04-11T21:00:00+00:00,1775941200000,73290.43000000,73548.08000000,73200.48000000,73427.04000000,366.94025000
2026-04-11T22:00:00+00:00,1775944800000,73427.04000000,73574.00000000,73234.25000000,73376.01000000,431.15797000
2026-04-11T23:00:00+00:00,1775948400000,73376.01000000,73376.01000000,72907.40000000,73043.16000000,391.57799000
2026-04-12T00:00:00+00:00,1775952000000,73043.16000000,73117.32000000,72873.25000000,73079.96000000,390.45862000
2026-04-12T01:00:00+00:00,1775955600000,73079.96000000,73137.24000000,71310.00000000,71643.69000000,2072.10202000
2026-04-12T02:00:00+00:00,1775959200000,71643.69000000,71982.46000000,71352.47000000,71761.35000000,839.35622000
2026-04-12T03:00:00+00:00,1775962800000,71761.35000000,71861.33000000,71593.18000000,71593.19000000,790.20901000
2026-04-12T04:00:00+00:00,1775966400000,71593.18000000,71685.31000000,71444.68000000,71466.53000000,611.50691000
2026-04-12T05:00:00+00:00,1775970000000,71466.53000000,71781.00000000,71417.22000000,71710.20000000,667.76838000
2026-04-12T06:00:00+00:00,1775973600000,71710.19000000,71753.33000000,71633.77000000,71668.01000000,377.10612000
2026-04-12T07:00:00+00:00,1775977200000,71668.01000000,71747.31000000,71588.57000000,71665.00000000,313.33908000
2026-04-12T08:00:00+00:00,1775980800000,71664.99000000,71805.85000000,71595.00000000,71629.21000000,922.36362000
2026-04-12T09:00:00+00:00,1775984400000,71629.21000000,71633.01000000,71488.45000000,71531.94000000,372.12981000
2026-04-12T10:00:00+00:00,1775988000000,71531.95000000,71682.72000000,71357.76000000,71452.89000000,274.78665000
2026-04-12T11:00:00+00:00,1775991600000,71452.89000000,71556.12000000,71412.57000000,71468.55000000,211.53603000
2026-04-12T12:00:00+00:00,1775995200000,71468.54000000,71500.00000000,71077.44000000,71084.01000000,608.12473000
2026-04-12T13:00:00+00:00,1775998800000,71084.01000000,71146.03000000,70866.82000000,70889.42000000,708.82478000
2026-04-12T14:00:00+00:00,1776002400000,70889.42000000,71092.78000000,70700.00000000,70748.34000000,541.94034000
2026-04-12T15:00:00+00:00,1776006000000,70748.34000000,70932.00000000,70604.07000000,70892.03000000,502.43194000
2026-04-12T16:00:00+00:00,1776009600000,70892.04000000,70959.51000000,70821.05000000,70936.27000000,259.94883000
2026-04-12T17:00:00+00:00,1776013200000,70936.27000000,71202.00000000,70900.00000000,71140.51000000,322.73260000
2026-04-12T18:00:00+00:00,1776016800000,71140.51000000,71214.08000000,71056.20000000,71137.64000000,176.22609000
2026-04-12T19:00:00+00:00,1776020400000,71137.65000000,71222.58000000,71078.76000000,71084.18000000,233.07874000
2026-04-12T20:00:00+00:00,1776024000000,71084.18000000,71440.00000000,70956.83000000,71335.43000000,622.27061000
2026-04-12T21:00:00+00:00,1776027600000,71335.43000000,71452.00000000,71163.01000000,71364.02000000,234.93742000
2026-04-12T22:00:00+00:00,1776031200000,71364.03000000,71367.85000000,70505.88000000,70912.73000000,908.94869000
2026-04-12T23:00:00+00:00,1776034800000,70912.73000000,70912.73000000,70571.66000000,70740.98000000,510.34077000
2026-04-13T00:00:00+00:00,1776038400000,70741.56000000,71262.63000000,70615.30000000,71172.62000000,546.73984000
2026-04-13T01:00:00+00:00,1776042000000,71172.63000000,71227.28000000,71027.26000000,71197.64000000,720.27854000
2026-04-13T02:00:00+00:00,1776045600000,71197.64000000,71271.78000000,70986.71000000,71073.14000000,270.71272000
2026-04-13T03:00:00+00:00,1776049200000,71073.14000000,71155.42000000,70917.27000000,70976.00000000,348.91610000
2026-04-13T04:00:00+00:00,1776052800000,70975.99000000,71144.00000000,70854.29000000,70890.30000000,584.47308000
2026-04-13T05:00:00+00:00,1776056400000,70890.30000000,70920.00000000,70672.72000000,70878.82000000,533.46945000
2026-04-13T06:00:00+00:00,1776060000000,70878.82000000,71106.54000000,70878.82000000,71017.66000000,697.01918000
2026-04-13T07:00:00+00:00,1776063600000,71017.66000000,71067.91000000,70685.25000000,70813.88000000,859.13978000
2026-04-13T08:00:00+00:00,1776067200000,70813.88000000,70861.01000000,70566.99000000,70680.70000000,334.12518000
2026-04-13T09:00:00+00:00,1776070800000,70680.70000000,70910.68000000,70678.00000000,70792.88000000,250.58431000
2026-04-13T10:00:00+00:00,1776074400000,70792.89000000,70846.90000000,70688.28000000,70755.88000000,177.99631000
2026-04-13T11:00:00+00:00,1776078000000,70755.89000000,70997.12000000,70736.29000000,70929.68000000,260.33899000
2026-04-13T12:00:00+00:00,1776081600000,70929.68000000,71219.80000000,70758.50000000,71074.91000000,460.12900000
2026-04-13T13:00:00+00:00,1776085200000,71074.92000000,71700.82000000,70818.57000000,71662.65000000,1544.74455000
2026-04-13T14:00:00+00:00,1776088800000,71662.65000000,72401.00000000,71375.24000000,72400.15000000,2098.23774000
2026-04-13T15:00:00+00:00,1776092400000,72400.15000000,72464.28000000,71652.65000000,71866.59000000,1342.33780000
2026-04-13T16:00:00+00:00,1776096000000,71866.59000000,72437.25000000,71679.80000000,72202.36000000,1514.19404000
2026-04-13T17:00:00+00:00,1776099600000,72202.37000000,72600.00000000,72069.01000000,72148.87000000,1653.64723000
2026-04-13T18:00:00+00:00,1776103200000,72148.87000000,72460.42000000,72053.78000000,72424.86000000,965.95939000
2026-04-13T19:00:00+00:00,1776106800000,72424.86000000,73480.00000000,72298.93000000,73322.82000000,2632.95065000
2026-04-13T20:00:00+00:00,1776110400000,73322.00000000,73394.37000000,73007.08000000,73149.36000000,1081.57049000
2026-04-13T21:00:00+00:00,1776114000000,73149.36000000,73368.08000000,73072.85000000,73179.71000000,387.90227000
2026-04-13T22:00:00+00:00,1776117600000,73179.71000000,74746.61000000,73172.01000000,74627.04000000,3298.60756000
2026-04-13T23:00:00+00:00,1776121200000,74627.04000000,74900.00000000,74405.64000000,74417.99000000,1666.14205000
2026-04-14T00:00:00+00:00,1776124800000,74418.00000000,74517.31000000,74102.39000000,74163.82000000,1276.45858000
2026-04-14T01:00:00+00:00,1776128400000,74163.82000000,74431.00000000,73954.86000000,74386.02000000,1065.16310000
2026-04-14T02:00:00+00:00,1776132000000,74386.03000000,74579.32000000,74283.20000000,74330.98000000,598.05117000
2026-04-14T03:00:00+00:00,1776135600000,74330.99000000,74496.90000000,74252.35000000,74444.43000000,646.36946000
2026-04-14T04:00:00+00:00,1776139200000,74444.44000000,74504.52000000,74351.55000000,74387.85000000,484.30563000
2026-04-14T05:00:00+00:00,1776142800000,74387.85000000,74434.41000000,74150.60000000,74210.11000000,838.40961000
2026-04-14T06:00:00+00:00,1776146400000,74210.12000000,74550.00000000,74210.12000000,74522.73000000,614.57152000
2026-04-14T07:00:00+00:00,1776150000000,74522.72000000,74924.64000000,74430.92000000,74546.00000000,1456.55359000
2026-04-14T08:00:00+00:00,1776153600000,74545.99000000,74910.00000000,74460.64000000,74750.00000000,938.29896000
2026-04-14T09:00:00+00:00,1776157200000,74750.00000000,74830.93000000,74435.12000000,74500.00000000,565.86470000
2026-04-14T10:00:00+00:00,1776160800000,74500.00000000,74617.92000000,74333.46000000,74350.01000000,540.18312000
2026-04-14T11:00:00+00:00,1776164400000,74350.01000000,74450.63000000,74307.35000000,74376.52000000,653.35819000
2026-04-14T12:00:00+00:00,1776168000000,74376.52000000,74485.06000000,74277.19000000,74452.00000000,513.51818000
2026-04-14T13:00:00+00:00,1776171600000,74452.00000000,75532.94000000,74407.74000000,75525.94000000,3246.78739000
2026-04-14T14:00:00+00:00,1776175200000,75525.94000000,76038.00000000,75013.61000000,75013.62000000,4357.56106000
2026-04-14T15:00:00+00:00,1776178800000,75013.61000000,75441.99000000,74564.34000000,75317.07000000,1661.60412000
2026-04-14T16:00:00+00:00,1776182400000,75317.06000000,75688.00000000,74527.02000000,74652.20000000,1265.45725000
2026-04-14T17:00:00+00:00,1776186000000,74652.20000000,74948.78000000,74244.63000000,74748.90000000,985.97900000
2026-04-14T18:00:00+00:00,1776189600000,74748.89000000,74814.99000000,73795.47000000,74093.19000000,1613.97962000
2026-04-14T19:00:00+00:00,1776193200000,74093.18000000,74398.43000000,73882.79000000,74223.18000000,1054.69346000
2026-04-14T20:00:00+00:00,1776196800000,74223.30000000,74434.33000000,74015.53000000,74102.29000000,434.25271000
2026-04-14T21:00:00+00:00,1776200400000,74102.28000000,74320.44000000,73951.64000000,74277.15000000,381.06364000
2026-04-14T22:00:00+00:00,1776204000000,74277.16000000,74373.19000000,73806.09000000,74023.15000000,638.74603000
2026-04-14T23:00:00+00:00,1776207600000,74023.16000000,74232.83000000,74001.08000000,74131.55000000,701.71447000
2026-04-15T00:00:00+00:00,1776211200000,74131.55000000,74677.19000000,74126.32000000,74568.36000000,874.99865000
2026-04-15T01:00:00+00:00,1776214800000,74568.37000000,74786.72000000,74500.00000000,74613.28000000,443.16738000
2026-04-15T02:00:00+00:00,1776218400000,74613.28000000,74697.47000000,74188.00000000,74322.00000000,506.95652000
2026-04-15T03:00:00+00:00,1776222000000,74322.01000000,74372.84000000,74173.75000000,74345.97000000,317.62112000
2026-04-15T04:00:00+00:00,1776225600000,74345.98000000,74434.51000000,74261.47000000,74340.38000000,660.47305000
2026-04-15T05:00:00+00:00,1776229200000,74340.38000000,74434.00000000,73864.01000000,74021.50000000,542.04465000
2026-04-15T06:00:00+00:00,1776232800000,74021.50000000,74048.95000000,73855.49000000,73891.62000000,419.09008000
2026-04-15T07:00:00+00:00,1776236400000,73891.62000000,74016.67000000,73514.00000000,73730.43000000,1451.80452000
2026-04-15T08:00:00+00:00,1776240000000,73730.43000000,74181.90000000,73675.96000000,74110.51000000,532.83471000
2026-04-15T09:00:00+00:00,1776243600000,74110.52000000,74176.49000000,73909.49000000,74011.69000000,363.21790000
2026-04-15T10:00:00+00:00,1776247200000,74011.70000000,74250.00000000,73789.50000000,73864.75000000,548.88747000
2026-04-15T11:00:00+00:00,1776250800000,73864.76000000,74256.44000000,73864.76000000,74201.78000000,444.73290000
2026-04-15T12:00:00+00:00,1776254400000,74201.78000000,74466.10000000,74051.64000000,74273.77000000,567.44529000
2026-04-15T13:00:00+00:00,1776258000000,74273.77000000,74434.51000000,73817.23000000,74063.92000000,676.35905000
2026-04-15T14:00:00+00:00,1776261600000,74063.91000000,74506.84000000,73830.00000000,74151.81000000,757.76569000
2026-04-15T15:00:00+00:00,1776265200000,74151.81000000,74299.07000000,73580.85000000,73844.08000000,743.29132000
2026-04-15T16:00:00+00:00,1776268800000,73844.07000000,74176.00000000,73762.89000000,73941.09000000,547.84936000
2026-04-15T17:00:00+00:00,1776272400000,73941.09000000,74242.00000000,73915.48000000,74134.95000000,593.44252000
2026-04-15T18:00:00+00:00,1776276000000,74134.95000000,74399.75000000,74073.61000000,74390.29000000,407.09098000
2026-04-15T19:00:00+00:00,1776279600000,74390.29000000,75281.00000000,74355.46000000,75002.60000000,1179.99077000
2026-04-15T20:00:00+00:00,1776283200000,75002.60000000,75039.92000000,74512.06000000,74841.68000000,570.09892000
2026-04-15T21:00:00+00:00,1776286800000,74841.67000000,74855.16000000,74540.23000000,74743.10000000,310.66035000
2026-04-15T22:00:00+00:00,1776290400000,74743.10000000,75425.00000000,74740.02000000,74964.00000000,653.95001000
2026-04-15T23:00:00+00:00,1776294000000,74964.01000000,74964.01000000,74620.95000000,74809.99000000,311.26846000
2026-04-16T00:00:00+00:00,1776297600000,74809.99000000,74874.93000000,74451.49000000,74815.10000000,636.94865000
2026-04-16T01:00:00+00:00,1776301200000,74815.09000000,74815.09000000,74454.09000000,74657.66000000,240.65148000
2026-04-16T02:00:00+00:00,1776304800000,74657.67000000,75267.85000000,74601.27000000,74887.24000000,589.65615000
2026-04-16T03:00:00+00:00,1776308400000,74887.23000000,75159.26000000,74865.50000000,74888.21000000,470.71966000
2026-04-16T04:00:00+00:00,1776312000000,74888.21000000,75174.38000000,74728.00000000,74944.15000000,513.51186000
2026-04-16T05:00:00+00:00,1776315600000,74944.15000000,75139.82000000,74900.00000000,75043.48000000,359.01217000
2026-04-16T06:00:00+00:00,1776319200000,75043.47000000,75115.12000000,74853.72000000,75045.01000000,604.84284000
2026-04-16T07:00:00+00:00,1776322800000,75045.01000000,75082.78000000,74636.00000000,74707.03000000,708.06090000
2026-04-16T08:00:00+00:00,1776326400000,74707.02000000,74744.35000000,74500.00000000,74677.91000000,669.86210000
2026-04-16T09:00:00+00:00,1776330000000,74677.91000000,74901.50000000,74594.01000000,74594.02000000,316.26697000
2026-04-16T10:00:00+00:00,1776333600000,74594.02000000,74653.12000000,74277.34000000,74313.00000000,526.53069000
2026-04-16T11:00:00+00:00,1776337200000,74312.99000000,74663.27000000,74285.00000000,74574.79000000,1174.61360000
2026-04-16T12:00:00+00:00,1776340800000,74574.80000000,74872.00000000,74574.79000000,74624.00000000,529.55969000
2026-04-16T13:00:00+00:00,1776344400000,74624.01000000,75030.39000000,73309.85000000,73788.03000000,1828.93731000
2026-04-16T14:00:00+00:00,1776348000000,73788.03000000,74197.32000000,73426.94000000,73973.33000000,1331.31817000
2026-04-16T15:00:00+00:00,1776351600000,73973.33000000,74878.99000000,73934.44000000,74697.19000000,1520.20876000
2026-04-16T16:00:00+00:00,1776355200000,74697.20000000,74932.00000000,74063.00000000,74175.57000000,762.35705000
2026-04-16T17:00:00+00:00,1776358800000,74175.58000000,74438.31000000,73912.23000000,74343.25000000,751.19450000
2026-04-16T18:00:00+00:00,1776362400000,74343.25000000,75089.00000000,74240.00000000,75026.71000000,780.63438000
2026-04-16T19:00:00+00:00,1776366000000,75026.71000000,75410.71000000,74717.97000000,75342.99000000,1203.37407000
2026-04-16T20:00:00+00:00,1776369600000,75343.00000000,75534.76000000,75001.00000000,75223.47000000,661.71844000
2026-04-16T21:00:00+00:00,1776373200000,75223.48000000,75286.51000000,74789.50000000,74934.24000000,451.58433000
2026-04-16T22:00:00+00:00,1776376800000,74934.24000000,75117.00000000,74833.14000000,74867.92000000,232.35004000
2026-04-16T23:00:00+00:00,1776380400000,74867.92000000,75177.76000000,74840.92000000,75154.29000000,224.77396000
2026-04-17T00:00:00+00:00,1776384000000,75154.28000000,75154.77000000,74886.82000000,74944.98000000,796.37355000
2026-04-17T01:00:00+00:00,1776387600000,74944.99000000,75034.49000000,74569.99000000,74750.00000000,407.29847000
2026-04-17T02:00:00+00:00,1776391200000,74750.00000000,74802.98000000,74529.40000000,74700.00000000,235.53372000
2026-04-17T03:00:00+00:00,1776394800000,74700.00000000,74839.31000000,74606.12000000,74615.82000000,721.66261000
2026-04-17T04:00:00+00:00,1776398400000,74615.82000000,74871.11000000,74589.88000000,74791.39000000,213.95430000
2026-04-17T05:00:00+00:00,1776402000000,74791.39000000,74801.13000000,74555.12000000,74637.77000000,241.61979000
2026-04-17T06:00:00+00:00,1776405600000,74637.77000000,74950.00000000,74604.62000000,74938.52000000,276.57366000
2026-04-17T07:00:00+00:00,1776409200000,74938.53000000,75089.51000000,74930.00000000,75074.77000000,607.34373000
2026-04-17T08:00:00+00:00,1776412800000,75074.76000000,75881.95000000,74993.24000000,75780.38000000,1494.62708000
2026-04-17T09:00:00+00:00,1776416400000,75780.38000000,76370.25000000,75518.78000000,75779.99000000,2004.70646000
2026-04-17T10:00:00+00:00,1776420000000,75779.99000000,75886.01000000,75095.93000000,75278.77000000,1050.31882000
2026-04-17T11:00:00+00:00,1776423600000,75278.77000000,75609.77000000,75246.65000000,75589.70000000,429.61331000
2026-04-17T12:00:00+00:00,1776427200000,75589.70000000,76265.82000000,75531.97000000,76233.05000000,1128.91448000
2026-04-17T13:00:00+00:00,1776430800000,76233.06000000,77417.61000000,76061.57000000,77340.12000000,5123.01639000
2026-04-17T14:00:00+00:00,1776434400000,77340.11000000,78052.49000000,77015.39000000,77886.77000000,3617.10048000
2026-04-17T15:00:00+00:00,1776438000000,77886.77000000,77999.00000000,77444.44000000,77785.02000000,1975.14451000
2026-04-17T16:00:00+00:00,1776441600000,77785.03000000,78333.00000000,77705.20000000,77857.14000000,1402.18359000
2026-04-17T17:00:00+00:00,1776445200000,77857.15000000,77917.77000000,77101.49000000,77520.59000000,1173.45635000
2026-04-17T18:00:00+00:00,1776448800000,77520.59000000,77565.63000000,77088.23000000,77159.89000000,637.39265000
2026-04-17T19:00:00+00:00,1776452400000,77159.88000000,77473.44000000,77000.00000000,77393.58000000,652.45495000
2026-04-17T20:00:00+00:00,1776456000000,77393.58000000,77611.68000000,77160.12000000,77337.64000000,357.23206000
2026-04-17T21:00:00+00:00,1776459600000,77337.64000000,77494.69000000,77278.72000000,77445.73000000,307.76412000
2026-04-17T22:00:00+00:00,1776463200000,77445.74000000,77510.00000000,77274.56000000,77301.25000000,474.88113000
2026-04-17T23:00:00+00:00,1776466800000,77301.25000000,77302.00000000,76911.00000000,77072.00000000,612.20073000
2026-04-18T00:00:00+00:00,1776470400000,77072.01000000,77258.55000000,76978.17000000,77168.00000000,324.03843000
2026-04-18T01:00:00+00:00,1776474000000,77168.22000000,77330.00000000,77115.77000000,77218.07000000,266.42990000
2026-04-18T02:00:00+00:00,1776477600000,77218.06000000,77420.08000000,77124.63000000,77292.52000000,268.04149000
2026-04-18T03:00:00+00:00,1776481200000,77292.53000000,77296.95000000,76962.67000000,77005.47000000,268.91717000
2026-04-18T04:00:00+00:00,1776484800000,77005.47000000,77162.08000000,76884.10000000,77100.74000000,370.07883000
2026-04-18T05:00:00+00:00,1776488400000,77100.73000000,77278.58000000,77100.73000000,77134.66000000,312.05483000
2026-04-18T06:00:00+00:00,1776492000000,77134.66000000,77217.00000000,77058.40000000,77136.01000000,168.72376000
2026-04-18T07:00:00+00:00,1776495600000,77136.01000000,77136.01000000,76890.00000000,76997.80000000,276.05173000
2026-04-18T08:00:00+00:00,1776499200000,76997.79000000,77048.00000000,76501.00000000,76738.63000000,773.24357000
2026-04-18T09:00:00+00:00,1776502800000,76738.62000000,76738.63000000,76409.37000000,76599.89000000,462.93265000
2026-04-18T10:00:00+00:00,1776506400000,76599.89000000,76599.90000000,76132.32000000,76189.56000000,624.93038000
2026-04-18T11:00:00+00:00,1776510000000,76189.55000000,76189.56000000,75763.76000000,76039.05000000,809.07399000
2026-04-18T12:00:00+00:00,1776513600000,76039.06000000,76300.00000000,76039.05000000,76206.97000000,492.57948000
2026-04-18T13:00:00+00:00,1776517200000,76206.98000000,76212.70000000,75797.53000000,76122.87000000,456.87331000
2026-04-18T14:00:00+00:00,1776520800000,76122.88000000,76288.40000000,75959.68000000,76249.99000000,461.97289000
2026-04-18T15:00:00+00:00,1776524400000,76250.00000000,76363.75000000,76003.97000000,76167.34000000,261.12334000
2026-04-18T16:00:00+00:00,1776528000000,76167.33000000,76211.57000000,75691.03000000,75943.35000000,522.36094000
2026-04-18T17:00:00+00:00,1776531600000,75943.34000000,75958.23000000,75778.69000000,75828.51000000,256.05723000
2026-04-18T18:00:00+00:00,1776535200000,75828.51000000,75844.66000000,75445.16000000,75651.78000000,591.47146000
2026-04-18T19:00:00+00:00,1776538800000,75651.78000000,75796.32000000,75574.22000000,75649.85000000,194.31870000
2026-04-18T20:00:00+00:00,1776542400000,75649.86000000,75834.30000000,75608.44000000,75754.78000000,484.97143000
2026-04-18T21:00:00+00:00,1776546000000,75754.77000000,75839.10000000,75599.64000000,75821.34000000,197.94348000
2026-04-18T22:00:00+00:00,1776549600000,75821.35000000,75873.10000000,75608.89000000,75813.53000000,155.69572000
2026-04-18T23:00:00+00:00,1776553200000,75813.53000000,75891.64000000,75685.69000000,75691.76000000,141.95985000
2026-04-19T00:00:00+00:00,1776556800000,75691.76000000,75847.42000000,75551.73000000,75693.01000000,297.06433000
2026-04-19T01:00:00+00:00,1776560400000,75693.00000000,75798.47000000,75457.11000000,75621.95000000,321.53516000
2026-04-19T02:00:00+00:00,1776564000000,75621.96000000,75722.21000000,75407.84000000,75496.00000000,212.48934000
2026-04-19T03:00:00+00:00,1776567600000,75496.01000000,75637.44000000,75357.00000000,75515.77000000,175.28804000
2026-04-19T04:00:00+00:00,1776571200000,75515.76000000,75782.63000000,75424.40000000,75664.62000000,294.60425000
2026-04-19T05:00:00+00:00,1776574800000,75664.62000000,75687.04000000,75516.39000000,75545.60000000,174.63786000
2026-04-19T06:00:00+00:00,1776578400000,75545.60000000,75545.60000000,75280.92000000,75400.09000000,385.31594000
2026-04-19T07:00:00+00:00,1776582000000,75400.09000000,75400.09000000,74867.72000000,75252.34000000,771.61495000
2026-04-19T08:00:00+00:00,1776585600000,75252.33000000,75299.99000000,75071.58000000,75257.60000000,333.58261000
2026-04-19T09:00:00+00:00,1776589200000,75257.59000000,75265.00000000,74921.74000000,75015.00000000,313.21615000
2026-04-19T10:00:00+00:00,1776592800000,75015.00000000,75243.02000000,74933.87000000,75222.45000000,323.18472000
2026-04-19T11:00:00+00:00,1776596400000,75222.46000000,75641.99000000,75216.96000000,75604.11000000,418.71675000
2026-04-19T12:00:00+00:00,1776600000000,75604.11000000,75700.00000000,75432.07000000,75571.60000000,439.48255000
2026-04-19T13:00:00+00:00,1776603600000,75571.61000000,76240.66000000,75552.44000000,75921.75000000,760.39543000
2026-04-19T14:00:00+00:00,1776607200000,75921.75000000,76147.01000000,75674.55000000,76024.01000000,621.24056000
2026-04-19T15:00:00+00:00,1776610800000,76024.02000000,76155.30000000,75401.44000000,75846.63000000,1097.76631000
2026-04-19T16:00:00+00:00,1776614400000,75846.63000000,75853.26000000,75311.11000000,75382.86000000,403.71917000
2026-04-19T17:00:00+00:00,1776618000000,75382.87000000,75382.87000000,74638.31000000,74791.26000000,795.68148000
2026-04-19T18:00:00+00:00,1776621600000,74791.27000000,74908.62000000,74608.00000000,74770.11000000,531.16281000
2026-04-19T19:00:00+00:00,1776625200000,74770.11000000,75071.61000000,74770.11000000,74965.47000000,306.83274000
2026-04-19T20:00:00+00:00,1776628800000,74965.46000000,74965.47000000,74427.53000000,74630.00000000,452.71123000
2026-04-19T21:00:00+00:00,1776632400000,74630.01000000,74810.00000000,74368.60000000,74425.15000000,383.54881000
2026-04-19T22:00:00+00:00,1776636000000,74425.16000000,74425.16000000,73762.90000000,74047.34000000,1140.38980000
2026-04-19T23:00:00+00:00,1776639600000,74047.34000000,74054.22000000,73790.00000000,73801.79000000,415.64133000
2026-04-20T00:00:00+00:00,1776643200000,73801.80000000,74360.43000000,73724.31000000,74280.01000000,787.93368000
2026-04-20T01:00:00+00:00,1776646800000,74280.01000000,74746.93000000,74214.67000000,74595.13000000,689.61016000
2026-04-20T02:00:00+00:00,1776650400000,74595.12000000,74627.99000000,74304.84000000,74410.01000000,739.68976000
2026-04-20T03:00:00+00:00,1776654000000,74410.01000000,74640.65000000,74359.04000000,74634.00000000,281.20310000
2026-04-20T04:00:00+00:00,1776657600000,74634.01000000,74637.43000000,74435.19000000,74567.64000000,333.76794000
2026-04-20T05:00:00+00:00,1776661200000,74567.63000000,74567.63000000,74095.18000000,74264.15000000,529.73957000
2026-04-20T06:00:00+00:00,1776664800000,74264.16000000,74894.11000000,74250.00000000,74786.59000000,441.30070000
2026-04-20T07:00:00+00:00,1776668400000,74786.59000000,75572.00000000,74670.86000000,74837.17000000,1175.74482000
2026-04-20T08:00:00+00:00,1776672000000,74837.18000000,74998.83000000,74619.41000000,74728.91000000,538.52852000
2026-04-20T09:00:00+00:00,1776675600000,74728.92000000,75233.00000000,74706.87000000,75062.77000000,502.56404000
2026-04-20T10:00:00+00:00,1776679200000,75062.77000000,75404.63000000,75003.63000000,75027.26000000,321.32100000
2026-04-20T11:00:00+00:00,1776682800000,75027.26000000,75287.88000000,74957.51000000,75192.71000000,284.12016000
2026-04-20T12:00:00+00:00,1776686400000,75192.72000000,75650.00000000,75043.86000000,75289.90000000,698.85484000
2026-04-20T13:00:00+00:00,1776690000000,75289.91000000,75434.41000000,74859.11000000,75269.38000000,774.09093000
2026-04-20T14:00:00+00:00,1776693600000,75269.37000000,75766.74000000,74921.42000000,75034.79000000,1047.20928000
2026-04-20T15:00:00+00:00,1776697200000,75034.79000000,75772.72000000,74702.00000000,75716.77000000,1196.95260000
2026-04-20T16:00:00+00:00,1776700800000,75716.78000000,75723.99000000,75299.26000000,75338.74000000,630.71705000
2026-04-20T17:00:00+00:00,1776704400000,75338.75000000,75991.47000000,75289.92000000,75898.14000000,642.61045000
2026-04-20T18:00:00+00:00,1776708000000,75898.14000000,76453.19000000,75898.14000000,76423.69000000,1544.76303000
2026-04-20T19:00:00+00:00,1776711600000,76423.69000000,76486.67000000,76154.49000000,76296.96000000,1368.12243000
2026-04-20T20:00:00+00:00,1776715200000,76296.97000000,76558.62000000,76113.07000000,76276.17000000,1418.85750000
2026-04-20T21:00:00+00:00,1776718800000,76276.18000000,76357.20000000,75784.05000000,75954.71000000,523.28232000
2026-04-20T22:00:00+00:00,1776722400000,75954.72000000,76143.71000000,75904.39000000,75974.24000000,220.64170000
2026-04-20T23:00:00+00:00,1776726000000,75974.24000000,75974.24000000,75617.60000000,75840.97000000,301.78476000
2026-04-21T00:00:00+00:00,1776729600000,75840.97000000,76099.19000000,75700.00000000,76092.45000000,428.95831000
2026-04-21T01:00:00+00:00,1776733200000,76092.46000000,76263.40000000,75866.01000000,75927.59000000,391.13593000
2026-04-21T02:00:00+00:00,1776736800000,75927.58000000,75932.70000000,75580.00000000,75581.33000000,536.09341000
2026-04-21T03:00:00+00:00,1776740400000,75581.33000000,75721.12000000,75474.77000000,75710.30000000,256.25150000
2026-04-21T04:00:00+00:00,1776744000000,75710.31000000,75823.49000000,75600.00000000,75813.81000000,259.64273000
2026-04-21T05:00:00+00:00,1776747600000,75813.80000000,75981.10000000,75782.75000000,75802.00000000,321.53858000
2026-04-21T06:00:00+00:00,1776751200000,75802.00000000,76129.95000000,75703.85000000,75974.11000000,408.87339000
2026-04-21T07:00:00+00:00,1776754800000,75974.12000000,76300.00000000,75814.26000000,76084.34000000,1236.72448000
2026-04-21T08:00:00+00:00,1776758400000,76084.34000000,76927.57000000,76063.98000000,76507.21000000,915.23783000
2026-04-21T09:00:00+00:00,1776762000000,76507.21000000,76587.82000000,76155.00000000,76362.77000000,582.67237000
2026-04-21T10:00:00+00:00,1776765600000,76362.78000000,76866.55000000,76349.59000000,76746.41000000,536.34243000
2026-04-21T11:00:00+00:00,1776769200000,76746.41000000,76750.68000000,76342.00000000,76452.94000000,624.94284000
2026-04-21T12:00:00+00:00,1776772800000,76452.94000000,76528.11000000,75709.03000000,76009.46000000,1039.78515000
2026-04-21T13:00:00+00:00,1776776400000,76009.46000000,76179.75000000,75736.33000000,75899.98000000,686.08493000
2026-04-21T14:00:00+00:00,1776780000000,75899.98000000,76595.30000000,75625.28000000,75675.05000000,949.21411000
2026-04-21T15:00:00+00:00,1776783600000,75675.04000000,75979.78000000,75430.62000000,75834.65000000,923.86151000
2026-04-21T16:00:00+00:00,1776787200000,75834.66000000,76190.72000000,75760.00000000,75781.18000000,496.33064000
2026-04-21T17:00:00+00:00,1776790800000,75781.19000000,75912.98000000,75052.64000000,75545.62000000,995.08460000
2026-04-21T18:00:00+00:00,1776794400000,75545.62000000,75668.24000000,75310.88000000,75610.21000000,456.47055000
2026-04-21T19:00:00+00:00,1776798000000,75610.21000000,75919.50000000,74821.57000000,75023.43000000,954.26760000
2026-04-21T20:00:00+00:00,1776801600000,75023.43000000,75859.56000000,74967.58000000,75698.51000000,797.25703000
2026-04-21T21:00:00+00:00,1776805200000,75698.51000000,75777.38000000,75431.62000000,75549.99000000,249.37655000
2026-04-21T22:00:00+00:00,1776808800000,75549.99000000,75650.04000000,75302.01000000,75650.04000000,389.29388000
2026-04-21T23:00:00+00:00,1776812400000,75650.03000000,76425.37000000,75622.00000000,76336.15000000,477.13097000
2026-04-22T00:00:00+00:00,1776816000000,76336.14000000,76500.00000000,76220.40000000,76370.45000000,496.92701000
2026-04-22T01:00:00+00:00,1776819600000,76370.46000000,76416.24000000,76132.95000000,76297.99000000,351.48706000
2026-04-22T02:00:00+00:00,1776823200000,76297.99000000,77645.35000000,76223.90000000,77604.71000000,1622.85639000
2026-04-22T03:00:00+00:00,1776826800000,77604.70000000,77733.11000000,77397.88000000,77521.48000000,956.65280000
2026-04-22T04:00:00+00:00,1776830400000,77521.47000000,77700.00000000,77364.25000000,77523.00000000,547.15780000
2026-04-22T05:00:00+00:00,1776834000000,77523.01000000,78452.18000000,77450.00000000,77994.93000000,2386.48879000
2026-04-22T06:00:00+00:00,1776837600000,77994.92000000,78042.84000000,77900.00000000,78010.72000000,576.88586000
2026-04-22T07:00:00+00:00,1776841200000,78010.73000000,78111.00000000,77825.00000000,78012.79000000,880.52640000
2026-04-22T08:00:00+00:00,1776844800000,78012.78000000,78219.41000000,77941.59000000,78010.92000000,987.44812000
2026-04-22T09:00:00+00:00,1776848400000,78010.92000000,78184.70000000,77956.76000000,78001.95000000,415.39605000
2026-04-22T10:00:00+00:00,1776852000000,78001.96000000,78180.00000000,77951.17000000,78157.41000000,352.72131000
2026-04-22T11:00:00+00:00,1776855600000,78157.41000000,78399.00000000,78102.00000000,78300.00000000,560.88264000
2026-04-22T12:00:00+00:00,1776859200000,78300.00000000,78508.18000000,78114.04000000,78236.05000000,952.94008000
2026-04-22T13:00:00+00:00,1776862800000,78236.05000000,78850.00000000,78162.64000000,78840.94000000,1253.18724000
2026-04-22T14:00:00+00:00,1776866400000,78840.94000000,79174.68000000,78577.86000000,79045.75000000,1847.69509000
2026-04-22T15:00:00+00:00,1776870000000,79045.75000000,79400.00000000,78837.66000000,79272.90000000,1412.00400000
2026-04-22T16:00:00+00:00,1776873600000,79272.91000000,79472.82000000,78632.37000000,78743.59000000,1010.97362000
2026-04-22T17:00:00+00:00,1776877200000,78743.60000000,79034.73000000,78705.71000000,78900.00000000,502.31388000
2026-04-22T18:00:00+00:00,1776880800000,78900.01000000,79163.66000000,78828.76000000,79022.39000000,322.94022000
2026-04-22T19:00:00+00:00,1776884400000,79022.40000000,79067.60000000,78706.81000000,78846.62000000,557.30668000
2026-04-22T20:00:00+00:00,1776888000000,78846.62000000,78915.84000000,78410.00000000,78436.68000000,436.66543000
2026-04-22T21:00:00+00:00,1776891600000,78436.69000000,78821.86000000,78425.00000000,78762.69000000,299.34545000
2026-04-22T22:00:00+00:00,1776895200000,78762.68000000,78824.00000000,78456.15000000,78607.95000000,294.64140000
2026-04-22T23:00:00+00:00,1776898800000,78607.95000000,78607.95000000,78155.83000000,78178.23000000,712.06893000
2026-04-23T00:00:00+00:00,1776902400000,78178.22000000,78574.44000000,77582.17000000,78424.29000000,1778.58027000
2026-04-23T01:00:00+00:00,1776906000000,78424.30000000,78472.95000000,78057.50000000,78359.23000000,586.86850000
2026-04-23T02:00:00+00:00,1776909600000,78359.71000000,78359.72000000,77761.20000000,77939.92000000,508.32327000
2026-04-23T03:00:00+00:00,1776913200000,77939.91000000,78025.99000000,77453.43000000,77746.46000000,609.20360000
2026-04-23T04:00:00+00:00,1776916800000,77746.47000000,77949.09000000,77675.80000000,77920.09000000,305.04990000
2026-04-23T05:00:00+00:00,1776920400000,77920.09000000,78110.01000000,77750.00000000,78033.87000000,680.89298000
2026-04-23T06:00:00+00:00,1776924000000,78034.00000000,78339.35000000,78034.00000000,78211.43000000,433.12959000
2026-04-23T07:00:00+00:00,1776927600000,78211.43000000,78248.39000000,77981.88000000,78048.62000000,292.35484000
2026-04-23T08:00:00+00:00,1776931200000,78048.61000000,78175.52000000,77714.86000000,77858.35000000,1135.26875000
2026-04-23T09:00:00+00:00,1776934800000,77858.34000000,77860.80000000,77440.85000000,77655.34000000,772.05261000
2026-04-23T10:00:00+00:00,1776938400000,77655.35000000,77709.16000000,77174.01000000,77403.63000000,1129.48909000
2026-04-23T11:00:00+00:00,1776942000000,77403.63000000,77757.31000000,77365.57000000,77704.62000000,525.42671000
2026-04-23T12:00:00+00:00,1776945600000,77704.61000000,77870.54000000,77491.18000000,77870.53000000,636.21566000
2026-04-23T13:00:00+00:00,1776949200000,77870.54000000,77904.37000000,77379.92000000,77532.23000000,592.70115000
2026-04-23T14:00:00+00:00,1776952800000,77532.23000000,78201.53000000,77414.00000000,78180.77000000,926.52082000
2026-04-23T15:00:00+00:00,1776956400000,78180.78000000,78662.50000000,77983.25000000,78376.76000000,1008.45262000
2026-04-23T16:00:00+00:00,1776960000000,78376.77000000,78509.82000000,78030.00000000,78103.72000000,661.93618000
2026-04-23T17:00:00+00:00,1776963600000,78103.72000000,78184.85000000,76960.00000000,77769.21000000,1724.53866000
2026-04-23T18:00:00+00:00,1776967200000,77769.20000000,78146.75000000,77678.65000000,77678.65000000,731.06838000
2026-04-23T19:00:00+00:00,1776970800000,77678.65000000,77886.88000000,77592.92000000,77727.26000000,830.20485000
2026-04-23T20:00:00+00:00,1776974400000,77727.25000000,78050.00000000,77637.50000000,77886.97000000,391.74493000
2026-04-23T21:00:00+00:00,1776978000000,77886.97000000,78070.00000000,77800.00000000,77864.83000000,211.37751000
2026-04-23T22:00:00+00:00,1776981600000,77864.84000000,78331.00000000,77864.83000000,78235.30000000,271.33020000
2026-04-23T23:00:00+00:00,1776985200000,78235.29000000,78298.01000000,78030.00000000,78257.48000000,228.06394000
2026-04-24T00:00:00+00:00,1776988800000,78257.48000000,78490.83000000,78172.01000000,78417.22000000,451.37457000
2026-04-24T01:00:00+00:00,1776992400000,78417.22000000,78450.00000000,77952.16000000,78429.73000000,533.84795000
2026-04-24T02:00:00+00:00,1776996000000,78429.73000000,78581.93000000,78067.17000000,78125.65000000,425.56297000
2026-04-24T03:00:00+00:00,1776999600000,78125.65000000,78178.40000000,77555.00000000,77737.85000000,639.95986000
2026-04-24T04:00:00+00:00,1777003200000,77737.84000000,77854.57000000,77482.49000000,77670.00000000,605.14416000
2026-04-24T05:00:00+00:00,1777006800000,77670.01000000,78057.65000000,77457.00000000,77953.48000000,423.67180000
2026-04-24T06:00:00+00:00,1777010400000,77953.48000000,77979.54000000,77761.20000000,77789.75000000,280.75336000
2026-04-24T07:00:00+00:00,1777014000000,77789.75000000,77855.67000000,77543.52000000,77644.60000000,696.90666000
2026-04-24T08:00:00+00:00,1777017600000,77644.59000000,78000.00000000,77550.73000000,77785.71000000,731.67499000
2026-04-24T09:00:00+00:00,1777021200000,77785.70000000,77804.23000000,77402.01000000,77527.69000000,621.09775000
2026-04-24T10:00:00+00:00,1777024800000,77527.70000000,77784.00000000,77444.95000000,77752.36000000,379.99202000
2026-04-24T11:00:00+00:00,1777028400000,77752.37000000,78372.58000000,77752.37000000,78240.26000000,1186.36064000
2026-04-24T12:00:00+00:00,1777032000000,78240.27000000,78345.15000000,78016.51000000,78275.66000000,579.40035000
2026-04-24T13:00:00+00:00,1777035600000,78275.65000000,78479.37000000,77913.27000000,78093.79000000,852.96848000
2026-04-24T14:00:00+00:00,1777039200000,78093.80000000,78093.80000000,77681.74000000,78037.64000000,755.72516000
2026-04-24T15:00:00+00:00,1777042800000,78037.65000000,78233.18000000,77577.22000000,78038.62000000,662.02033000
2026-04-24T16:00:00+00:00,1777046400000,78038.63000000,78060.29000000,77586.86000000,77777.28000000,525.06319000
2026-04-24T17:00:00+00:00,1777050000000,77776.76000000,77829.17000000,77489.60000000,77681.71000000,537.36482000
2026-04-24T18:00:00+00:00,1777053600000,77681.72000000,77717.08000000,77363.63000000,77618.24000000,321.31558000
2026-04-24T19:00:00+00:00,1777057200000,77618.25000000,77748.66000000,77532.46000000,77628.85000000,250.57895000
2026-04-24T20:00:00+00:00,1777060800000,77628.84000000,77757.14000000,77458.00000000,77718.31000000,376.29595000
2026-04-24T21:00:00+00:00,1777064400000,77718.31000000,77756.15000000,77536.48000000,77536.48000000,322.69633000
2026-04-24T22:00:00+00:00,1777068000000,77536.49000000,77616.78000000,77264.08000000,77328.91000000,278.27896000
2026-04-24T23:00:00+00:00,1777071600000,77328.92000000,77456.87000000,77328.92000000,77437.13000000,237.08832000
2026-04-25T00:00:00+00:00,1777075200000,77437.13000000,77502.99000000,77309.92000000,77456.88000000,429.63681000
2026-04-25T01:00:00+00:00,1777078800000,77456.88000000,77620.52000000,77440.80000000,77541.63000000,200.07888000
2026-04-25T02:00:00+00:00,1777082400000,77541.63000000,77644.04000000,77504.43000000,77607.80000000,171.07030000
2026-04-25T03:00:00+00:00,1777086000000,77607.80000000,77711.87000000,77550.27000000,77679.07000000,142.22205000
2026-04-25T04:00:00+00:00,1777089600000,77679.08000000,77691.23000000,77596.37000000,77619.05000000,275.21191000
2026-04-25T05:00:00+00:00,1777093200000,77619.05000000,77619.05000000,77485.51000000,77510.28000000,174.55862000
2026-04-25T06:00:00+00:00,1777096800000,77510.27000000,77582.28000000,77489.35000000,77503.63000000,269.54814000
2026-04-25T07:00:00+00:00,1777100400000,77503.63000000,77566.26000000,77450.00000000,77501.19000000,174.69907000
2026-04-25T08:00:00+00:00,1777104000000,77501.19000000,77654.41000000,77491.36000000,77643.37000000,116.50084000
2026-04-25T09:00:00+00:00,1777107600000,77643.38000000,77779.65000000,77587.10000000,77714.55000000,144.65626000
2026-04-25T10:00:00+00:00,1777111200000,77714.56000000,77885.35000000,77714.55000000,77787.77000000,306.44644000
2026-04-25T11:00:00+00:00,1777114800000,77787.76000000,77787.77000000,77607.03000000,77682.30000000,185.59351000
2026-04-25T12:00:00+00:00,1777118400000,77682.29000000,77717.95000000,77550.61000000,77557.14000000,161.82067000
2026-04-25T13:00:00+00:00,1777122000000,77557.14000000,77710.91000000,77557.14000000,77691.69000000,161.65796000
2026-04-25T14:00:00+00:00,1777125600000,77691.70000000,77752.54000000,77638.00000000,77656.75000000,202.75966000
2026-04-25T15:00:00+00:00,1777129200000,77656.74000000,77722.70000000,77299.89000000,77330.26000000,480.35839000
2026-04-25T16:00:00+00:00,1777132800000,77330.25000000,77454.31000000,77140.23000000,77397.27000000,471.60364000
2026-04-25T17:00:00+00:00,1777136400000,77397.27000000,77407.03000000,77210.96000000,77245.77000000,151.09691000
2026-04-25T18:00:00+00:00,1777140000000,77245.78000000,77389.01000000,77216.29000000,77313.00000000,331.13304000
2026-04-25T19:00:00+00:00,1777143600000,77313.00000000,77343.81000000,77193.79000000,77330.01000000,293.84127000
2026-04-25T20:00:00+00:00,1777147200000,77330.00000000,77481.70000000,77311.05000000,77479.13000000,85.63447000
2026-04-25T21:00:00+00:00,1777150800000,77479.14000000,77530.00000000,77415.20000000,77525.84000000,150.55151000
2026-04-25T22:00:00+00:00,1777154400000,77525.83000000,77634.77000000,77498.81000000,77557.01000000,242.12513000
2026-04-25T23:00:00+00:00,1777158000000,77557.01000000,77650.00000000,77530.00000000,77625.00000000,362.30872000
2026-04-26T00:00:00+00:00,1777161600000,77625.00000000,77642.43000000,77445.94000000,77502.40000000,307.91239000
2026-04-26T01:00:00+00:00,1777165200000,77502.39000000,77572.81000000,77451.16000000,77461.16000000,130.56583000
2026-04-26T02:00:00+00:00,1777168800000,77461.16000000,77590.97000000,77452.07000000,77512.67000000,85.92459000
2026-04-26T03:00:00+00:00,1777172400000,77512.67000000,77541.96000000,77326.51000000,77400.21000000,146.77411000
2026-04-26T04:00:00+00:00,1777176000000,77400.21000000,77814.43000000,77383.46000000,77774.29000000,227.07196000
2026-04-26T05:00:00+00:00,1777179600000,77774.29000000,78200.00000000,77719.77000000,77983.31000000,797.06637000
2026-04-26T06:00:00+00:00,1777183200000,77983.31000000,78045.00000000,77899.45000000,77999.04000000,206.01822000
2026-04-26T07:00:00+00:00,1777186800000,77999.04000000,78121.45000000,77968.36000000,78102.53000000,175.61130000
2026-04-26T08:00:00+00:00,1777190400000,78102.53000000,78210.00000000,78019.65000000,78032.59000000,265.96473000
2026-04-26T09:00:00+00:00,1777194000000,78032.59000000,78058.45000000,77926.59000000,77999.99000000,168.80014000
2026-04-26T10:00:00+00:00,1777197600000,78000.00000000,78050.19000000,77954.00000000,78002.43000000,153.34740000
2026-04-26T11:00:00+00:00,1777201200000,78002.43000000,78149.99000000,78002.42000000,78101.44000000,133.58626000
2026-04-26T12:00:00+00:00,1777204800000,78101.43000000,78101.50000000,77770.00000000,77833.08000000,296.93614000
2026-04-26T13:00:00+00:00,1777208400000,77833.08000000,77996.69000000,77797.13000000,77977.79000000,254.46962000
2026-04-26T14:00:00+00:00,1777212000000,77977.79000000,78173.15000000,77871.85000000,78095.66000000,401.66239000
2026-04-26T15:00:00+00:00,1777215600000,78095.65000000,78121.92000000,77988.89000000,78049.00000000,177.47420000
2026-04-26T16:00:00+00:00,1777219200000,78049.00000000,78086.47000000,77919.42000000,77919.43000000,198.96678000
2026-04-26T17:00:00+00:00,1777222800000,77919.43000000,78050.00000000,77850.00000000,78018.57000000,373.25532000
2026-04-26T18:00:00+00:00,1777226400000,78018.57000000,78346.89000000,77988.11000000,78283.96000000,421.27794000
2026-04-26T19:00:00+00:00,1777230000000,78283.97000000,78500.00000000,78013.76000000,78221.16000000,511.56000000
2026-04-26T20:00:00+00:00,1777233600000,78221.17000000,78377.77000000,78158.04000000,78194.22000000,172.13709000
2026-04-26T21:00:00+00:00,1777237200000,78194.21000000,78961.00000000,77843.75000000,78417.41000000,977.34524000
2026-04-26T22:00:00+00:00,1777240800000,78417.41000000,78850.30000000,77953.26000000,78313.52000000,710.63176000
2026-04-26T23:00:00+00:00,1777244400000,78313.52000000,78901.63000000,78041.05000000,78657.55000000,669.20184000
2026-04-27T00:00:00+00:00,1777248000000,78657.55000000,79392.40000000,78400.03000000,79308.60000000,1271.22649000
2026-04-27T01:00:00+00:00,1777251600000,79309.00000000,79485.66000000,78730.71000000,79283.66000000,993.09217000
2026-04-27T02:00:00+00:00,1777255200000,79283.65000000,79304.00000000,79030.91000000,79130.01000000,381.22923000
2026-04-27T03:00:00+00:00,1777258800000,79130.01000000,79316.50000000,79077.81000000,79105.49000000,397.44839000
2026-04-27T04:00:00+00:00,1777262400000,79105.50000000,79160.00000000,78872.42000000,78924.22000000,417.67922000
2026-04-27T05:00:00+00:00,1777266000000,78924.21000000,78938.00000000,77562.63000000,77785.54000000,1805.78745000
2026-04-27T06:00:00+00:00,1777269600000,77785.55000000,77871.90000000,77465.05000000,77700.12000000,641.73182000
2026-04-27T07:00:00+00:00,1777273200000,77700.12000000,77734.79000000,77562.08000000,77606.60000000,743.19766000
2026-04-27T08:00:00+00:00,1777276800000,77606.59000000,77816.18000000,77553.23000000,77804.34000000,465.54163000
2026-04-27T09:00:00+00:00,1777280400000,77804.34000000,77980.00000000,77700.00000000,77900.01000000,578.50773000
2026-04-27T10:00:00+00:00,1777284000000,77900.01000000,77935.66000000,77792.46000000,77850.01000000,311.10764000
2026-04-27T11:00:00+00:00,1777287600000,77850.01000000,77885.46000000,77740.39000000,77844.26000000,252.77882000
2026-04-27T12:00:00+00:00,1777291200000,77844.25000000,77867.33000000,77620.00000000,77667.36000000,415.46743000
2026-04-27T13:00:00+00:00,1777294800000,77667.36000000,77966.80000000,77571.79000000,77746.74000000,762.71670000
2026-04-27T14:00:00+00:00,1777298400000,77746.74000000,78265.34000000,77680.00000000,77815.25000000,744.42829000
2026-04-27T15:00:00+00:00,1777302000000,77815.26000000,77827.17000000,76564.33000000,76793.09000000,1882.17067000
2026-04-27T16:00:00+00:00,1777305600000,76793.10000000,76868.01000000,76546.00000000,76618.59000000,809.46498000
2026-04-27T17:00:00+00:00,1777309200000,76618.59000000,76990.43000000,76618.59000000,76743.24000000,874.80558000
2026-04-27T18:00:00+00:00,1777312800000,76743.23000000,76890.99000000,76668.52000000,76834.06000000,361.97331000
2026-04-27T19:00:00+00:00,1777316400000,76834.05000000,76894.70000000,76459.64000000,76878.07000000,598.68003000
2026-04-27T20:00:00+00:00,1777320000000,76878.23000000,77067.80000000,76844.16000000,76960.43000000,310.80766000
2026-04-27T21:00:00+00:00,1777323600000,76960.43000000,76981.53000000,76786.80000000,76786.81000000,223.94467000
2026-04-27T22:00:00+00:00,1777327200000,76786.81000000,77082.78000000,76763.71000000,77066.42000000,364.86359000
2026-04-27T23:00:00+00:00,1777330800000,77066.42000000,77450.00000000,77018.56000000,77371.32000000,438.27302000
2026-04-28T00:00:00+00:00,1777334400000,77371.32000000,77478.00000000,77210.92000000,77379.62000000,327.26244000
2026-04-28T01:00:00+00:00,1777338000000,77379.62000000,77394.10000000,77038.10000000,77084.68000000,404.77602000
2026-04-28T02:00:00+00:00,1777341600000,77084.69000000,77227.03000000,76672.56000000,76890.93000000,437.75480000
2026-04-28T03:00:00+00:00,1777345200000,76890.92000000,76890.92000000,76672.00000000,76815.18000000,278.47081000
2026-04-28T04:00:00+00:00,1777348800000,76815.18000000,76950.00000000,76701.35000000,76888.08000000,274.86374000
2026-04-28T05:00:00+00:00,1777352400000,76888.08000000,77154.00000000,76811.01000000,76885.98000000,510.80129000
2026-04-28T06:00:00+00:00,1777356000000,76885.97000000,77027.91000000,76588.00000000,76720.00000000,465.05641000
2026-04-28T07:00:00+00:00,1777359600000,76720.01000000,76922.22000000,76424.90000000,76879.28000000,1631.99051000
2026-04-28T08:00:00+00:00,1777363200000,76879.28000000,77013.63000000,76741.12000000,76858.59000000,1043.07562000
2026-04-28T09:00:00+00:00,1777366800000,76858.59000000,76863.54000000,76495.91000000,76598.00000000,361.69239000
2026-04-28T10:00:00+00:00,1777370400000,76597.99000000,76692.19000000,76484.70000000,76618.35000000,418.24563000
2026-04-28T11:00:00+00:00,1777374000000,76618.35000000,76649.86000000,76130.10000000,76229.00000000,1019.71842000
2026-04-28T12:00:00+00:00,1777377600000,76228.99000000,76421.94000000,76168.84000000,76372.05000000,652.01316000
2026-04-28T13:00:00+00:00,1777381200000,76372.04000000,76411.72000000,75924.98000000,76189.84000000,1288.52500000
2026-04-28T14:00:00+00:00,1777384800000,76189.85000000,76199.99000000,75666.60000000,75949.99000000,1264.27580000
2026-04-28T15:00:00+00:00,1777388400000,75950.00000000,76085.42000000,75836.88000000,76066.38000000,571.95819000
2026-04-28T16:00:00+00:00,1777392000000,76066.37000000,76218.06000000,75881.28000000,76125.04000000,447.54534000
2026-04-28T17:00:00+00:00,1777395600000,76125.04000000,76262.63000000,75959.05000000,76187.30000000,337.12149000
2026-04-28T18:00:00+00:00,1777399200000,76187.30000000,76280.91000000,76137.86000000,76242.18000000,337.48355000
2026-04-28T19:00:00+00:00,1777402800000,76242.17000000,76380.83000000,76066.35000000,76330.97000000,259.65416000
2026-04-28T20:00:00+00:00,1777406400000,76330.97000000,76480.00000000,76323.71000000,76463.95000000,259.71578000
2026-04-28T21:00:00+00:00,1777410000000,76463.95000000,76481.30000000,76267.61000000,76357.15000000,281.17357000
2026-04-28T22:00:00+00:00,1777413600000,76357.15000000,76446.26000000,76218.00000000,76242.17000000,157.60986000
2026-04-28T23:00:00+00:00,1777417200000,76242.17000000,76370.00000000,76197.02000000,76342.77000000,179.93985000
2026-04-29T00:00:00+00:00,1777420800000,76342.78000000,76557.97000000,76276.00000000,76512.00000000,636.88517000
2026-04-29T01:00:00+00:00,1777424400000,76511.99000000,76668.02000000,76187.75000000,76571.00000000,371.48818000
2026-04-29T02:00:00+00:00,1777428000000,76571.00000000,76666.82000000,76402.72000000,76531.29000000,315.29662000
2026-04-29T03:00:00+00:00,1777431600000,76531.29000000,77127.62000000,76519.94000000,76994.78000000,568.25927000
2026-04-29T04:00:00+00:00,1777435200000,76994.77000000,77455.71000000,76880.00000000,77269.76000000,655.24397000
2026-04-29T05:00:00+00:00,1777438800000,77269.76000000,77329.31000000,77198.07000000,77288.38000000,412.95649000
2026-04-29T06:00:00+00:00,1777442400000,77288.39000000,77337.57000000,76907.07000000,77031.06000000,974.38933000
2026-04-29T07:00:00+00:00,1777446000000,77031.07000000,77182.91000000,77031.06000000,77053.64000000,931.98531000
2026-04-29T08:00:00+00:00,1777449600000,77053.65000000,77148.79000000,76972.32000000,77046.32000000,539.09721000
2026-04-29T09:00:00+00:00,1777453200000,77046.31000000,77800.00000000,76972.32000000,77642.00000000,835.54071000
2026-04-29T10:00:00+00:00,1777456800000,77642.00000000,77904.93000000,77559.19000000,77619.61000000,790.81622000
2026-04-29T11:00:00+00:00,1777460400000,77619.62000000,77694.61000000,77485.81000000,77590.03000000,531.75140000
2026-04-29T12:00:00+00:00,1777464000000,77590.04000000,77596.39000000,76850.00000000,77143.68000000,1776.35149000
2026-04-29T13:00:00+00:00,1777467600000,77143.68000000,77240.00000000,76425.62000000,76783.43000000,1000.69490000
2026-04-29T14:00:00+00:00,1777471200000,76783.42000000,76927.69000000,76489.99000000,76570.00000000,1353.72071000
2026-04-29T15:00:00+00:00,1777474800000,76570.00000000,76634.61000000,75705.32000000,75924.25000000,1132.75734000
2026-04-29T16:00:00+00:00,1777478400000,75924.24000000,76125.47000000,75696.13000000,75803.54000000,1021.10079000
2026-04-29T17:00:00+00:00,1777482000000,75803.55000000,76184.01000000,75803.55000000,76184.01000000,549.93434000
2026-04-29T18:00:00+00:00,1777485600000,76184.00000000,76274.80000000,74937.52000000,75513.91000000,1926.88309000
2026-04-29T19:00:00+00:00,1777489200000,75513.92000000,75591.83000000,75302.31000000,75563.86000000,464.57540000
2026-04-29T20:00:00+00:00,1777492800000,75563.87000000,75857.32000000,75497.43000000,75676.79000000,575.31173000
2026-04-29T21:00:00+00:00,1777496400000,75676.79000000,76088.90000000,75607.70000000,75933.93000000,363.06477000
2026-04-29T22:00:00+00:00,1777500000000,75933.94000000,76004.14000000,75818.14000000,75927.38000000,272.33397000
2026-04-29T23:00:00+00:00,1777503600000,75927.38000000,75990.06000000,75692.33000000,75780.00000000,279.49181000
2026-04-30T00:00:00+00:00,1777507200000,75780.00000000,76344.61000000,75656.03000000,76248.74000000,562.71461000
2026-04-30T01:00:00+00:00,1777510800000,76248.76000000,76473.26000000,76178.73000000,76232.80000000,331.53653000
2026-04-30T02:00:00+00:00,1777514400000,76232.81000000,76351.04000000,75494.70000000,75704.74000000,537.06765000
2026-04-30T03:00:00+00:00,1777518000000,75704.74000000,75994.26000000,75659.85000000,75928.10000000,182.12647000
2026-04-30T04:00:00+00:00,1777521600000,75928.09000000,75963.92000000,75414.57000000,75497.00000000,426.96926000
2026-04-30T05:00:00+00:00,1777525200000,75497.01000000,75750.00000000,75323.65000000,75600.09000000,491.70915000
2026-04-30T06:00:00+00:00,1777528800000,75600.09000000,75867.90000000,75569.99000000,75753.53000000,372.15072000
2026-04-30T07:00:00+00:00,1777532400000,75753.54000000,76179.91000000,75718.50000000,76161.67000000,516.75183000
2026-04-30T08:00:00+00:00,1777536000000,76161.67000000,76208.92000000,76019.57000000,76058.17000000,350.94571000
2026-04-30T09:00:00+00:00,1777539600000,76058.17000000,76339.38000000,76012.60000000,76097.19000000,445.01057000
2026-04-30T10:00:00+00:00,1777543200000,76097.19000000,76163.52000000,75974.93000000,76028.66000000,365.18719000
2026-04-30T11:00:00+00:00,1777546800000,76028.66000000,76244.36000000,75876.29000000,76059.43000000,550.88667000
2026-04-30T12:00:00+00:00,1777550400000,76059.42000000,76511.22000000,76042.75000000,76308.48000000,1520.57994000
2026-04-30T13:00:00+00:00,1777554000000,76308.48000000,76669.14000000,76116.20000000,76420.44000000,927.16622000
2026-04-30T14:00:00+00:00,1777557600000,76420.45000000,76597.51000000,76093.81000000,76301.24000000,683.75312000
2026-04-30T15:00:00+00:00,1777561200000,76301.25000000,76653.60000000,76163.16000000,76473.60000000,374.70038000
2026-04-30T16:00:00+00:00,1777564800000,76473.60000000,76484.60000000,76228.27000000,76261.03000000,165.45041000
2026-04-30T17:00:00+00:00,1777568400000,76261.04000000,76328.71000000,76111.00000000,76250.01000000,273.82279000
2026-04-30T18:00:00+00:00,1777572000000,76250.00000000,76468.84000000,76204.40000000,76350.00000000,184.15567000
2026-04-30T19:00:00+00:00,1777575600000,76350.00000000,76514.80000000,76308.33000000,76412.80000000,307.53776000
2026-04-30T20:00:00+00:00,1777579200000,76412.80000000,76568.90000000,76318.31000000,76492.46000000,287.06721000
2026-04-30T21:00:00+00:00,1777582800000,76492.45000000,76535.42000000,76240.78000000,76241.78000000,183.08169000
2026-04-30T22:00:00+00:00,1777586400000,76241.77000000,76449.16000000,76206.02000000,76237.06000000,158.56535000
2026-04-30T23:00:00+00:00,1777590000000,76237.07000000,76380.20000000,76217.96000000,76346.57000000,182.87917000
2026-05-01T00:00:00+00:00,1777593600000,76346.58000000,76591.00000000,76320.42000000,76458.05000000,502.88844000
2026-05-01T01:00:00+00:00,1777597200000,76458.06000000,76776.21000000,76449.50000000,76686.13000000,486.84554000
2026-05-01T02:00:00+00:00,1777600800000,76686.12000000,76744.60000000,76533.74000000,76592.54000000,204.45438000
2026-05-01T03:00:00+00:00,1777604400000,76592.54000000,77453.74000000,76555.06000000,77131.08000000,1056.19913000
2026-05-01T04:00:00+00:00,1777608000000,77131.08000000,77206.38000000,76653.60000000,77042.44000000,995.75921000
2026-05-01T05:00:00+00:00,1777611600000,77042.44000000,77184.96000000,77033.91000000,77165.98000000,283.75111000
2026-05-01T06:00:00+00:00,1777615200000,77165.99000000,77179.53000000,76882.00000000,76993.48000000,439.15205000
2026-05-01T07:00:00+00:00,1777618800000,76993.49000000,77140.36000000,76957.04000000,77130.54000000,633.73250000
2026-05-01T08:00:00+00:00,1777622400000,77130.54000000,77500.00000000,77048.00000000,77377.47000000,697.73561000
2026-05-01T09:00:00+00:00,1777626000000,77377.48000000,77391.99000000,77200.15000000,77268.55000000,355.16559000
2026-05-01T10:00:00+00:00,1777629600000,77268.56000000,77433.72000000,77146.48000000,77304.34000000,330.99244000
2026-05-01T11:00:00+00:00,1777633200000,77303.80000000,77600.00000000,77263.66000000,77463.98000000,584.37960000
2026-05-01T12:00:00+00:00,1777636800000,77463.98000000,78170.20000000,77408.73000000,77896.01000000,1392.97654000
2026-05-01T13:00:00+00:00,1777640400000,77896.01000000,78914.12000000,77896.00000000,78737.25000000,2354.33999000
2026-05-01T14:00:00+00:00,1777644000000,78737.26000000,78871.80000000,78051.86000000,78358.75000000,1970.70152000
2026-05-01T15:00:00+00:00,1777647600000,78358.74000000,78735.92000000,78176.06000000,78445.89000000,1013.17746000
2026-05-01T16:00:00+00:00,1777651200000,78445.88000000,78683.23000000,78167.53000000,78214.36000000,704.68666000
2026-05-01T17:00:00+00:00,1777654800000,78214.36000000,78584.61000000,78131.02000000,78552.94000000,489.31938000
2026-05-01T18:00:00+00:00,1777658400000,78552.93000000,78623.37000000,78375.53000000,78423.90000000,487.76487000
2026-05-01T19:00:00+00:00,1777662000000,78423.91000000,78540.00000000,78313.16000000,78360.00000000,512.65483000
2026-05-01T20:00:00+00:00,1777665600000,78360.01000000,78422.81000000,77752.00000000,77880.18000000,827.52759000
2026-05-01T21:00:00+00:00,1777669200000,77880.18000000,78200.00000000,77857.97000000,78199.99000000,485.72824000
2026-05-01T22:00:00+00:00,1777672800000,78200.00000000,78411.13000000,78144.70000000,78153.38000000,331.97786000
2026-05-01T23:00:00+00:00,1777676400000,78153.37000000,78249.60000000,78043.28000000,78231.13000000,173.55448000
2026-05-02T00:00:00+00:00,1777680000000,78231.13000000,78393.39000000,78166.48000000,78341.75000000,211.29374000
2026-05-02T01:00:00+00:00,1777683600000,78341.75000000,78441.31000000,78294.19000000,78355.00000000,400.98852000
2026-05-02T02:00:00+00:00,1777687200000,78355.00000000,78513.70000000,78260.95000000,78353.93000000,283.69022000
2026-05-02T03:00:00+00:00,1777690800000,78353.93000000,78514.82000000,78237.25000000,78400.00000000,300.16391000
2026-05-02T04:00:00+00:00,1777694400000,78399.99000000,78448.99000000,78123.53000000,78175.50000000,411.85061000
2026-05-02T05:00:00+00:00,1777698000000,78175.50000000,78235.25000000,78040.00000000,78174.00000000,526.60294000
2026-05-02T06:00:00+00:00,1777701600000,78174.00000000,78363.21000000,78148.24000000,78327.80000000,366.56450000
2026-05-02T07:00:00+00:00,1777705200000,78327.80000000,78342.18000000,78207.20000000,78220.00000000,170.02066000
2026-05-02T08:00:00+00:00,1777708800000,78220.00000000,78356.51000000,78165.30000000,78315.37000000,204.83037000
2026-05-02T09:00:00+00:00,1777712400000,78315.36000000,78394.00000000,78220.00000000,78293.57000000,257.64077000
2026-05-02T10:00:00+00:00,1777716000000,78293.57000000,78311.97000000,78225.22000000,78249.30000000,136.41815000
2026-05-02T11:00:00+00:00,1777719600000,78249.31000000,78249.31000000,78094.43000000,78143.08000000,269.24301000
2026-05-02T12:00:00+00:00,1777723200000,78143.09000000,78262.37000000,78108.41000000,78211.24000000,182.77682000
2026-05-02T13:00:00+00:00,1777726800000,78211.24000000,78423.85000000,78211.24000000,78367.06000000,227.00487000
2026-05-02T14:00:00+00:00,1777730400000,78367.06000000,78484.42000000,78309.84000000,78423.98000000,190.15931000
2026-05-02T15:00:00+00:00,1777734000000,78423.98000000,78487.68000000,78365.96000000,78487.67000000,126.14054000
2026-05-02T16:00:00+00:00,1777737600000,78487.67000000,78596.61000000,78430.07000000,78455.02000000,194.42514000
2026-05-02T17:00:00+00:00,1777741200000,78455.02000000,78485.53000000,78368.24000000,78398.02000000,213.39843000
2026-05-02T18:00:00+00:00,1777744800000,78398.03000000,78493.31000000,78310.54000000,78466.62000000,118.15969000
2026-05-02T19:00:00+00:00,1777748400000,78466.63000000,78521.68000000,78440.11000000,78486.00000000,182.05466000
2026-05-02T20:00:00+00:00,1777752000000,78486.23000000,78491.26000000,78418.32000000,78451.38000000,61.92886000
2026-05-02T21:00:00+00:00,1777755600000,78451.37000000,79199.48000000,78439.51000000,78719.78000000,734.53837000
2026-05-02T22:00:00+00:00,1777759200000,78719.78000000,78872.39000000,78610.46000000,78832.98000000,266.49012000
2026-05-02T23:00:00+00:00,1777762800000,78832.98000000,78832.98000000,78631.90000000,78686.85000000,114.49221000
2026-05-03T00:00:00+00:00,1777766400000,78686.84000000,78754.55000000,78490.61000000,78542.32000000,233.96416000
2026-05-03T01:00:00+00:00,1777770000000,78542.33000000,78542.33000000,78152.25000000,78240.83000000,391.01401000
2026-05-03T02:00:00+00:00,1777773600000,78240.84000000,78309.09000000,78108.75000000,78171.85000000,222.42918000
2026-05-03T03:00:00+00:00,1777777200000,78171.86000000,78217.59000000,78109.94000000,78203.08000000,200.35590000
2026-05-03T04:00:00+00:00,1777780800000,78203.07000000,78236.45000000,78120.00000000,78163.19000000,89.71363000
2026-05-03T05:00:00+00:00,1777784400000,78163.19000000,78260.75000000,78163.17000000,78249.42000000,98.09285000
2026-05-03T06:00:00+00:00,1777788000000,78249.41000000,78337.26000000,78084.08000000,78288.30000000,306.94233000
2026-05-03T07:00:00+00:00,1777791600000,78288.30000000,78483.67000000,78288.29000000,78363.25000000,299.42086000
2026-05-03T08:00:00+00:00,1777795200000,78363.24000000,78505.92000000,78363.24000000,78387.86000000,102.01693000
2026-05-03T09:00:00+00:00,1777798800000,78387.87000000,78604.67000000,78354.53000000,78529.57000000,293.13210000
2026-05-03T10:00:00+00:00,1777802400000,78529.57000000,78534.40000000,78406.97000000,78408.01000000,140.79481000
2026-05-03T11:00:00+00:00,1777806000000,78408.01000000,78849.22000000,78380.00000000,78656.01000000,412.83130000
2026-05-03T12:00:00+00:00,1777809600000,78656.01000000,78878.77000000,78656.00000000,78747.09000000,294.28187000
2026-05-03T13:00:00+00:00,1777813200000,78747.09000000,78769.63000000,78586.99000000,78670.01000000,196.40341000
2026-05-03T14:00:00+00:00,1777816800000,78670.01000000,78786.57000000,78608.70000000,78741.00000000,409.96615000
2026-05-03T15:00:00+00:00,1777820400000,78741.00000000,78815.19000000,78633.40000000,78668.36000000,237.20487000
2026-05-03T16:00:00+00:00,1777824000000,78668.36000000,78784.56000000,78600.00000000,78654.00000000,167.53902000
2026-05-03T17:00:00+00:00,1777827600000,78654.01000000,78822.83000000,78558.65000000,78725.76000000,357.92550000
2026-05-03T18:00:00+00:00,1777831200000,78725.76000000,78763.57000000,78631.61000000,78739.67000000,138.18974000
2026-05-03T19:00:00+00:00,1777834800000,78739.68000000,78853.32000000,78676.67000000,78760.32000000,252.60944000
2026-05-03T20:00:00+00:00,1777838400000,78760.32000000,79268.00000000,78732.04000000,78915.99000000,645.79790000
2026-05-03T21:00:00+00:00,1777842000000,78915.99000000,79056.59000000,78650.00000000,78831.59000000,357.48617000
2026-05-03T22:00:00+00:00,1777845600000,78831.60000000,79447.00000000,78831.60000000,79177.29000000,934.95879000
2026-05-03T23:00:00+00:00,1777849200000,79177.29000000,79287.82000000,78484.42000000,78568.57000000,642.72198000
2026-05-04T00:00:00+00:00,1777852800000,78568.58000000,78572.57000000,78288.88000000,78547.14000000,434.86007000
2026-05-04T01:00:00+00:00,1777856400000,78547.15000000,79848.84000000,78412.49000000,79769.43000000,1366.42153000
2026-05-04T02:00:00+00:00,1777860000000,79769.43000000,80420.90000000,79540.05000000,80173.30000000,2278.14954000
2026-05-04T03:00:00+00:00,1777863600000,80173.30000000,80458.00000000,79926.90000000,80316.31000000,1012.18218000
2026-05-04T04:00:00+00:00,1777867200000,80316.30000000,80635.51000000,80233.04000000,80332.06000000,1362.02834000
2026-05-04T05:00:00+00:00,1777870800000,80332.06000000,80395.96000000,79956.25000000,80027.26000000,746.81318000
2026-05-04T06:00:00+00:00,1777874400000,80027.26000000,80048.64000000,79500.00000000,79877.90000000,1103.73906000
2026-05-04T07:00:00+00:00,1777878000000,79877.91000000,79946.33000000,79672.00000000,79696.75000000,419.83178000
2026-05-04T08:00:00+00:00,1777881600000,79696.75000000,79800.00000000,79602.32000000,79708.30000000,435.36516000
2026-05-04T09:00:00+00:00,1777885200000,79708.30000000,79930.00000000,79647.87000000,79838.48000000,473.40316000
2026-05-04T10:00:00+00:00,1777888800000,79838.49000000,79880.00000000,78202.00000000,78940.26000000,4380.72428000
2026-05-04T11:00:00+00:00,1777892400000,78940.27000000,79124.83000000,78708.87000000,78793.67000000,699.54546000
2026-05-04T12:00:00+00:00,1777896000000,78793.67000000,79020.00000000,78718.55000000,78857.18000000,426.01688000
2026-05-04T13:00:00+00:00,1777899600000,78857.18000000,79124.83000000,78581.74000000,78790.00000000,725.07004000
2026-05-04T14:00:00+00:00,1777903200000,78790.01000000,80545.17000000,78500.00000000,80216.16000000,2308.42012000
2026-05-04T15:00:00+00:00,1777906800000,80216.15000000,80367.93000000,79320.28000000,80028.85000000,2458.63305000
2026-05-04T16:00:00+00:00,1777910400000,80028.85000000,80395.68000000,79619.33000000,80025.03000000,1492.78417000
2026-05-04T17:00:00+00:00,1777914000000,80025.03000000,80776.99000000,80021.50000000,80390.81000000,1080.11249000
2026-05-04T18:00:00+00:00,1777917600000,80390.80000000,80439.18000000,80035.32000000,80114.91000000,663.99913000
2026-05-04T19:00:00+00:00,1777921200000,80114.91000000,80138.00000000,79900.00000000,80053.31000000,505.59924000
2026-05-04T20:00:00+00:00,1777924800000,80053.31000000,80154.12000000,79901.00000000,79936.70000000,459.51864000
2026-05-04T21:00:00+00:00,1777928400000,79936.70000000,80383.15000000,79936.70000000,80259.17000000,343.30642000
2026-05-04T22:00:00+00:00,1777932000000,80259.18000000,80397.19000000,80042.84000000,80067.23000000,272.35375000
2026-05-04T23:00:00+00:00,1777935600000,80067.22000000,80067.22000000,79744.91000000,79861.01000000,594.08368000
2026-05-05T00:00:00+00:00,1777939200000,79861.01000000,80183.33000000,79808.72000000,80170.66000000,425.73287000
2026-05-05T01:00:00+00:00,1777942800000,80170.66000000,80385.06000000,80080.76000000,80352.00000000,530.02962000
2026-05-05T02:00:00+00:00,1777946400000,80351.99000000,80900.00000000,80300.00000000,80554.68000000,768.44478000
2026-05-05T03:00:00+00:00,1777950000000,80554.69000000,81083.98000000,80457.93000000,80893.08000000,677.93372000
2026-05-05T04:00:00+00:00,1777953600000,80893.08000000,80982.59000000,80725.00000000,80902.44000000,528.94138000
2026-05-05T05:00:00+00:00,1777957200000,80902.44000000,81323.52000000,80830.06000000,80970.00000000,1011.38606000
2026-05-05T06:00:00+00:00,1777960800000,80969.99000000,81016.42000000,80800.00000000,80976.00000000,389.83367000
2026-05-05T07:00:00+00:00,1777964400000,80976.00000000,81136.59000000,80826.00000000,80855.59000000,1044.43230000
2026-05-05T08:00:00+00:00,1777968000000,80855.59000000,80895.50000000,80723.20000000,80815.24000000,474.45790000
2026-05-05T09:00:00+00:00,1777971600000,80815.24000000,80815.24000000,80527.76000000,80586.02000000,865.34761000
2026-05-05T10:00:00+00:00,1777975200000,80586.02000000,80831.87000000,80530.82000000,80823.61000000,521.10422000
2026-05-05T11:00:00+00:00,1777978800000,80823.61000000,81095.48000000,80780.00000000,81014.05000000,623.66253000
2026-05-05T12:00:00+00:00,1777982400000,81014.05000000,81329.61000000,80932.54000000,81279.41000000,607.82057000
2026-05-05T13:00:00+00:00,1777986000000,81279.40000000,81712.32000000,81196.00000000,81330.00000000,1771.41690000
2026-05-05T14:00:00+00:00,1777989600000,81330.00000000,81500.00000000,80939.87000000,81336.59000000,1282.91373000
2026-05-05T15:00:00+00:00,1777993200000,81336.59000000,81689.20000000,81235.00000000,81525.19000000,899.04049000
2026-05-05T16:00:00+00:00,1777996800000,81525.19000000,81615.33000000,81050.04000000,81285.75000000,707.45267000
2026-05-05T17:00:00+00:00,1778000400000,81285.75000000,81458.26000000,81185.02000000,81270.60000000,280.80669000
2026-05-05T18:00:00+00:00,1778004000000,81270.61000000,81599.00000000,81270.61000000,81515.00000000,427.56223000
2026-05-05T19:00:00+00:00,1778007600000,81515.00000000,81680.00000000,81407.58000000,81606.35000000,364.63717000
2026-05-05T20:00:00+00:00,1778011200000,81606.35000000,81770.00000000,81510.13000000,81646.38000000,724.67261000
2026-05-05T21:00:00+00:00,1778014800000,81646.39000000,81791.48000000,81305.27000000,81407.11000000,618.58873000
2026-05-05T22:00:00+00:00,1778018400000,81407.11000000,81600.00000000,80817.72000000,81111.27000000,921.88572000
2026-05-05T23:00:00+00:00,1778022000000,81111.27000000,81222.03000000,80790.00000000,80905.52000000,479.07578000
2026-05-06T00:00:00+00:00,1778025600000,80905.53000000,81262.28000000,80731.14000000,81030.01000000,876.19915000
2026-05-06T01:00:00+00:00,1778029200000,81030.00000000,81534.23000000,80996.00000000,81439.34000000,803.82574000
2026-05-06T02:00:00+00:00,1778032800000,81439.34000000,81449.04000000,81047.01000000,81363.54000000,621.19491000
2026-05-06T03:00:00+00:00,1778036400000,81363.54000000,81760.84000000,81358.17000000,81581.69000000,710.52364000
2026-05-06T04:00:00+00:00,1778040000000,81581.70000000,81649.99000000,81270.00000000,81331.10000000,575.64130000
2026-05-06T05:00:00+00:00,1778043600000,81331.10000000,81360.30000000,81060.00000000,81333.00000000,592.18650000
2026-05-06T06:00:00+00:00,1778047200000,81333.00000000,81516.90000000,81211.34000000,81476.71000000,524.13540000
2026-05-06T07:00:00+00:00,1778050800000,81476.71000000,81611.00000000,81307.81000000,81359.82000000,608.74333000
2026-05-06T08:00:00+00:00,1778054400000,81359.82000000,81986.00000000,81328.68000000,81945.66000000,1353.41416000
2026-05-06T09:00:00+00:00,1778058000000,81945.66000000,82060.00000000,81682.70000000,81997.00000000,1096.73350000
2026-05-06T10:00:00+00:00,1778061600000,81997.00000000,82390.00000000,81953.25000000,82290.04000000,1302.85091000
2026-05-06T11:00:00+00:00,1778065200000,82290.03000000,82850.00000000,82261.60000000,82522.89000000,1435.93329000
2026-05-06T12:00:00+00:00,1778068800000,82522.88000000,82539.33000000,82164.61000000,82220.47000000,820.92810000
2026-05-06T13:00:00+00:00,1778072400000,82220.47000000,82220.47000000,81600.00000000,81670.89000000,1247.90169000
2026-05-06T14:00:00+00:00,1778076000000,81670.90000000,81980.72000000,81136.00000000,81526.73000000,1615.07708000
2026-05-06T15:00:00+00:00,1778079600000,81526.74000000,81823.00000000,81316.28000000,81704.25000000,824.75333000
2026-05-06T16:00:00+00:00,1778083200000,81704.25000000,81907.51000000,81431.16000000,81630.94000000,983.55485000
2026-05-06T17:00:00+00:00,1778086800000,81630.94000000,81709.32000000,81394.00000000,81452.63000000,417.39237000
2026-05-06T18:00:00+00:00,1778090400000,81452.63000000,81559.17000000,81271.06000000,81353.14000000,451.84587000
2026-05-06T19:00:00+00:00,1778094000000,81353.15000000,81522.41000000,81200.00000000,81464.87000000,517.12437000
2026-05-06T20:00:00+00:00,1778097600000,81464.86000000,81700.00000000,81302.35000000,81427.52000000,436.46876000
2026-05-06T21:00:00+00:00,1778101200000,81427.52000000,81618.77000000,81294.64000000,81539.16000000,310.38464000
2026-05-06T22:00:00+00:00,1778104800000,81539.16000000,81540.91000000,81240.00000000,81342.39000000,229.58883000
2026-05-06T23:00:00+00:00,1778108400000,81342.39000000,81447.30000000,81000.00000000,81447.01000000,442.37224000
2026-05-07T00:00:00+00:00,1778112000000,81447.01000000,81490.03000000,80980.00000000,81016.96000000,407.52958000
2026-05-07T01:00:00+00:00,1778115600000,81016.96000000,81284.67000000,80830.23000000,81167.80000000,565.39571000
2026-05-07T02:00:00+00:00,1778119200000,81167.79000000,81180.74000000,80883.54000000,81113.34000000,749.95215000
2026-05-07T03:00:00+00:00,1778122800000,81113.35000000,81113.35000000,80834.61000000,80834.91000000,345.29566000
2026-05-07T04:00:00+00:00,1778126400000,80834.92000000,80989.59000000,80725.09000000,80979.19000000,387.82747000
2026-05-07T05:00:00+00:00,1778130000000,80979.19000000,81172.27000000,80974.06000000,81088.00000000,355.34634000
2026-05-07T06:00:00+00:00,1778133600000,81088.00000000,81443.21000000,80874.41000000,81438.61000000,613.68575000
2026-05-07T07:00:00+00:00,1778137200000,81438.62000000,81708.32000000,81390.30000000,81518.58000000,681.98013000
2026-05-07T08:00:00+00:00,1778140800000,81518.57000000,81590.00000000,81194.74000000,81231.24000000,647.38206000
2026-05-07T09:00:00+00:00,1778144400000,81231.25000000,81231.25000000,80852.33000000,80929.00000000,659.04219000
2026-05-07T10:00:00+00:00,1778148000000,80929.00000000,80997.00000000,80572.40000000,80850.75000000,690.56353000
2026-05-07T11:00:00+00:00,1778151600000,80850.76000000,81041.15000000,80786.50000000,80866.65000000,367.10915000
2026-05-07T12:00:00+00:00,1778155200000,80866.65000000,81180.00000000,80846.87000000,81162.01000000,429.19223000
2026-05-07T13:00:00+00:00,1778158800000,81162.00000000,81162.01000000,80260.98000000,80503.68000000,1211.56578000
2026-05-07T14:00:00+00:00,1778162400000,80503.69000000,80685.70000000,80046.00000000,80171.38000000,1538.09475000
2026-05-07T15:00:00+00:00,1778166000000,80171.37000000,80271.42000000,79699.52000000,79890.63000000,1647.81030000
2026-05-07T16:00:00+00:00,1778169600000,79890.00000000,80020.00000000,79646.79000000,79801.08000000,1424.92395000
2026-05-07T17:00:00+00:00,1778173200000,79801.08000000,80135.17000000,79500.00000000,80094.52000000,919.74045000
2026-05-07T18:00:00+00:00,1778176800000,80094.52000000,80269.06000000,80004.40000000,80200.59000000,527.27769000
2026-05-07T19:00:00+00:00,1778180400000,80200.60000000,80224.00000000,79934.30000000,80146.11000000,443.20216000
2026-05-07T20:00:00+00:00,1778184000000,80146.77000000,80371.23000000,79859.51000000,79879.99000000,400.51449000
2026-05-07T21:00:00+00:00,1778187600000,79880.00000000,79934.92000000,79660.00000000,79735.01000000,401.75461000
2026-05-07T22:00:00+00:00,1778191200000,79735.00000000,79990.00000000,79582.95000000,79919.01000000,495.14556000
2026-05-07T23:00:00+00:00,1778194800000,79919.00000000,80068.03000000,79871.98000000,80006.00000000,244.47169000
2026-05-08T00:00:00+00:00,1778198400000,80006.00000000,80142.84000000,79729.72000000,79831.99000000,958.06006000
2026-05-08T01:00:00+00:00,1778202000000,79831.98000000,79900.11000000,79612.63000000,79740.01000000,539.33838000
2026-05-08T02:00:00+00:00,1778205600000,79740.01000000,79761.61000000,79316.99000000,79488.46000000,1066.54641000
2026-05-08T03:00:00+00:00,1778209200000,79488.47000000,79666.66000000,79181.48000000,79578.85000000,529.79179000
2026-05-08T04:00:00+00:00,1778212800000,79578.84000000,79748.00000000,79551.26000000,79655.23000000,317.73705000
2026-05-08T05:00:00+00:00,1778216400000,79655.22000000,79778.95000000,79600.00000000,79600.01000000,307.79364000
2026-05-08T06:00:00+00:00,1778220000000,79600.01000000,79654.00000000,79411.00000000,79525.76000000,792.09671000
2026-05-08T07:00:00+00:00,1778223600000,79525.77000000,79727.00000000,79248.58000000,79682.40000000,992.93778000
2026-05-08T08:00:00+00:00,1778227200000,79682.40000000,79987.27000000,79666.05000000,79886.01000000,628.59636000
2026-05-08T09:00:00+00:00,1778230800000,79886.00000000,80061.17000000,79794.88000000,79872.72000000,481.81051000
2026-05-08T10:00:00+00:00,1778234400000,79872.72000000,80278.92000000,79788.01000000,80212.56000000,650.80764000
2026-05-08T11:00:00+00:00,1778238000000,80212.55000000,80340.94000000,80127.54000000,80231.22000000,586.98252000
2026-05-08T12:00:00+00:00,1778241600000,80231.22000000,80500.00000000,79966.14000000,80025.82000000,831.54339000
2026-05-08T13:00:00+00:00,1778245200000,80025.81000000,80095.99000000,79549.54000000,79647.80000000,1091.58342000
2026-05-08T14:00:00+00:00,1778248800000,79647.81000000,80441.79000000,79647.80000000,80150.97000000,1005.37450000
2026-05-08T15:00:00+00:00,1778252400000,80150.97000000,80200.00000000,79625.00000000,80142.14000000,812.90032000
2026-05-08T16:00:00+00:00,1778256000000,80142.13000000,80182.18000000,79741.30000000,79802.34000000,665.76300000
2026-05-08T17:00:00+00:00,1778259600000,79802.35000000,80261.87000000,79738.75000000,80060.00000000,1502.98426000
2026-05-08T18:00:00+00:00,1778263200000,80060.00000000,80299.99000000,80059.99000000,80078.40000000,470.37331000
2026-05-08T19:00:00+00:00,1778266800000,80078.39000000,80181.66000000,79954.54000000,80179.94000000,408.77976000
2026-05-08T20:00:00+00:00,1778270400000,80180.00000000,80299.93000000,80089.76000000,80133.09000000,330.63666000
2026-05-08T21:00:00+00:00,1778274000000,80133.08000000,80264.00000000,80116.32000000,80263.99000000,269.62208000
2026-05-08T22:00:00+00:00,1778277600000,80264.00000000,80409.09000000,80238.42000000,80262.00000000,318.15524000
2026-05-08T23:00:00+00:00,1778281200000,80262.00000000,80299.27000000,80111.02000000,80193.17000000,441.09530000
2026-05-09T00:00:00+00:00,1778284800000,80193.18000000,80240.87000000,80129.85000000,80238.76000000,206.53644000
2026-05-09T01:00:00+00:00,1778288400000,80238.75000000,80446.58000000,80217.46000000,80327.75000000,266.81337000
2026-05-09T02:00:00+00:00,1778292000000,80327.75000000,80477.47000000,80327.75000000,80417.87000000,231.63268000
2026-05-09T03:00:00+00:00,1778295600000,80417.88000000,80550.67000000,80307.76000000,80383.95000000,388.12699000
2026-05-09T04:00:00+00:00,1778299200000,80383.96000000,80666.66000000,80373.55000000,80379.90000000,404.43634000
2026-05-09T05:00:00+00:00,1778302800000,80379.90000000,80480.49000000,80343.00000000,80379.49000000,360.73513000
2026-05-09T06:00:00+00:00,1778306400000,80379.50000000,80428.01000000,80201.60000000,80263.92000000,270.37474000
2026-05-09T07:00:00+00:00,1778310000000,80263.93000000,80309.05000000,80135.00000000,80228.89000000,445.94164000
2026-05-09T08:00:00+00:00,1778313600000,80228.88000000,80452.44000000,80220.00000000,80407.12000000,297.06841000
2026-05-09T09:00:00+00:00,1778317200000,80407.12000000,80415.83000000,80214.00000000,80242.53000000,211.41081000
2026-05-09T10:00:00+00:00,1778320800000,80242.54000000,80346.94000000,80166.26000000,80264.02000000,234.54075000
2026-05-09T11:00:00+00:00,1778324400000,80264.01000000,80366.07000000,80256.95000000,80345.46000000,266.71827000
2026-05-09T12:00:00+00:00,1778328000000,80345.47000000,80416.21000000,80274.03000000,80397.97000000,357.45715000
2026-05-09T13:00:00+00:00,1778331600000,80397.97000000,80422.00000000,80318.70000000,80391.18000000,341.73909000
2026-05-09T14:00:00+00:00,1778335200000,80391.18000000,80426.90000000,80254.71000000,80332.22000000,322.24573000
2026-05-09T15:00:00+00:00,1778338800000,80332.23000000,80600.00000000,80234.00000000,80527.92000000,418.47876000
2026-05-09T16:00:00+00:00,1778342400000,80527.92000000,80777.00000000,80487.40000000,80625.01000000,546.55445000
2026-05-09T17:00:00+00:00,1778346000000,80625.00000000,80928.56000000,80625.00000000,80812.70000000,430.13867000
2026-05-09T18:00:00+00:00,1778349600000,80812.69000000,81080.00000000,80787.39000000,80907.65000000,339.35386000
2026-05-09T19:00:00+00:00,1778353200000,80907.66000000,80958.00000000,80776.99000000,80938.53000000,217.80867000
2026-05-09T20:00:00+00:00,1778356800000,80938.53000000,80938.53000000,80744.98000000,80805.50000000,144.14004000
2026-05-09T21:00:00+00:00,1778360400000,80805.51000000,80896.00000000,80744.98000000,80780.83000000,149.85415000
2026-05-09T22:00:00+00:00,1778364000000,80780.83000000,80823.24000000,80670.01000000,80782.38000000,199.54802000
2026-05-09T23:00:00+00:00,1778367600000,80782.38000000,80850.00000000,80621.88000000,80678.40000000,496.76761000
2026-05-10T00:00:00+00:00,1778371200000,80678.41000000,80770.51000000,80610.64000000,80680.04000000,346.27712000
2026-05-10T01:00:00+00:00,1778374800000,80680.03000000,80690.73000000,80572.77000000,80685.56000000,410.62072000
2026-05-10T02:00:00+00:00,1778378400000,80685.55000000,80790.00000000,80611.00000000,80777.42000000,290.59888000
2026-05-10T03:00:00+00:00,1778382000000,80777.42000000,80887.15000000,80709.59000000,80775.00000000,284.77121000
2026-05-10T04:00:00+00:00,1778385600000,80774.99000000,80840.00000000,80722.78000000,80759.93000000,253.45188000
2026-05-10T05:00:00+00:00,1778389200000,80759.93000000,80816.52000000,80682.00000000,80700.77000000,372.73913000
2026-05-10T06:00:00+00:00,1778392800000,80700.76000000,80753.04000000,80658.97000000,80733.75000000,211.55020000
2026-05-10T07:00:00+00:00,1778396400000,80733.75000000,80827.14000000,80720.10000000,80736.03000000,400.67517000
2026-05-10T08:00:00+00:00,1778400000000,80736.03000000,80909.65000000,80715.33000000,80830.33000000,252.36808000
2026-05-10T09:00:00+00:00,1778403600000,80830.34000000,80913.80000000,80756.53000000,80807.96000000,237.31778000
2026-05-10T10:00:00+00:00,1778407200000,80807.95000000,80883.48000000,80691.00000000,80873.79000000,279.49023000
2026-05-10T11:00:00+00:00,1778410800000,80873.80000000,80975.40000000,80750.00000000,80821.21000000,339.53296000
2026-05-10T12:00:00+00:00,1778414400000,80821.21000000,80950.00000000,80784.20000000,80927.72000000,235.68491000
2026-05-10T13:00:00+00:00,1778418000000,80927.71000000,81000.01000000,80865.44000000,80971.67000000,254.25083000
2026-05-10T14:00:00+00:00,1778421600000,80971.66000000,80999.36000000,80816.22000000,80990.11000000,372.45860000
2026-05-10T15:00:00+00:00,1778425200000,80990.11000000,81442.81000000,80936.00000000,81418.01000000,780.28503000
2026-05-10T16:00:00+00:00,1778428800000,81418.01000000,81500.00000000,81200.00000000,81378.25000000,595.22707000
2026-05-10T17:00:00+00:00,1778432400000,81378.25000000,81583.11000000,81220.00000000,81476.18000000,599.74468000
2026-05-10T18:00:00+00:00,1778436000000,81476.18000000,81493.11000000,81231.14000000,81271.96000000,268.90805000
2026-05-10T19:00:00+00:00,1778439600000,81271.96000000,81481.92000000,81148.00000000,81437.83000000,334.34752000
2026-05-10T20:00:00+00:00,1778443200000,81437.83000000,81459.66000000,80279.77000000,80734.88000000,1021.73969000
2026-05-10T21:00:00+00:00,1778446800000,80734.88000000,80944.44000000,80571.97000000,80720.47000000,691.73163000
2026-05-10T22:00:00+00:00,1778450400000,80720.47000000,82171.96000000,80666.66000000,82044.49000000,1804.86462000
2026-05-10T23:00:00+00:00,1778454000000,82044.49000000,82479.32000000,82044.49000000,82210.07000000,1395.68283000
2026-05-11T00:00:00+00:00,1778457600000,82210.07000000,82380.00000000,81280.00000000,81471.13000000,1294.00066000
2026-05-11T01:00:00+00:00,1778461200000,81471.13000000,81744.85000000,81291.23000000,81501.72000000,495.92379000
2026-05-11T02:00:00+00:00,1778464800000,81501.73000000,81572.40000000,81117.64000000,81169.08000000,491.97068000
2026-05-11T03:00:00+00:00,1778468400000,81169.09000000,81188.97000000,80525.00000000,80736.01000000,857.95581000
2026-05-11T04:00:00+00:00,1778472000000,80736.00000000,80879.12000000,80639.99000000,80824.61000000,378.47076000
2026-05-11T05:00:00+00:00,1778475600000,80824.61000000,80981.80000000,80761.73000000,80832.33000000,423.68877000
2026-05-11T06:00:00+00:00,1778479200000,80832.34000000,81049.51000000,80762.00000000,80822.86000000,296.00491000
2026-05-11T07:00:00+00:00,1778482800000,80822.86000000,80840.30000000,80663.11000000,80740.40000000,496.93812000
2026-05-11T08:00:00+00:00,1778486400000,80740.40000000,80863.42000000,80621.87000000,80767.97000000,463.92135000
2026-05-11T09:00:00+00:00,1778490000000,80767.97000000,80997.63000000,80758.30000000,80966.57000000,330.83757000
2026-05-11T10:00:00+00:00,1778493600000,80966.58000000,81200.00000000,80940.00000000,80940.00000000,488.26383000
2026-05-11T11:00:00+00:00,1778497200000,80940.00000000,81196.95000000,80900.00000000,81196.94000000,356.37085000
2026-05-11T12:00:00+00:00,1778500800000,81196.95000000,81356.46000000,81029.77000000,81054.65000000,485.89630000
2026-05-11T13:00:00+00:00,1778504400000,81054.65000000,81332.29000000,80739.63000000,81072.00000000,767.39683000
2026-05-11T14:00:00+00:00,1778508000000,81072.01000000,81252.72000000,80462.97000000,80953.38000000,767.64104000
2026-05-11T15:00:00+00:00,1778511600000,80953.39000000,81458.00000000,80826.02000000,81445.90000000,647.30001000
2026-05-11T16:00:00+00:00,1778515200000,81445.89000000,81910.35000000,81344.72000000,81575.85000000,1113.46844000
2026-05-11T17:00:00+00:00,1778518800000,81575.84000000,82071.77000000,81369.42000000,81941.09000000,565.28919000
2026-05-11T18:00:00+00:00,1778522400000,81941.09000000,82137.26000000,81836.15000000,81858.96000000,536.09834000
2026-05-11T19:00:00+00:00,1778526000000,81858.97000000,82091.11000000,81739.09000000,81961.99000000,458.60970000
2026-05-11T20:00:00+00:00,1778529600000,81961.99000000,82078.91000000,81758.50000000,81821.02000000,322.40099000
2026-05-11T21:00:00+00:00,1778533200000,81821.03000000,81906.35000000,81600.00000000,81821.18000000,268.82965000
2026-05-11T22:00:00+00:00,1778536800000,81821.18000000,81969.99000000,81729.99000000,81833.92000000,366.43361000
2026-05-11T23:00:00+00:00,1778540400000,81833.92000000,81833.92000000,81596.31000000,81745.65000000,278.04936000
2026-05-12T00:00:00+00:00,1778544000000,81745.66000000,81788.00000000,81478.75000000,81545.20000000,419.66559000
2026-05-12T01:00:00+00:00,1778547600000,81545.20000000,81615.67000000,80714.28000000,81199.18000000,866.00547000
2026-05-12T02:00:00+00:00,1778551200000,81199.18000000,81332.29000000,81087.63000000,81249.93000000,386.77691000
2026-05-12T03:00:00+00:00,1778554800000,81249.93000000,81294.42000000,81024.41000000,81058.80000000,187.87319000
2026-05-12T04:00:00+00:00,1778558400000,81058.79000000,81303.99000000,81000.00000000,81240.01000000,398.28206000
2026-05-12T05:00:00+00:00,1778562000000,81240.01000000,81305.24000000,81181.56000000,81224.03000000,329.93857000
2026-05-12T06:00:00+00:00,1778565600000,81224.04000000,81300.00000000,81010.01000000,81022.44000000,448.36294000
2026-05-12T07:00:00+00:00,1778569200000,81022.44000000,81137.27000000,80800.77000000,80865.40000000,603.31882000
2026-05-12T08:00:00+00:00,1778572800000,80865.40000000,80964.13000000,80760.53000000,80843.31000000,478.61372000
2026-05-12T09:00:00+00:00,1778576400000,80843.30000000,80963.35000000,80720.00000000,80837.15000000,506.71585000
2026-05-12T10:00:00+00:00,1778580000000,80837.15000000,80848.27000000,80601.27000000,80666.37000000,487.71377000
2026-05-12T11:00:00+00:00,1778583600000,80666.38000000,80785.38000000,80496.57000000,80784.87000000,500.02112000
2026-05-12T12:00:00+00:00,1778587200000,80784.86000000,80999.00000000,80619.19000000,80881.26000000,585.87948000
2026-05-12T13:00:00+00:00,1778590800000,80881.25000000,80928.26000000,80397.07000000,80466.91000000,795.94705000
2026-05-12T14:00:00+00:00,1778594400000,80466.91000000,80888.01000000,80397.88000000,80540.00000000,865.59094000
2026-05-12T15:00:00+00:00,1778598000000,80540.00000000,80676.78000000,80188.65000000,80336.01000000,958.32005000
2026-05-12T16:00:00+00:00,1778601600000,80336.01000000,80435.99000000,79843.59000000,80000.01000000,1473.45450000
2026-05-12T17:00:00+00:00,1778605200000,80000.01000000,80593.06000000,79951.05000000,80527.69000000,486.64257000
2026-05-12T18:00:00+00:00,1778608800000,80527.69000000,80763.81000000,80430.00000000,80679.12000000,367.35810000
2026-05-12T19:00:00+00:00,1778612400000,80679.11000000,80874.42000000,80679.11000000,80834.64000000,346.22158000
2026-05-12T20:00:00+00:00,1778616000000,80835.30000000,80896.25000000,80642.85000000,80696.87000000,292.49967000
2026-05-12T21:00:00+00:00,1778619600000,80696.87000000,80738.00000000,80497.00000000,80587.44000000,202.53849000
2026-05-12T22:00:00+00:00,1778623200000,80587.45000000,80791.94000000,80587.45000000,80656.43000000,151.10909000
2026-05-12T23:00:00+00:00,1778626800000,80656.44000000,80714.00000000,80439.91000000,80504.47000000,247.40723000
2026-05-13T00:00:00+00:00,1778630400000,80504.47000000,80768.95000000,80412.15000000,80718.00000000,230.81443000
2026-05-13T01:00:00+00:00,1778634000000,80718.00000000,81195.69000000,80683.12000000,81006.00000000,633.76198000
2026-05-13T02:00:00+00:00,1778637600000,81005.99000000,81281.66000000,80934.69000000,81050.00000000,333.93602000
2026-05-13T03:00:00+00:00,1778641200000,81050.00000000,81299.99000000,80976.27000000,81249.99000000,377.40594000
2026-05-13T04:00:00+00:00,1778644800000,81249.99000000,81281.07000000,81124.87000000,81231.96000000,253.70329000
2026-05-13T05:00:00+00:00,1778648400000,81231.96000000,81247.22000000,80999.99000000,81019.99000000,266.87053000
2026-05-13T06:00:00+00:00,1778652000000,81020.00000000,81160.36000000,80972.94000000,80980.05000000,499.16530000
2026-05-13T07:00:00+00:00,1778655600000,80980.06000000,81049.01000000,80889.12000000,81026.92000000,476.02435000
2026-05-13T08:00:00+00:00,1778659200000,81026.92000000,81200.00000000,80943.63000000,81196.57000000,372.92514000
2026-05-13T09:00:00+00:00,1778662800000,81196.57000000,81324.64000000,81137.77000000,81291.38000000,435.50222000
2026-05-13T10:00:00+00:00,1778666400000,81291.37000000,81298.50000000,80809.01000000,80809.01000000,364.76288000
2026-05-13T11:00:00+00:00,1778670000000,80809.01000000,80843.87000000,80494.98000000,80501.22000000,668.09274000
2026-05-13T12:00:00+00:00,1778673600000,80501.22000000,80592.65000000,79852.00000000,80202.78000000,1194.36751000
2026-05-13T13:00:00+00:00,1778677200000,80202.78000000,80345.45000000,79576.47000000,79656.01000000,1205.27854000
2026-05-13T14:00:00+00:00,1778680800000,79656.01000000,79898.00000000,79481.56000000,79756.01000000,942.38578000
2026-05-13T15:00:00+00:00,1778684400000,79756.02000000,79856.08000000,78807.22000000,78827.21000000,1731.43058000
2026-05-13T16:00:00+00:00,1778688000000,78827.21000000,79222.22000000,78754.65000000,79108.39000000,1522.11383000
2026-05-13T17:00:00+00:00,1778691600000,79108.39000000,79556.36000000,79100.00000000,79514.97000000,611.40519000
2026-05-13T18:00:00+00:00,1778695200000,79514.97000000,79800.00000000,79514.97000000,79598.15000000,747.58594000
2026-05-13T19:00:00+00:00,1778698800000,79598.15000000,79646.29000000,79400.00000000,79642.41000000,463.49581000
2026-05-13T20:00:00+00:00,1778702400000,79642.41000000,79760.00000000,79622.70000000,79698.95000000,225.22286000
2026-05-13T21:00:00+00:00,1778706000000,79698.95000000,79705.73000000,79340.39000000,79398.54000000,418.00056000
2026-05-13T22:00:00+00:00,1778709600000,79398.54000000,79470.00000000,79228.00000000,79428.46000000,338.28664000
2026-05-13T23:00:00+00:00,1778713200000,79428.46000000,79499.01000000,79233.83000000,79313.61000000,497.51837000
2026-05-14T00:00:00+00:00,1778716800000,79313.61000000,79681.73000000,79308.00000000,79580.00000000,443.66772000
2026-05-14T01:00:00+00:00,1778720400000,79580.00000000,79681.73000000,79409.42000000,79604.60000000,369.48629000
2026-05-14T02:00:00+00:00,1778724000000,79604.61000000,79676.11000000,79222.22000000,79370.24000000,684.03959000
2026-05-14T03:00:00+00:00,1778727600000,79370.24000000,79460.00000000,78922.00000000,79044.85000000,712.36112000
2026-05-14T04:00:00+00:00,1778731200000,79044.86000000,79474.41000000,78982.06000000,79451.63000000,437.35487000
2026-05-14T05:00:00+00:00,1778734800000,79451.62000000,79998.00000000,79359.49000000,79809.16000000,850.16622000
2026-05-14T06:00:00+00:00,1778738400000,79809.15000000,79953.35000000,79769.12000000,79804.71000000,301.13354000
2026-05-14T07:00:00+00:00,1778742000000,79804.72000000,79937.59000000,79702.05000000,79745.98000000,480.32483000
2026-05-14T08:00:00+00:00,1778745600000,79745.99000000,79936.98000000,79644.44000000,79821.56000000,652.77033000
2026-05-14T09:00:00+00:00,1778749200000,79821.55000000,79905.99000000,79569.81000000,79635.52000000,445.75367000
2026-05-14T10:00:00+00:00,1778752800000,79635.53000000,79756.98000000,79409.42000000,79570.01000000,384.95969000
2026-05-14T11:00:00+00:00,1778756400000,79570.01000000,79600.00000000,79234.00000000,79258.27000000,362.97846000
2026-05-14T12:00:00+00:00,1778760000000,79258.27000000,79775.02000000,79230.31000000,79767.11000000,526.41242000
2026-05-14T13:00:00+00:00,1778763600000,79767.10000000,80059.71000000,79670.88000000,79701.73000000,1000.54213000
2026-05-14T14:00:00+00:00,1778767200000,79701.73000000,81020.00000000,79561.52000000,80964.85000000,1882.78042000
2026-05-14T15:00:00+00:00,1778770800000,80964.84000000,81332.23000000,80816.08000000,81301.23000000,2292.36231000
2026-05-14T16:00:00+00:00,1778774400000,81301.22000000,81904.44000000,81080.25000000,81888.40000000,2732.81932000
2026-05-14T17:00:00+00:00,1778778000000,81888.40000000,82048.13000000,81271.00000000,81668.48000000,1967.47911000
2026-05-14T18:00:00+00:00,1778781600000,81668.49000000,81949.15000000,81440.38000000,81581.99000000,1012.79720000
2026-05-14T19:00:00+00:00,1778785200000,81582.00000000,81718.73000000,81330.12000000,81419.74000000,566.84044000
2026-05-14T20:00:00+00:00,1778788800000,81419.75000000,81590.19000000,81166.22000000,81412.04000000,471.62836000
2026-05-14T21:00:00+00:00,1778792400000,81412.05000000,81526.08000000,81268.38000000,81396.61000000,292.07185000
2026-05-14T22:00:00+00:00,1778796000000,81396.61000000,81559.71000000,81335.48000000,81456.00000000,322.84736000
2026-05-14T23:00:00+00:00,1778799600000,81456.00000000,81456.00000000,81059.93000000,81089.99000000,534.29082000
2026-05-15T00:00:00+00:00,1778803200000,81090.00000000,81664.45000000,81068.52000000,81518.67000000,578.54980000
2026-05-15T01:00:00+00:00,1778806800000,81518.66000000,81612.73000000,81106.20000000,81131.01000000,538.82284000
2026-05-15T02:00:00+00:00,1778810400000,81131.00000000,81350.00000000,80750.00000000,81299.14000000,829.40160000
2026-05-15T03:00:00+00:00,1778814000000,81299.14000000,81340.81000000,80930.82000000,81059.15000000,506.95135000
2026-05-15T04:00:00+00:00,1778817600000,81059.15000000,81100.00000000,80709.09000000,80724.71000000,367.57246000
2026-05-15T05:00:00+00:00,1778821200000,80724.71000000,80882.45000000,80314.00000000,80360.01000000,1029.21412000
2026-05-15T06:00:00+00:00,1778824800000,80360.01000000,80644.50000000,80314.01000000,80580.00000000,815.53271000
2026-05-15T07:00:00+00:00,1778828400000,80580.00000000,81003.37000000,80559.88000000,80814.88000000,878.78211000
2026-05-15T08:00:00+00:00,1778832000000,80814.88000000,80822.95000000,80415.84000000,80638.00000000,538.63644000
2026-05-15T09:00:00+00:00,1778835600000,80638.00000000,80670.51000000,80369.00000000,80489.80000000,471.66166000
2026-05-15T10:00:00+00:00,1778839200000,80489.81000000,80776.33000000,80407.60000000,80716.23000000,444.96934000
2026-05-15T11:00:00+00:00,1778842800000,80716.22000000,80750.56000000,80590.08000000,80628.53000000,250.99223000
2026-05-15T12:00:00+00:00,1778846400000,80628.52000000,80635.44000000,80340.83000000,80385.11000000,535.00082000
2026-05-15T13:00:00+00:00,1778850000000,80385.10000000,80385.11000000,78698.69000000,78758.59000000,3101.88518000
2026-05-15T14:00:00+00:00,1778853600000,78758.59000000,79353.32000000,78659.00000000,79150.37000000,1965.21031000
2026-05-15T15:00:00+00:00,1778857200000,79150.36000000,79369.36000000,79013.81000000,79150.27000000,606.47310000
2026-05-15T16:00:00+00:00,1778860800000,79150.26000000,79382.30000000,79131.01000000,79294.31000000,514.78679000
2026-05-15T17:00:00+00:00,1778864400000,79294.31000000,79504.83000000,79224.00000000,79460.00000000,478.80422000
2026-05-15T18:00:00+00:00,1778868000000,79460.00000000,79561.94000000,79170.47000000,79284.00000000,544.01093000
2026-05-15T19:00:00+00:00,1778871600000,79284.01000000,79290.00000000,79051.00000000,79146.50000000,421.75884000
2026-05-15T20:00:00+00:00,1778875200000,79146.50000000,79217.07000000,79000.00000000,79123.12000000,224.44355000
2026-05-15T21:00:00+00:00,1778878800000,79123.13000000,79200.00000000,78911.42000000,78973.50000000,682.32127000
2026-05-15T22:00:00+00:00,1778882400000,78973.50000000,79145.44000000,78973.49000000,79107.38000000,347.86808000
2026-05-15T23:00:00+00:00,1778886000000,79107.38000000,79161.86000000,79077.96000000,79113.21000000,677.62104000
2026-05-16T00:00:00+00:00,1778889600000,79113.20000000,79227.77000000,79075.09000000,79111.92000000,314.01240000
2026-05-16T01:00:00+00:00,1778893200000,79111.92000000,79186.05000000,79010.00000000,79168.00000000,357.20294000
2026-05-16T02:00:00+00:00,1778896800000,79168.00000000,79211.77000000,79080.10000000,79155.54000000,208.30505000
2026-05-16T03:00:00+00:00,1778900400000,79155.55000000,79187.71000000,79059.77000000,79083.18000000,368.66241000
2026-05-16T04:00:00+00:00,1778904000000,79083.19000000,79129.71000000,78860.00000000,79035.26000000,321.76822000
2026-05-16T05:00:00+00:00,1778907600000,79035.25000000,79039.49000000,78933.63000000,79027.37000000,183.05543000
2026-05-16T06:00:00+00:00,1778911200000,79027.36000000,79047.94000000,78459.87000000,78648.00000000,632.26156000
2026-05-16T07:00:00+00:00,1778914800000,78648.00000000,78651.63000000,78066.00000000,78369.77000000,1267.74437000
2026-05-16T08:00:00+00:00,1778918400000,78369.78000000,78530.52000000,78334.21000000,78426.56000000,379.04319000
2026-05-16T09:00:00+00:00,1778922000000,78426.55000000,78440.81000000,77906.10000000,78083.48000000,1104.43110000
2026-05-16T10:00:00+00:00,1778925600000,78083.47000000,78101.43000000,77640.00000000,77960.00000000,1759.70594000
2026-05-16T11:00:00+00:00,1778929200000,77959.99000000,78193.88000000,77959.99000000,78081.71000000,602.91980000
2026-05-16T12:00:00+00:00,1778932800000,78080.46000000,78133.38000000,77918.62000000,78007.23000000,791.53177000
2026-05-16T13:00:00+00:00,1778936400000,78007.24000000,78014.60000000,77833.40000000,78014.60000000,830.86287000
2026-05-16T14:00:00+00:00,1778940000000,78014.60000000,78346.00000000,77895.20000000,78130.55000000,729.04785000
2026-05-16T15:00:00+00:00,1778943600000,78130.55000000,78285.00000000,78078.22000000,78238.67000000,332.91477000
2026-05-16T16:00:00+00:00,1778947200000,78238.68000000,78364.65000000,78119.72000000,78205.96000000,328.10255000
2026-05-16T17:00:00+00:00,1778950800000,78205.96000000,78320.41000000,78199.00000000,78201.50000000,350.20669000
2026-05-16T18:00:00+00:00,1778954400000,78201.50000000,78327.75000000,78142.99000000,78229.81000000,310.63405000
2026-05-16T19:00:00+00:00,1778958000000,78229.82000000,78314.69000000,78204.22000000,78259.66000000,271.10252000
2026-05-16T20:00:00+00:00,1778961600000,78259.67000000,78318.94000000,78201.42000000,78261.00000000,194.34290000
2026-05-16T21:00:00+00:00,1778965200000,78261.00000000,78308.33000000,78206.85000000,78265.73000000,237.27188000
2026-05-16T22:00:00+00:00,1778968800000,78265.73000000,78279.28000000,78171.02000000,78186.25000000,128.79242000
2026-05-16T23:00:00+00:00,1778972400000,78186.25000000,78267.46000000,78125.32000000,78148.05000000,128.93924000
2026-05-17T00:00:00+00:00,1778976000000,78148.05000000,78243.19000000,77812.00000000,77945.85000000,311.59646000
2026-05-17T01:00:00+00:00,1778979600000,77945.85000000,78114.00000000,77721.19000000,77725.71000000,516.53667000
2026-05-17T02:00:00+00:00,1778983200000,77725.72000000,77938.00000000,77725.71000000,77895.51000000,256.64293000
2026-05-17T03:00:00+00:00,1778986800000,77895.50000000,78079.30000000,77888.00000000,78028.88000000,200.15322000
2026-05-17T04:00:00+00:00,1778990400000,78028.88000000,78203.93000000,78003.35000000,78158.09000000,375.99093000
2026-05-17T05:00:00+00:00,1778994000000,78158.08000000,78323.96000000,78102.42000000,78121.41000000,258.98839000
2026-05-17T06:00:00+00:00,1778997600000,78121.41000000,78204.01000000,78017.00000000,78104.80000000,136.86954000
2026-05-17T07:00:00+00:00,1779001200000,78104.79000000,78208.69000000,78053.79000000,78180.01000000,180.24659000
2026-05-17T08:00:00+00:00,1779004800000,78180.00000000,78200.91000000,78033.01000000,78089.80000000,117.37418000
2026-05-17T09:00:00+00:00,1779008400000,78089.80000000,78293.97000000,78073.52000000,78249.33000000,196.43485000
2026-05-17T10:00:00+00:00,1779012000000,78249.33000000,78599.99000000,78249.03000000,78465.99000000,564.92985000
2026-05-17T11:00:00+00:00,1779015600000,78465.99000000,78473.82000000,78289.00000000,78415.99000000,257.44450000
2026-05-17T12:00:00+00:00,1779019200000,78415.99000000,78550.00000000,78333.80000000,78364.83000000,254.43689000
2026-05-17T13:00:00+00:00,1779022800000,78364.83000000,78364.83000000,78173.15000000,78202.91000000,260.27625000
2026-05-17T14:00:00+00:00,1779026400000,78202.91000000,78217.33000000,77850.00000000,78051.51000000,397.56893000
2026-05-17T15:00:00+00:00,1779030000000,78051.51000000,78119.42000000,77920.76000000,78051.41000000,203.63392000
2026-05-17T16:00:00+00:00,1779033600000,78051.42000000,78193.66000000,78025.23000000,78034.36000000,142.87987000
2026-05-17T17:00:00+00:00,1779037200000,78034.37000000,78092.44000000,77856.69000000,78089.98000000,296.43890000
2026-05-17T18:00:00+00:00,1779040800000,78089.99000000,78271.59000000,78014.33000000,78268.05000000,172.43416000
2026-05-17T19:00:00+00:00,1779044400000,78268.04000000,78468.46000000,78209.96000000,78415.30000000,225.32283000
2026-05-17T20:00:00+00:00,1779048000000,78415.29000000,78435.32000000,78248.80000000,78277.36000000,205.39109000
2026-05-17T21:00:00+00:00,1779051600000,78277.36000000,78485.36000000,78243.50000000,78405.72000000,293.90051000
2026-05-17T22:00:00+00:00,1779055200000,78405.72000000,78414.16000000,77830.00000000,77997.24000000,585.78673000
2026-05-17T23:00:00+00:00,1779058800000,77997.24000000,78008.18000000,76735.16000000,77457.67000000,2031.42401000
2026-05-18T00:00:00+00:00,1779062400000,77457.67000000,77477.99000000,76916.60000000,77209.95000000,1062.83033000
2026-05-18T01:00:00+00:00,1779066000000,77209.95000000,77291.54000000,76744.95000000,77109.22000000,771.47833000
2026-05-18T02:00:00+00:00,1779069600000,77109.21000000,77222.03000000,76707.61000000,76835.41000000,544.67309000
2026-05-18T03:00:00+00:00,1779073200000,76835.41000000,77030.42000000,76817.14000000,76924.65000000,509.02980000
2026-05-18T04:00:00+00:00,1779076800000,76924.66000000,77069.77000000,76772.01000000,77038.49000000,354.48166000
2026-05-18T05:00:00+00:00,1779080400000,77038.49000000,77080.93000000,76884.33000000,76931.40000000,586.83852000
2026-05-18T06:00:00+00:00,1779084000000,76931.40000000,76967.80000000,76583.33000000,76912.52000000,621.71728000
2026-05-18T07:00:00+00:00,1779087600000,76912.53000000,77089.29000000,76771.53000000,77073.69000000,1139.62980000
2026-05-18T08:00:00+00:00,1779091200000,77073.69000000,77181.88000000,76890.34000000,77040.42000000,562.21651000
2026-05-18T09:00:00+00:00,1779094800000,77040.43000000,77048.14000000,76877.17000000,76933.16000000,365.74952000
2026-05-18T10:00:00+00:00,1779098400000,76933.17000000,76957.35000000,76716.99000000,76764.74000000,432.20236000
2026-05-18T11:00:00+00:00,1779102000000,76764.75000000,77403.48000000,76668.58000000,77285.83000000,692.38548000
2026-05-18T12:00:00+00:00,1779105600000,77285.83000000,77800.00000000,77275.96000000,77639.98000000,980.76582000
2026-05-18T13:00:00+00:00,1779109200000,77639.99000000,77639.99000000,76695.31000000,76937.70000000,1116.56330000
2026-05-18T14:00:00+00:00,1779112800000,76937.70000000,76954.25000000,76230.02000000,76393.65000000,2158.59337000
2026-05-18T15:00:00+00:00,1779116400000,76393.66000000,76485.29000000,76051.00000000,76409.46000000,1960.17489000
2026-05-18T16:00:00+00:00,1779120000000,76409.46000000,76665.68000000,76218.00000000,76410.01000000,1252.93830000
2026-05-18T17:00:00+00:00,1779123600000,76410.00000000,76757.21000000,76366.13000000,76706.39000000,450.87486000
2026-05-18T18:00:00+00:00,1779127200000,76706.38000000,76706.38000000,76144.24000000,76252.50000000,779.57136000
2026-05-18T19:00:00+00:00,1779130800000,76252.01000000,76995.00000000,76235.00000000,76928.00000000,812.47229000
2026-05-18T20:00:00+00:00,1779134400000,76928.00000000,77182.14000000,76874.73000000,76909.92000000,463.85785000
2026-05-18T21:00:00+00:00,1779138000000,76909.92000000,77174.23000000,76800.00000000,77103.05000000,491.73560000
2026-05-18T22:00:00+00:00,1779141600000,77103.04000000,77222.79000000,76937.19000000,77078.22000000,359.68174000
2026-05-18T23:00:00+00:00,1779145200000,77078.22000000,77160.79000000,76948.80000000,77001.87000000,275.05472000
2026-05-19T00:00:00+00:00,1779148800000,77001.88000000,77414.62000000,76955.99000000,77140.87000000,556.43712000
2026-05-19T01:00:00+00:00,1779152400000,77140.86000000,77156.20000000,76667.00000000,76667.01000000,769.46148000
2026-05-19T02:00:00+00:00,1779156000000,76667.01000000,76997.33000000,76487.83000000,76617.47000000,469.02583000
2026-05-19T03:00:00+00:00,1779159600000,76617.46000000,76867.23000000,76586.11000000,76787.11000000,211.83571000
2026-05-19T04:00:00+00:00,1779163200000,76787.10000000,76943.75000000,76700.00000000,76927.25000000,239.72033000
2026-05-19T05:00:00+00:00,1779166800000,76927.25000000,77000.00000000,76644.98000000,76911.24000000,392.43215000
2026-05-19T06:00:00+00:00,1779170400000,76911.25000000,77108.68000000,76886.13000000,77029.40000000,386.11356000
2026-05-19T07:00:00+00:00,1779174000000,77029.41000000,77278.57000000,76974.72000000,77233.69000000,490.19350000
2026-05-19T08:00:00+00:00,1779177600000,77233.68000000,77317.02000000,76972.96000000,77048.71000000,465.92336000
2026-05-19T09:00:00+00:00,1779181200000,77048.72000000,77074.05000000,76709.29000000,76818.80000000,385.08727000
2026-05-19T10:00:00+00:00,1779184800000,76818.80000000,77103.97000000,76704.00000000,77041.87000000,464.38738000
2026-05-19T11:00:00+00:00,1779188400000,77041.87000000,77076.53000000,76633.83000000,76714.62000000,430.29111000
2026-05-19T12:00:00+00:00,1779192000000,76714.61000000,76982.89000000,76650.06000000,76940.21000000,257.11004000
2026-05-19T13:00:00+00:00,1779195600000,76940.20000000,77048.72000000,76596.00000000,76872.75000000,906.63403000
2026-05-19T14:00:00+00:00,1779199200000,76872.74000000,77023.75000000,76144.71000000,76392.43000000,1426.24149000
2026-05-19T15:00:00+00:00,1779202800000,76392.43000000,76675.76000000,76337.97000000,76521.23000000,773.78391000
2026-05-19T16:00:00+00:00,1779206400000,76521.24000000,76911.00000000,76407.72000000,76894.59000000,568.91388000
2026-05-19T17:00:00+00:00,1779210000000,76894.59000000,77015.41000000,76759.39000000,76856.76000000,442.15826000
2026-05-19T18:00:00+00:00,1779213600000,76856.76000000,76947.20000000,76744.80000000,76803.28000000,282.19478000
2026-05-19T19:00:00+00:00,1779217200000,76803.28000000,77065.80000000,76765.14000000,76818.74000000,341.73224000
2026-05-19T20:00:00+00:00,1779220800000,76818.73000000,77040.24000000,76818.73000000,77022.23000000,147.68289000
2026-05-19T21:00:00+00:00,1779224400000,77022.22000000,77040.83000000,76973.76000000,76982.34000000,185.29058000
2026-05-19T22:00:00+00:00,1779228000000,76982.34000000,76982.34000000,76642.95000000,76712.21000000,233.07768000
2026-05-19T23:00:00+00:00,1779231600000,76712.22000000,76980.07000000,76670.52000000,76834.36000000,199.13120000
2026-05-20T00:00:00+00:00,1779235200000,76834.36000000,76896.50000000,76516.74000000,76788.83000000,236.25061000
2026-05-20T01:00:00+00:00,1779238800000,76788.83000000,76922.46000000,76536.59000000,76820.98000000,358.53384000
2026-05-20T02:00:00+00:00,1779242400000,76820.98000000,76909.62000000,76600.00000000,76690.42000000,293.25018000
2026-05-20T03:00:00+00:00,1779246000000,76690.42000000,76829.61000000,76604.99000000,76723.54000000,673.76637000
2026-05-20T04:00:00+00:00,1779249600000,76723.55000000,76836.82000000,76692.00000000,76780.37000000,365.31048000
2026-05-20T05:00:00+00:00,1779253200000,76780.37000000,77320.00000000,76780.37000000,77196.99000000,973.23466000
2026-05-20T06:00:00+00:00,1779256800000,77196.99000000,77422.00000000,77179.93000000,77414.11000000,528.12463000
2026-05-20T07:00:00+00:00,1779260400000,77414.10000000,77472.21000000,77241.13000000,77282.64000000,351.42212000
2026-05-20T08:00:00+00:00,1779264000000,77282.65000000,77635.52000000,77210.33000000,77458.04000000,548.89961000
2026-05-20T09:00:00+00:00,1779267600000,77458.05000000,77543.59000000,77365.94000000,77485.13000000,360.90275000
2026-05-20T10:00:00+00:00,1779271200000,77485.14000000,77663.00000000,77485.14000000,77517.45000000,409.79863000
2026-05-20T11:00:00+00:00,1779274800000,77517.46000000,77569.10000000,77328.20000000,77382.49000000,362.81092000
2026-05-20T12:00:00+00:00,1779278400000,77382.50000000,77748.05000000,77365.52000000,77617.26000000,377.41047000
2026-05-20T13:00:00+00:00,1779282000000,77617.26000000,77650.62000000,76968.05000000,77204.61000000,682.21238000
2026-05-20T14:00:00+00:00,1779285600000,77204.61000000,77574.29000000,76891.61000000,77446.08000000,1202.39421000
2026-05-20T15:00:00+00:00,1779289200000,77446.01000000,77853.04000000,77300.00000000,77455.46000000,777.75101000
2026-05-20T16:00:00+00:00,1779292800000,77455.45000000,77557.00000000,77018.38000000,77338.60000000,407.46410000
2026-05-20T17:00:00+00:00,1779296400000,77338.60000000,77713.66000000,77230.86000000,77568.95000000,501.34929000
2026-05-20T18:00:00+00:00,1779300000000,77568.95000000,77634.52000000,77398.63000000,77415.09000000,414.50917000
2026-05-20T19:00:00+00:00,1779303600000,77415.09000000,77709.68000000,77350.71000000,77667.49000000,388.96569000
2026-05-20T20:00:00+00:00,1779307200000,77667.49000000,77760.00000000,77476.19000000,77720.01000000,357.71030000
2026-05-20T21:00:00+00:00,1779310800000,77720.01000000,77766.60000000,77500.00000000,77500.01000000,158.00627000
2026-05-20T22:00:00+00:00,1779314400000,77500.01000000,77504.69000000,77226.61000000,77504.69000000,367.95652000
2026-05-20T23:00:00+00:00,1779318000000,77504.69000000,77559.34000000,77386.93000000,77552.23000000,198.22886000
2026-05-21T00:00:00+00:00,1779321600000,77552.24000000,78071.42000000,77525.00000000,77967.09000000,547.83434000
2026-05-21T01:00:00+00:00,1779325200000,77967.09000000,78173.15000000,77800.00000000,77863.85000000,453.71737000
2026-05-21T02:00:00+00:00,1779328800000,77863.85000000,78100.00000000,77820.10000000,77955.78000000,820.79860000
2026-05-21T03:00:00+00:00,1779332400000,77955.78000000,78098.85000000,77908.00000000,78078.72000000,441.60659000
2026-05-21T04:00:00+00:00,1779336000000,78078.72000000,78180.01000000,77965.36000000,78035.80000000,365.79347000
2026-05-21T05:00:00+00:00,1779339600000,78035.80000000,78147.07000000,77714.94000000,77828.00000000,390.37362000
2026-05-21T06:00:00+00:00,1779343200000,77828.00000000,77873.15000000,77533.45000000,77622.14000000,317.41875000
2026-05-21T07:00:00+00:00,1779346800000,77622.14000000,77901.06000000,77521.00000000,77889.01000000,380.50650000
2026-05-21T08:00:00+00:00,1779350400000,77889.01000000,78200.00000000,77885.53000000,77924.63000000,493.47370000
2026-05-21T09:00:00+00:00,1779354000000,77924.63000000,77977.53000000,77633.02000000,77633.02000000,277.92731000
2026-05-21T10:00:00+00:00,1779357600000,77633.03000000,77678.01000000,77190.09000000,77198.08000000,783.43483000
2026-05-21T11:00:00+00:00,1779361200000,77198.09000000,77372.00000000,77147.15000000,77189.10000000,380.03818000
2026-05-21T12:00:00+00:00,1779364800000,77189.10000000,77363.32000000,77080.72000000,77278.53000000,382.67307000
2026-05-21T13:00:00+00:00,1779368400000,77278.52000000,77358.05000000,76719.47000000,77122.68000000,862.17497000
2026-05-21T14:00:00+00:00,1779372000000,77122.67000000,77240.82000000,76788.80000000,76984.61000000,697.95187000
2026-05-21T15:00:00+00:00,1779375600000,76984.61000000,77402.12000000,76900.00000000,77259.46000000,411.10449000
2026-05-21T16:00:00+00:00,1779379200000,77259.45000000,77344.01000000,77008.75000000,77207.93000000,404.33559000
2026-05-21T17:00:00+00:00,1779382800000,77207.92000000,78098.16000000,77181.83000000,77869.38000000,1291.96294000
2026-05-21T18:00:00+00:00,1779386400000,77869.38000000,77922.01000000,77230.00000000,77387.74000000,559.91554000
2026-05-21T19:00:00+00:00,1779390000000,77387.74000000,77802.51000000,77365.97000000,77690.56000000,437.10444000
2026-05-21T20:00:00+00:00,1779393600000,77690.56000000,77804.75000000,77647.75000000,77705.81000000,144.76199000
2026-05-21T21:00:00+00:00,1779397200000,77705.80000000,77813.35000000,77645.40000000,77672.29000000,182.97007000
2026-05-21T22:00:00+00:00,1779400800000,77672.30000000,77750.61000000,77555.33000000,77628.00000000,130.38276000
2026-05-21T23:00:00+00:00,1779404400000,77628.01000000,77745.39000000,77534.43000000,77615.52000000,159.99742000
2026-05-22T00:00:00+00:00,1779408000000,77615.52000000,77628.38000000,77369.49000000,77373.57000000,228.62269000
2026-05-22T01:00:00+00:00,1779411600000,77373.57000000,77673.50000000,77327.28000000,77616.00000000,252.86608000
2026-05-22T02:00:00+00:00,1779415200000,77616.00000000,77728.01000000,77593.16000000,77673.36000000,244.81122000
2026-05-22T03:00:00+00:00,1779418800000,77673.37000000,77817.80000000,77673.36000000,77779.98000000,158.00162000
2026-05-22T04:00:00+00:00,1779422400000,77779.98000000,77900.00000000,77637.99000000,77655.42000000,475.76681000
2026-05-22T05:00:00+00:00,1779426000000,77655.43000000,77726.00000000,77454.56000000,77489.00000000,344.31720000
2026-05-22T06:00:00+00:00,1779429600000,77489.00000000,77525.85000000,77370.40000000,77423.41000000,542.83384000
2026-05-22T07:00:00+00:00,1779433200000,77423.41000000,77543.38000000,77288.77000000,77408.06000000,393.92568000
2026-05-22T08:00:00+00:00,1779436800000,77408.07000000,77535.00000000,77216.00000000,77267.38000000,509.65577000
2026-05-22T09:00:00+00:00,1779440400000,77267.39000000,77360.00000000,77200.00000000,77307.11000000,276.32946000
2026-05-22T10:00:00+00:00,1779444000000,77307.12000000,77363.01000000,77261.73000000,77312.00000000,275.01820000
2026-05-22T11:00:00+00:00,1779447600000,77311.99000000,77430.55000000,77184.45000000,77428.84000000,375.53110000
2026-05-22T12:00:00+00:00,1779451200000,77428.83000000,77584.94000000,77395.45000000,77533.90000000,317.41573000
2026-05-22T13:00:00+00:00,1779454800000,77533.91000000,77547.56000000,77130.99000000,77290.01000000,419.18989000
2026-05-22T14:00:00+00:00,1779458400000,77290.00000000,77290.00000000,76751.00000000,76774.23000000,1004.66190000
2026-05-22T15:00:00+00:00,1779462000000,76774.23000000,77030.64000000,76570.00000000,76790.59000000,872.56913000
2026-05-22T16:00:00+00:00,1779465600000,76790.60000000,77006.69000000,76767.00000000,76950.68000000,481.05047000
2026-05-22T17:00:00+00:00,1779469200000,76950.67000000,77093.72000000,76750.00000000,76750.00000000,322.37426000
2026-05-22T18:00:00+00:00,1779472800000,76750.01000000,76898.00000000,76101.00000000,76537.47000000,809.74159000
2026-05-22T19:00:00+00:00,1779476400000,76537.47000000,76590.68000000,75668.76000000,75860.44000000,1201.88912000
2026-05-22T20:00:00+00:00,1779480000000,75860.44000000,76080.95000000,75826.00000000,75984.47000000,415.32736000
2026-05-22T21:00:00+00:00,1779483600000,75984.47000000,76087.85000000,75926.20000000,75978.83000000,349.85112000
2026-05-22T22:00:00+00:00,1779487200000,75978.83000000,75978.84000000,75558.28000000,75737.52000000,473.52886000
2026-05-22T23:00:00+00:00,1779490800000,75737.53000000,75881.18000000,75359.18000000,75539.50000000,527.08224000
2026-05-23T00:00:00+00:00,1779494400000,75539.50000000,75635.59000000,75220.00000000,75352.64000000,828.38332000
2026-05-23T01:00:00+00:00,1779498000000,75352.64000000,75500.00000000,75350.00000000,75489.84000000,466.00374000
2026-05-23T02:00:00+00:00,1779501600000,75489.83000000,75581.27000000,75417.56000000,75572.07000000,334.42834000
2026-05-23T03:00:00+00:00,1779505200000,75572.07000000,75664.62000000,75563.33000000,75635.22000000,267.29386000
2026-05-23T04:00:00+00:00,1779508800000,75635.22000000,75650.63000000,75507.01000000,75539.77000000,198.60310000
2026-05-23T05:00:00+00:00,1779512400000,75539.77000000,75562.40000000,75469.89000000,75482.68000000,267.20559000
2026-05-23T06:00:00+00:00,1779516000000,75482.68000000,75501.09000000,75394.54000000,75398.33000000,189.47214000
2026-05-23T07:00:00+00:00,1779519600000,75398.33000000,75443.44000000,74289.60000000,74609.36000000,2035.70931000
2026-05-23T08:00:00+00:00,1779523200000,74609.37000000,74746.67000000,74303.56000000,74684.30000000,963.94720000
2026-05-23T09:00:00+00:00,1779526800000,74684.29000000,74752.45000000,74624.50000000,74656.91000000,431.50710000
2026-05-23T10:00:00+00:00,1779530400000,74656.91000000,74797.01000000,74656.91000000,74705.00000000,625.72233000
2026-05-23T11:00:00+00:00,1779534000000,74705.00000000,74873.55000000,74704.99000000,74789.99000000,487.91960000
2026-05-23T12:00:00+00:00,1779537600000,74789.99000000,74798.41000000,74660.05000000,74753.93000000,570.81814000
2026-05-23T13:00:00+00:00,1779541200000,74753.94000000,75262.86000000,74753.93000000,75213.90000000,815.89889000
2026-05-23T14:00:00+00:00,1779544800000,75213.90000000,75726.30000000,75108.15000000,75537.72000000,922.06012000
2026-05-23T15:00:00+00:00,1779548400000,75537.73000000,75676.00000000,75405.40000000,75520.00000000,634.72295000
2026-05-23T16:00:00+00:00,1779552000000,75519.99000000,75638.62000000,75415.17000000,75444.70000000,411.95204000
2026-05-23T17:00:00+00:00,1779555600000,75444.71000000,75522.00000000,75371.72000000,75488.18000000,566.20129000
2026-05-23T18:00:00+00:00,1779559200000,75488.17000000,75986.24000000,75472.04000000,75845.82000000,429.21806000
2026-05-23T19:00:00+00:00,1779562800000,75845.82000000,76012.22000000,75780.90000000,75983.45000000,364.90120000
2026-05-23T20:00:00+00:00,1779566400000,75983.45000000,77300.00000000,75953.94000000,77287.58000000,1242.58285000
2026-05-23T21:00:00+00:00,1779570000000,77286.08000000,77404.18000000,76538.04000000,76804.99000000,1147.59506000
2026-05-23T22:00:00+00:00,1779573600000,76805.00000000,76885.00000000,76396.06000000,76584.45000000,464.30329000
2026-05-23T23:00:00+00:00,1779577200000,76584.45000000,76822.00000000,76538.36000000,76752.01000000,420.43862000
2026-05-24T00:00:00+00:00,1779580800000,76752.00000000,76930.65000000,76629.02000000,76835.16000000,392.54327000
2026-05-24T01:00:00+00:00,1779584400000,76835.16000000,76921.45000000,76754.53000000,76890.04000000,225.24128000
2026-05-24T02:00:00+00:00,1779588000000,76890.04000000,76968.04000000,76704.32000000,76830.00000000,185.87406000
2026-05-24T03:00:00+00:00,1779591600000,76830.01000000,77011.62000000,76738.50000000,76750.00000000,248.04543000
2026-05-24T04:00:00+00:00,1779595200000,76750.01000000,76858.26000000,76730.00000000,76786.50000000,163.64327000
2026-05-24T05:00:00+00:00,1779598800000,76786.50000000,76861.78000000,76651.59000000,76822.23000000,202.16815000
2026-05-24T06:00:00+00:00,1779602400000,76822.23000000,77065.94000000,76716.02000000,76987.58000000,257.89170000
2026-05-24T07:00:00+00:00,1779606000000,76987.58000000,77014.24000000,76786.20000000,76799.99000000,193.96514000
2026-05-24T08:00:00+00:00,1779609600000,76799.99000000,76861.77000000,76734.42000000,76830.69000000,226.94949000
2026-05-24T09:00:00+00:00,1779613200000,76830.69000000,77046.67000000,76821.86000000,77020.53000000,369.92973000
2026-05-24T10:00:00+00:00,1779616800000,77020.54000000,77543.15000000,76927.04000000,77190.74000000,863.69953000
2026-05-24T11:00:00+00:00,1779620400000,77190.73000000,77356.62000000,77190.73000000,77320.06000000,285.66801000
2026-05-24T12:00:00+00:00,1779624000000,77320.06000000,77325.72000000,77044.73000000,77118.73000000,271.94108000
2026-05-24T13:00:00+00:00,1779627600000,77118.72000000,77127.54000000,76688.89000000,76802.23000000,474.39799000
2026-05-24T14:00:00+00:00,1779631200000,76802.23000000,76840.01000000,76195.36000000,76465.16000000,837.87651000
2026-05-24T15:00:00+00:00,1779634800000,76465.15000000,76539.38000000,76362.78000000,76371.59000000,398.04105000
2026-05-24T16:00:00+00:00,1779638400000,76371.59000000,76734.30000000,76371.59000000,76671.70000000,359.46109000
2026-05-24T17:00:00+00:00,1779642000000,76671.69000000,76799.99000000,76566.15000000,76693.34000000,249.31214000
2026-05-24T18:00:00+00:00,1779645600000,76693.34000000,76788.01000000,76596.00000000,76665.73000000,148.14196000
2026-05-24T19:00:00+00:00,1779649200000,76665.72000000,76783.51000000,76611.17000000,76773.34000000,125.12918000
2026-05-24T20:00:00+00:00,1779652800000,76773.33000000,76796.18000000,76596.37000000,76668.40000000,560.38206000
2026-05-24T21:00:00+00:00,1779656400000,76668.41000000,76748.12000000,76108.00000000,76151.14000000,497.80071000
2026-05-24T22:00:00+00:00,1779660000000,76151.14000000,77012.01000000,76132.00000000,76803.99000000,543.11534000
2026-05-24T23:00:00+00:00,1779663600000,76803.99000000,77225.97000000,76803.99000000,77064.96000000,316.78339000
2026-05-25T00:00:00+00:00,1779667200000,77064.96000000,77288.00000000,77064.95000000,77153.01000000,281.30951000
2026-05-25T01:00:00+00:00,1779670800000,77153.01000000,77245.67000000,76914.25000000,76945.27000000,574.42489000
2026-05-25T02:00:00+00:00,1779674400000,76945.28000000,77485.00000000,76945.28000000,77108.77000000,313.96478000
2026-05-25T03:00:00+00:00,1779678000000,77108.77000000,77169.88000000,77002.30000000,77026.67000000,198.70522000
2026-05-25T04:00:00+00:00,1779681600000,77026.68000000,77450.00000000,76990.78000000,77391.07000000,251.77406000
2026-05-25T05:00:00+00:00,1779685200000,77391.07000000,77498.00000000,77324.00000000,77407.00000000,306.77798000
2026-05-25T06:00:00+00:00,1779688800000,77406.99000000,77650.00000000,77222.22000000,77419.87000000,413.85927000
2026-05-25T07:00:00+00:00,1779692400000,77419.87000000,77520.00000000,77184.62000000,77401.12000000,376.11814000
2026-05-25T08:00:00+00:00,1779696000000,77401.11000000,77469.64000000,77280.32000000,77456.94000000,352.62980000
2026-05-25T09:00:00+00:00,1779699600000,77456.94000000,77699.97000000,77425.17000000,77604.56000000,369.10396000
2026-05-25T10:00:00+00:00,1779703200000,77604.56000000,77681.37000000,77490.37000000,77545.65000000,283.53522000
2026-05-25T11:00:00+00:00,1779706800000,77545.65000000,77545.65000000,77333.33000000,77357.50000000,209.17805000
2026-05-25T12:00:00+00:00,1779710400000,77357.50000000,77440.46000000,77286.50000000,77367.98000000,261.28583000
2026-05-25T13:00:00+00:00,1779714000000,77367.98000000,77450.00000000,77286.50000000,77341.05000000,199.52985000
2026-05-25T14:00:00+00:00,1779717600000,77341.05000000,77773.69000000,77304.84000000,77714.00000000,603.07815000
2026-05-25T15:00:00+00:00,1779721200000,77713.99000000,77905.52000000,77557.00000000,77628.82000000,499.50313000
2026-05-25T16:00:00+00:00,1779724800000,77628.82000000,77807.29000000,77508.88000000,77735.69000000,342.64397000
2026-05-25T17:00:00+00:00,1779728400000,77735.69000000,77804.48000000,77550.39000000,77564.01000000,278.21782000
2026-05-25T18:00:00+00:00,1779732000000,77564.00000000,77658.01000000,77543.38000000,77543.39000000,204.76460000
2026-05-25T19:00:00+00:00,1779735600000,77543.39000000,77543.39000000,77343.61000000,77441.86000000,295.53937000
2026-05-25T20:00:00+00:00,1779739200000,77441.85000000,77500.00000000,77220.00000000,77273.06000000,314.11527000
2026-05-25T21:00:00+00:00,1779742800000,77273.06000000,77396.08000000,77273.05000000,77367.03000000,183.92616000
2026-05-25T22:00:00+00:00,1779746400000,77367.03000000,77449.94000000,77019.82000000,77116.21000000,395.72227000
2026-05-25T23:00:00+00:00,1779750000000,77116.21000000,77367.44000000,77072.36000000,77322.01000000,162.61467000
2026-05-26T00:00:00+00:00,1779753600000,77322.01000000,77345.00000000,76575.49000000,76792.71000000,686.17714000
2026-05-26T01:00:00+00:00,1779757200000,76792.24000000,76888.01000000,76590.90000000,76756.98000000,342.05131000
2026-05-26T02:00:00+00:00,1779760800000,76756.98000000,76810.00000000,76512.98000000,76660.00000000,721.43857000
2026-05-26T03:00:00+00:00,1779764400000,76660.00000000,76705.71000000,76475.59000000,76664.01000000,396.14567000
2026-05-26T04:00:00+00:00,1779768000000,76664.00000000,76817.28000000,76606.79000000,76749.50000000,392.59093000
2026-05-26T05:00:00+00:00,1779771600000,76749.51000000,76989.23000000,76704.80000000,76930.01000000,556.04320000
2026-05-26T06:00:00+00:00,1779775200000,76930.00000000,77059.74000000,76775.00000000,76908.01000000,658.30833000
2026-05-26T07:00:00+00:00,1779778800000,76908.00000000,76924.55000000,76603.73000000,76730.84000000,436.26184000
2026-05-26T08:00:00+00:00,1779782400000,76730.84000000,76852.01000000,76693.21000000,76726.37000000,246.06951000
2026-05-26T09:00:00+00:00,1779786000000,76726.37000000,76804.00000000,76649.79000000,76672.19000000,350.52370000
2026-05-26T10:00:00+00:00,1779789600000,76672.20000000,77621.75000000,76586.94000000,77430.00000000,897.13516000
2026-05-26T11:00:00+00:00,1779793200000,77430.00000000,77516.93000000,77174.94000000,77183.55000000,403.26795000
2026-05-26T12:00:00+00:00,1779796800000,77183.56000000,77232.52000000,76877.94000000,77132.50000000,402.68245000
2026-05-26T13:00:00+00:00,1779800400000,77132.51000000,77464.01000000,76691.88000000,77231.56000000,659.96680000
2026-05-26T14:00:00+00:00,1779804000000,77231.56000000,78080.00000000,76724.63000000,76908.01000000,2020.17697000
2026-05-26T15:00:00+00:00,1779807600000,76908.01000000,77012.00000000,76272.63000000,76518.10000000,1751.25838000
2026-05-26T16:00:00+00:00,1779811200000,76518.10000000,76710.01000000,76209.58000000,76558.00000000,2070.02098000
2026-05-26T17:00:00+00:00,1779814800000,76558.00000000,76649.91000000,75850.00000000,75935.08000000,1190.65802000
2026-05-26T18:00:00+00:00,1779818400000,75935.09000000,76273.66000000,75779.30000000,75840.55000000,846.30902000
2026-05-26T19:00:00+00:00,1779822000000,75840.55000000,76104.49000000,75805.23000000,76052.00000000,581.71052000
2026-05-26T20:00:00+00:00,1779825600000,76052.00000000,76180.00000000,75982.64000000,76106.86000000,324.41575000
2026-05-26T21:00:00+00:00,1779829200000,76106.86000000,76117.31000000,75850.00000000,75890.00000000,275.58323000
2026-05-26T22:00:00+00:00,1779832800000,75890.00000000,75998.94000000,75677.97000000,75749.02000000,428.12169000
2026-05-26T23:00:00+00:00,1779836400000,75749.02000000,75986.45000000,75749.02000000,75930.01000000,316.55917000
2026-05-27T00:00:00+00:00,1779840000000,75930.01000000,76089.70000000,75872.71000000,76085.01000000,780.41682000
2026-05-27T01:00:00+00:00,1779843600000,76085.00000000,76104.02000000,75824.00000000,75877.44000000,573.72878000
2026-05-27T02:00:00+00:00,1779847200000,75877.44000000,75890.59000000,75682.99000000,75879.00000000,437.25803000
2026-05-27T03:00:00+00:00,1779850800000,75879.01000000,75966.91000000,75607.62000000,75683.00000000,612.84746000
2026-05-27T04:00:00+00:00,1779854400000,75683.00000000,75706.77000000,75310.90000000,75579.01000000,817.05359000
2026-05-27T05:00:00+00:00,1779858000000,75579.01000000,75739.36000000,75579.00000000,75697.99000000,490.56114000
2026-05-27T06:00:00+00:00,1779861600000,75697.99000000,75900.00000000,75690.01000000,75838.65000000,482.86494000
2026-05-27T07:00:00+00:00,1779865200000,75838.65000000,75980.00000000,75764.00000000,75977.17000000,433.92885000
2026-05-27T08:00:00+00:00,1779868800000,75977.16000000,76071.41000000,75843.02000000,75873.24000000,308.77238000
2026-05-27T09:00:00+00:00,1779872400000,75873.25000000,75978.01000000,75710.76000000,75912.60000000,294.26595000
2026-05-27T10:00:00+00:00,1779876000000,75912.61000000,76043.94000000,75880.00000000,75909.82000000,372.61961000
2026-05-27T11:00:00+00:00,1779879600000,75909.82000000,76029.24000000,75754.10000000,75769.18000000,316.01081000
2026-05-27T12:00:00+00:00,1779883200000,75769.18000000,76174.15000000,75575.75000000,75688.00000000,621.24106000
2026-05-27T13:00:00+00:00,1779886800000,75688.01000000,75760.00000000,74866.18000000,75073.40000000,2200.23684000
2026-05-27T14:00:00+00:00,1779890400000,75073.40000000,75274.11000000,74758.33000000,75031.92000000,1567.20208000
2026-05-27T15:00:00+00:00,1779894000000,75031.92000000,75502.29000000,74983.77000000,75326.01000000,797.52340000
2026-05-27T16:00:00+00:00,1779897600000,75326.02000000,75408.01000000,75000.00000000,75304.01000000,632.49097000
2026-05-27T17:00:00+00:00,1779901200000,75304.01000000,75344.01000000,74685.58000000,74860.42000000,1103.99219000
2026-05-27T18:00:00+00:00,1779904800000,74860.42000000,75032.01000000,74663.45000000,75026.67000000,549.25309000
2026-05-27T19:00:00+00:00,1779908400000,75026.67000000,75105.17000000,74952.36000000,75066.08000000,879.80197000
2026-05-27T20:00:00+00:00,1779912000000,75066.09000000,75415.81000000,75056.25000000,75274.58000000,389.41476000
2026-05-27T21:00:00+00:00,1779915600000,75274.58000000,75274.58000000,74341.76000000,74473.01000000,653.21971000
2026-05-27T22:00:00+00:00,1779919200000,74473.01000000,74775.50000000,74260.91000000,74418.13000000,624.64107000
2026-05-27T23:00:00+00:00,1779922800000,74418.12000000,74572.00000000,74243.99000000,74449.30000000,938.42933000
2026-05-28T00:00:00+00:00,1779926400000,74449.31000000,74580.00000000,74366.89000000,74570.66000000,476.29695000
2026-05-28T01:00:00+00:00,1779930000000,74570.67000000,74590.77000000,74156.00000000,74344.08000000,653.98384000
2026-05-28T02:00:00+00:00,1779933600000,74344.07000000,74400.00000000,74127.57000000,74287.42000000,717.91596000
2026-05-28T03:00:00+00:00,1779937200000,74287.43000000,74380.39000000,73060.59000000,73258.01000000,3879.74728000
2026-05-28T04:00:00+00:00,1779940800000,73258.00000000,73260.01000000,72728.85000000,73181.95000000,1588.42564000
2026-05-28T05:00:00+00:00,1779944400000,73181.95000000,73181.95000000,72908.67000000,72990.87000000,850.50171000
2026-05-28T06:00:00+00:00,1779948000000,72990.87000000,73213.11000000,72761.11000000,73202.70000000,1248.76931000
2026-05-28T07:00:00+00:00,1779951600000,73202.71000000,73512.14000000,73158.00000000,73498.00000000,1111.91354000
2026-05-28T08:00:00+00:00,1779955200000,73498.00000000,73500.00000000,73193.13000000,73325.88000000,567.79073000
2026-05-28T09:00:00+00:00,1779958800000,73325.88000000,73560.00000000,73261.60000000,73541.24000000,547.18862000
2026-05-28T10:00:00+00:00,1779962400000,73541.25000000,73616.00000000,73349.91000000,73400.01000000,495.53335000
2026-05-28T11:00:00+00:00,1779966000000,73400.01000000,73532.01000000,73319.36000000,73505.66000000,383.87102000
2026-05-28T12:00:00+00:00,1779969600000,73505.65000000,73580.75000000,73245.56000000,73518.01000000,454.53291000
2026-05-28T13:00:00+00:00,1779973200000,73518.01000000,73574.60000000,72771.64000000,73022.02000000,1277.58759000
2026-05-28T14:00:00+00:00,1779976800000,73022.01000000,73573.21000000,72582.82000000,73033.06000000,2189.62010000
2026-05-28T15:00:00+00:00,1779980400000,73033.06000000,73180.01000000,72700.00000000,72928.73000000,710.64433000
2026-05-28T16:00:00+00:00,1779984000000,72928.73000000,73440.67000000,72741.40000000,73440.67000000,821.59668000
2026-05-28T17:00:00+00:00,1779987600000,73440.66000000,73734.72000000,73316.31000000,73554.82000000,737.45631000
2026-05-28T18:00:00+00:00,1779991200000,73554.81000000,73749.69000000,73514.57000000,73652.88000000,517.48323000
2026-05-28T19:00:00+00:00,1779994800000,73652.87000000,73652.88000000,73381.81000000,73419.32000000,447.75042000
2026-05-28T20:00:00+00:00,1779998400000,73419.31000000,73721.45000000,73241.48000000,73579.99000000,441.85746000
2026-05-28T21:00:00+00:00,1780002000000,73580.00000000,73926.22000000,73560.45000000,73817.31000000,386.07817000
2026-05-28T22:00:00+00:00,1780005600000,73817.31000000,73949.22000000,73448.55000000,73464.80000000,445.66881000
2026-05-28T23:00:00+00:00,1780009200000,73464.80000000,73714.90000000,73464.79000000,73617.51000000,321.80630000
2026-05-29T00:00:00+00:00,1780012800000,73617.52000000,73854.77000000,73617.51000000,73716.37000000,592.13944000
2026-05-29T01:00:00+00:00,1780016400000,73716.37000000,73868.33000000,73463.52000000,73586.83000000,543.44041000
2026-05-29T02:00:00+00:00,1780020000000,73586.83000000,73646.68000000,73189.11000000,73225.06000000,716.13416000
2026-05-29T03:00:00+00:00,1780023600000,73225.07000000,73456.63000000,73225.07000000,73301.52000000,271.59006000
2026-05-29T04:00:00+00:00,1780027200000,73301.53000000,73508.97000000,73210.21000000,73507.69000000,462.74907000
2026-05-29T05:00:00+00:00,1780030800000,73507.68000000,73719.39000000,73500.00000000,73706.00000000,814.30980000
2026-05-29T06:00:00+00:00,1780034400000,73706.00000000,73939.19000000,73641.05000000,73786.32000000,283.07172000
2026-05-29T07:00:00+00:00,1780038000000,73786.32000000,73830.01000000,73373.37000000,73528.56000000,1081.67640000
2026-05-29T08:00:00+00:00,1780041600000,73528.55000000,73835.58000000,73524.00000000,73653.40000000,690.03943000
2026-05-29T09:00:00+00:00,1780045200000,73653.40000000,73902.85000000,73649.58000000,73744.96000000,506.90617000
2026-05-29T10:00:00+00:00,1780048800000,73744.96000000,73749.53000000,73588.13000000,73634.64000000,583.75086000
2026-05-29T11:00:00+00:00,1780052400000,73634.64000000,73700.41000000,73341.85000000,73487.98000000,417.09649000
2026-05-29T12:00:00+00:00,1780056000000,73487.98000000,73487.98000000,73202.00000000,73295.73000000,419.42757000
2026-05-29T13:00:00+00:00,1780059600000,73295.73000000,73346.04000000,72900.46000000,73135.70000000,883.40251000
2026-05-29T14:00:00+00:00,1780063200000,73135.70000000,73198.17000000,72512.49000000,73096.85000000,1512.76179000
2026-05-29T15:00:00+00:00,1780066800000,73096.84000000,74200.00000000,73008.98000000,73808.26000000,1809.34020000
2026-05-29T16:00:00+00:00,1780070400000,73808.25000000,74124.73000000,73565.73000000,74056.50000000,1160.72957000
2026-05-29T17:00:00+00:00,1780074000000,74056.49000000,74514.10000000,73925.33000000,73980.94000000,2917.46541000
2026-05-29T18:00:00+00:00,1780077600000,73980.94000000,74065.29000000,73187.25000000,73374.52000000,1065.50146000
2026-05-29T19:00:00+00:00,1780081200000,73374.51000000,73727.95000000,73239.36000000,73520.28000000,453.16949000
2026-05-29T20:00:00+00:00,1780084800000,73520.29000000,73760.00000000,73514.00000000,73673.61000000,155.12213000
2026-05-29T21:00:00+00:00,1780088400000,73673.62000000,73844.00000000,73408.80000000,73409.27000000,412.83689000
2026-05-29T22:00:00+00:00,1780092000000,73409.27000000,73571.81000000,73379.79000000,73483.52000000,662.84770000
2026-05-29T23:00:00+00:00,1780095600000,73483.51000000,73510.00000000,73320.00000000,73460.78000000,271.23268000
2026-05-30T00:00:00+00:00,1780099200000,73460.78000000,73579.82000000,73408.62000000,73498.80000000,545.20652000
2026-05-30T01:00:00+00:00,1780102800000,73498.80000000,73663.08000000,73472.80000000,73657.90000000,386.87772000
2026-05-30T02:00:00+00:00,1780106400000,73657.90000000,73786.70000000,73613.85000000,73786.69000000,268.52358000
2026-05-30T03:00:00+00:00,1780110000000,73786.70000000,73796.43000000,73524.01000000,73524.01000000,339.03494000
2026-05-30T04:00:00+00:00,1780113600000,73524.01000000,73575.00000000,73216.00000000,73402.84000000,466.81865000
2026-05-30T05:00:00+00:00,1780117200000,73402.85000000,73635.00000000,73346.85000000,73604.99000000,464.14797000
2026-05-30T06:00:00+00:00,1780120800000,73604.99000000,73709.91000000,73530.00000000,73584.99000000,331.33867000
2026-05-30T07:00:00+00:00,1780124400000,73584.99000000,73588.20000000,73486.00000000,73548.60000000,225.56478000
2026-05-30T08:00:00+00:00,1780128000000,73548.60000000,73567.59000000,73500.02000000,73530.07000000,274.14087000
2026-05-30T09:00:00+00:00,1780131600000,73530.07000000,73615.47000000,73503.07000000,73615.46000000,201.26346000
2026-05-30T10:00:00+00:00,1780135200000,73615.46000000,73680.75000000,73592.57000000,73655.85000000,283.97060000
2026-05-30T11:00:00+00:00,1780138800000,73655.85000000,73655.86000000,73564.62000000,73602.02000000,317.10370000
2026-05-30T12:00:00+00:00,1780142400000,73602.01000000,73717.07000000,73594.40000000,73698.18000000,369.23500000
2026-05-30T13:00:00+00:00,1780146000000,73698.17000000,73837.06000000,73676.10000000,73829.31000000,249.39427000
2026-05-30T14:00:00+00:00,1780149600000,73829.31000000,74100.00000000,73820.91000000,73929.11000000,565.07041000
2026-05-30T15:00:00+00:00,1780153200000,73929.11000000,74042.88000000,73836.70000000,73930.14000000,301.39896000
2026-05-30T16:00:00+00:00,1780156800000,73930.13000000,73985.84000000,73880.10000000,73934.99000000,193.46997000
2026-05-30T17:00:00+00:00,1780160400000,73935.00000000,74047.26000000,73811.30000000,74020.07000000,308.74992000
2026-05-30T18:00:00+00:00,1780164000000,74020.06000000,74143.76000000,73945.00000000,74043.38000000,188.56655000
2026-05-30T19:00:00+00:00,1780167600000,74043.39000000,74072.00000000,73971.30000000,74016.65000000,145.42131000
2026-05-30T20:00:00+00:00,1780171200000,74016.64000000,74016.65000000,73926.68000000,73979.84000000,104.99480000
2026-05-30T21:00:00+00:00,1780174800000,73979.85000000,74054.00000000,73929.07000000,73981.99000000,224.47070000
2026-05-30T22:00:00+00:00,1780178400000,73981.99000000,73982.00000000,73796.01000000,73883.30000000,391.66756000
2026-05-30T23:00:00+00:00,1780182000000,73883.30000000,73995.98000000,73781.30000000,73884.38000000,368.97818000
2026-05-31T00:00:00+00:00,1780185600000,73884.38000000,74041.72000000,73858.56000000,74038.20000000,241.35407000
2026-05-31T01:00:00+00:00,1780189200000,74038.20000000,74275.66000000,74028.64000000,74058.01000000,363.47802000
2026-05-31T02:00:00+00:00,1780192800000,74058.01000000,74243.94000000,73890.49000000,74090.84000000,304.85670000
2026-05-31T03:00:00+00:00,1780196400000,74090.84000000,74226.78000000,74074.05000000,74150.64000000,189.87382000
2026-05-31T04:00:00+00:00,1780200000000,74150.64000000,74221.33000000,74109.00000000,74178.40000000,194.38913000
2026-05-31T05:00:00+00:00,1780203600000,74178.41000000,74207.20000000,74055.16000000,74055.98000000,231.70947000
2026-05-31T06:00:00+00:00,1780207200000,74055.99000000,74109.39000000,73985.34000000,74054.87000000,141.21825000
2026-05-31T07:00:00+00:00,1780210800000,74054.86000000,74054.87000000,73836.00000000,73871.24000000,302.07421000
2026-05-31T08:00:00+00:00,1780214400000,73871.25000000,73980.00000000,73850.05000000,73937.61000000,348.32905000
2026-05-31T09:00:00+00:00,1780218000000,73937.62000000,74024.00000000,73813.44000000,73841.79000000,323.04158000
2026-05-31T10:00:00+00:00,1780221600000,73841.79000000,73900.00000000,73699.20000000,73900.00000000,400.29833000
2026-05-31T11:00:00+00:00,1780225200000,73900.00000000,73972.00000000,73899.99000000,73937.79000000,178.92390000
2026-05-31T12:00:00+00:00,1780228800000,73937.63000000,73995.88000000,73874.00000000,73920.00000000,222.22652000
2026-05-31T13:00:00+00:00,1780232400000,73920.00000000,74023.99000000,73807.43000000,73872.80000000,178.44734000
2026-05-31T14:00:00+00:00,1780236000000,73872.80000000,73872.80000000,73483.05000000,73602.17000000,681.72491000
2026-05-31T15:00:00+00:00,1780239600000,73602.18000000,73775.79000000,73588.80000000,73655.21000000,266.93299000
2026-05-31T16:00:00+00:00,1780243200000,73655.20000000,73730.00000000,73400.00000000,73526.14000000,319.75425000
2026-05-31T17:00:00+00:00,1780246800000,73526.15000000,73734.00000000,73466.67000000,73709.44000000,195.46974000
2026-05-31T18:00:00+00:00,1780250400000,73709.43000000,73713.34000000,73585.49000000,73603.69000000,214.37074000
2026-05-31T19:00:00+00:00,1780254000000,73603.68000000,73649.93000000,73456.48000000,73563.42000000,255.80848000
2026-05-31T20:00:00+00:00,1780257600000,73563.41000000,73760.00000000,73563.41000000,73739.66000000,381.56410000
2026-05-31T21:00:00+00:00,1780261200000,73739.67000000,73924.00000000,73626.67000000,73892.52000000,391.01047000
2026-05-31T22:00:00+00:00,1780264800000,73892.52000000,73997.56000000,73686.00000000,73944.62000000,284.29172000
2026-05-31T23:00:00+00:00,1780268400000,73944.62000000,74198.00000000,73500.00000000,73674.39000000,375.30928000
2026-06-01T00:00:00+00:00,1780272000000,73674.39000000,74092.00000000,73654.06000000,73885.00000000,366.48970000
2026-06-01T01:00:00+00:00,1780275600000,73885.01000000,73916.01000000,73278.02000000,73292.92000000,464.54265000
2026-06-01T02:00:00+00:00,1780279200000,73292.92000000,73892.52000000,73222.00000000,73790.00000000,506.50025000
2026-06-01T03:00:00+00:00,1780282800000,73789.99000000,74019.58000000,73735.47000000,73769.06000000,460.44243000
2026-06-01T04:00:00+00:00,1780286400000,73769.06000000,73841.37000000,73348.74000000,73536.01000000,335.64727000
2026-06-01T05:00:00+00:00,1780290000000,73536.01000000,73541.48000000,73328.32000000,73350.00000000,404.19791000
2026-06-01T06:00:00+00:00,1780293600000,73349.99000000,73368.00000000,72950.01000000,73135.74000000,740.28999000
2026-06-01T07:00:00+00:00,1780297200000,73135.75000000,73203.85000000,72704.00000000,72818.00000000,833.64063000
2026-06-01T08:00:00+00:00,1780300800000,72818.00000000,72921.38000000,72610.03000000,72902.65000000,751.49608000
2026-06-01T09:00:00+00:00,1780304400000,72902.64000000,73095.64000000,72600.00000000,72880.00000000,2061.21620000
2026-06-01T10:00:00+00:00,1780308000000,72880.00000000,72900.73000000,72592.27000000,72748.88000000,482.48740000
2026-06-01T11:00:00+00:00,1780311600000,72748.88000000,72768.11000000,72290.00000000,72479.99000000,769.61036000
2026-06-01T12:00:00+00:00,1780315200000,72480.00000000,72610.00000000,71902.98000000,72221.73000000,1854.73885000
2026-06-01T13:00:00+00:00,1780318800000,72221.74000000,72243.52000000,71389.88000000,71711.89000000,3036.53496000
2026-06-01T14:00:00+00:00,1780322400000,71711.89000000,71887.60000000,71363.43000000,71567.91000000,2060.71568000
2026-06-01T15:00:00+00:00,1780326000000,71567.91000000,71677.55000000,71066.33000000,71129.62000000,1656.46415000
2026-06-01T16:00:00+00:00,1780329600000,71129.62000000,71599.95000000,70686.68000000,71564.01000000,2820.57409000
2026-06-01T17:00:00+00:00,1780333200000,71564.01000000,71800.73000000,71469.64000000,71646.01000000,999.45739000
2026-06-01T18:00:00+00:00,1780336800000,71646.00000000,71687.28000000,71382.00000000,71498.64000000,667.35668000
2026-06-01T19:00:00+00:00,1780340400000,71498.64000000,71666.00000000,71386.00000000,71595.24000000,432.84579000
2026-06-01T20:00:00+00:00,1780344000000,71595.24000000,71690.00000000,71419.64000000,71446.00000000,273.27230000
2026-06-01T21:00:00+00:00,1780347600000,71445.99000000,71449.98000000,70941.95000000,71038.01000000,573.85796000
2026-06-01T22:00:00+00:00,1780351200000,71038.01000000,71460.00000000,70840.90000000,71408.00000000,770.63523000
2026-06-01T23:00:00+00:00,1780354800000,71407.99000000,71583.29000000,71225.29000000,71408.90000000,598.07789000
2026-06-02T00:00:00+00:00,1780358400000,71408.90000000,71408.90000000,71100.00000000,71289.23000000,677.70318000
2026-06-02T01:00:00+00:00,1780362000000,71289.24000000,71372.00000000,70607.57000000,70652.47000000,1034.85247000
2026-06-02T02:00:00+00:00,1780365600000,70652.47000000,70880.63000000,70111.00000000,70846.49000000,1320.14440000
2026-06-02T03:00:00+00:00,1780369200000,70846.48000000,71041.04000000,70806.00000000,70953.69000000,492.94753000
2026-06-02T04:00:00+00:00,1780372800000,70953.70000000,71048.00000000,70713.54000000,70810.00000000,489.36754000
2026-06-02T05:00:00+00:00,1780376400000,70810.00000000,70847.66000000,70267.79000000,70268.96000000,832.11781000
2026-06-02T06:00:00+00:00,1780380000000,70268.97000000,70442.00000000,69958.49000000,70106.31000000,1507.14949000
2026-06-02T07:00:00+00:00,1780383600000,70106.31000000,70275.86000000,69733.00000000,70118.42000000,1388.79813000
2026-06-02T08:00:00+00:00,1780387200000,70118.42000000,70172.00000000,69705.30000000,69821.99000000,944.64990000
2026-06-02T09:00:00+00:00,1780390800000,69822.00000000,69849.00000000,69324.65000000,69426.01000000,1499.21853000
2026-06-02T10:00:00+00:00,1780394400000,69426.01000000,69756.00000000,69336.98000000,69652.19000000,904.86792000
2026-06-02T11:00:00+00:00,1780398000000,69652.18000000,69659.47000000,69397.83000000,69461.72000000,417.59402000
2026-06-02T12:00:00+00:00,1780401600000,69461.73000000,69548.13000000,68989.61000000,69010.42000000,1382.26152000
2026-06-02T13:00:00+00:00,1780405200000,69010.41000000,69180.00000000,68757.03000000,68811.91000000,1762.82906000
2026-06-02T14:00:00+00:00,1780408800000,68809.93000000,68836.00000000,67617.85000000,68019.30000000,3845.79627000
2026-06-02T15:00:00+00:00,1780412400000,68019.30000000,68094.60000000,67076.00000000,67304.28000000,2543.79469000
2026-06-02T16:00:00+00:00,1780416000000,67304.29000000,68146.30000000,67228.45000000,67413.44000000,1789.92962000
2026-06-02T17:00:00+00:00,1780419600000,67413.44000000,67837.53000000,67378.00000000,67492.34000000,905.89150000
2026-06-02T18:00:00+00:00,1780423200000,67492.34000000,67661.70000000,67124.20000000,67341.99000000,926.14597000
2026-06-02T19:00:00+00:00,1780426800000,67341.99000000,67498.00000000,66432.00000000,67315.14000000,2333.17121000
2026-06-02T20:00:00+00:00,1780430400000,67315.14000000,67689.65000000,66911.20000000,67587.77000000,1637.61606000
2026-06-02T21:00:00+00:00,1780434000000,67587.78000000,67923.24000000,67412.00000000,67566.01000000,765.53933000
2026-06-02T22:00:00+00:00,1780437600000,67566.01000000,67566.01000000,66244.02000000,66385.20000000,1856.41667000
2026-06-02T23:00:00+00:00,1780441200000,66385.20000000,66868.62000000,66193.00000000,66760.83000000,1599.39304000
2026-06-03T00:00:00+00:00,1780444800000,66760.84000000,67204.15000000,66654.00000000,66938.01000000,1238.50805000
2026-06-03T01:00:00+00:00,1780448400000,66938.01000000,67050.00000000,66472.65000000,66920.00000000,973.29949000
2026-06-03T02:00:00+00:00,1780452000000,66920.00000000,66920.01000000,66586.17000000,66620.01000000,773.38787000
2026-06-03T03:00:00+00:00,1780455600000,66620.00000000,66653.67000000,65426.34000000,65849.90000000,2891.72624000
2026-06-03T04:00:00+00:00,1780459200000,65849.90000000,66623.44000000,65834.00000000,66465.98000000,1263.85794000
2026-06-03T05:00:00+00:00,1780462800000,66465.99000000,67398.28000000,66465.99000000,67330.01000000,1773.95829000
2026-06-03T06:00:00+00:00,1780466400000,67330.00000000,67516.00000000,66962.95000000,66983.27000000,1658.04956000
2026-06-03T07:00:00+00:00,1780470000000,66983.27000000,67334.40000000,66872.01000000,67220.03000000,1003.46306000
2026-06-03T08:00:00+00:00,1780473600000,67220.03000000,67264.34000000,66974.00000000,67028.00000000,1273.47385000
2026-06-03T09:00:00+00:00,1780477200000,67028.01000000,67322.00000000,66656.48000000,67075.17000000,1438.06157000
2026-06-03T10:00:00+00:00,1780480800000,67075.18000000,67476.69000000,67068.51000000,67294.52000000,639.46259000
2026-06-03T11:00:00+00:00,1780484400000,67294.51000000,67366.82000000,67056.58000000,67067.37000000,489.69833000
2026-06-03T12:00:00+00:00,1780488000000,67067.37000000,67163.82000000,66782.65000000,67078.72000000,856.74966000
2026-06-03T13:00:00+00:00,1780491600000,67078.72000000,67244.62000000,66635.00000000,66906.01000000,1223.17247000
2026-06-03T14:00:00+00:00,1780495200000,66906.00000000,66990.66000000,66643.96000000,66864.95000000,936.44379000
2026-06-03T15:00:00+00:00,1780498800000,66864.95000000,66898.00000000,66076.00000000,66076.01000000,1521.34921000
2026-06-03T16:00:00+00:00,1780502400000,66076.01000000,66373.18000000,65555.00000000,66061.83000000,1633.14277000
2026-06-03T17:00:00+00:00,1780506000000,66061.83000000,66189.80000000,65704.80000000,65964.08000000,810.29365000
2026-06-03T18:00:00+00:00,1780509600000,65964.08000000,66161.24000000,65744.01000000,66036.57000000,600.59221000
2026-06-03T19:00:00+00:00,1780513200000,66036.56000000,66054.00000000,65251.00000000,65462.00000000,1198.70968000
2026-06-03T20:00:00+00:00,1780516800000,65461.99000000,65614.74000000,64766.00000000,65007.27000000,1892.05101000
2026-06-03T21:00:00+00:00,1780520400000,65007.27000000,65860.00000000,64960.87000000,65768.88000000,1254.10382000
2026-06-03T22:00:00+00:00,1780524000000,65768.89000000,65841.23000000,64778.15000000,64912.98000000,974.52056000
2026-06-03T23:00:00+00:00,1780527600000,64912.97000000,64979.99000000,64092.49000000,64142.75000000,1820.23083000
2026-06-04T00:00:00+00:00,1780531200000,64142.75000000,64428.00000000,63000.00000000,63344.97000000,3512.79677000
2026-06-04T01:00:00+00:00,1780534800000,63344.98000000,63500.00000000,62100.01000000,62178.10000000,4759.04130000
2026-06-04T02:00:00+00:00,1780538400000,62178.10000000,63622.70000000,61383.56000000,63231.99000000,6283.29826000
2026-06-04T03:00:00+00:00,1780542000000,63232.00000000,64540.30000000,63218.48000000,64363.49000000,2402.09774000
2026-06-04T04:00:00+00:00,1780545600000,64363.49000000,64764.32000000,64265.73000000,64399.99000000,1421.62502000
2026-06-04T05:00:00+00:00,1780549200000,64399.99000000,64400.00000000,63648.01000000,63955.47000000,1272.84935000
2026-06-04T06:00:00+00:00,1780552800000,63955.48000000,64481.22000000,63892.00000000,64027.99000000,802.33437000
2026-06-04T07:00:00+00:00,1780556400000,64027.99000000,64062.81000000,63492.89000000,63603.15000000,1503.87893000
2026-06-04T08:00:00+00:00,1780560000000,63603.15000000,63904.63000000,63245.90000000,63629.99000000,1570.23316000
2026-06-04T09:00:00+00:00,1780563600000,63629.99000000,63644.00000000,62703.33000000,63266.00000000,2329.32820000
2026-06-04T10:00:00+00:00,1780567200000,63266.01000000,63276.00000000,62301.21000000,62420.00000000,3046.35677000
2026-06-04T11:00:00+00:00,1780570800000,62420.01000000,62833.82000000,62205.00000000,62545.99000000,1649.57305000
2026-06-04T12:00:00+00:00,1780574400000,62546.00000000,63966.48000000,62392.00000000,63766.82000000,1740.31399000
2026-06-04T13:00:00+00:00,1780578000000,63766.82000000,64244.00000000,63068.41000000,64230.00000000,2087.69891000
2026-06-04T14:00:00+00:00,1780581600000,64230.00000000,64494.92000000,63785.33000000,63958.97000000,1314.77170000
2026-06-04T15:00:00+00:00,1780585200000,63958.97000000,64404.00000000,63691.70000000,63896.17000000,1043.20477000
2026-06-04T16:00:00+00:00,1780588800000,63896.16000000,63920.00000000,63456.00000000,63563.51000000,778.58090000
2026-06-04T17:00:00+00:00,1780592400000,63563.51000000,63722.00000000,62944.91000000,63540.97000000,1048.08269000
2026-06-04T18:00:00+00:00,1780596000000,63540.96000000,64110.28000000,63149.76000000,63819.62000000,1198.01807000
2026-06-04T19:00:00+00:00,1780599600000,63819.62000000,64163.93000000,63544.00000000,63629.38000000,699.04403000
2026-06-04T20:00:00+00:00,1780603200000,63629.38000000,63653.20000000,63182.84000000,63638.40000000,753.64631000
2026-06-04T21:00:00+00:00,1780606800000,63638.40000000,63876.00000000,63106.04000000,63286.21000000,982.36997000
2026-06-04T22:00:00+00:00,1780610400000,63286.21000000,63772.00000000,63194.00000000,63735.43000000,816.54763000
2026-06-04T23:00:00+00:00,1780614000000,63735.42000000,63918.00000000,63376.00000000,63885.99000000,561.48382000
2026-06-05T00:00:00+00:00,1780617600000,63885.99000000,63978.00000000,63396.57000000,63426.72000000,799.55012000
2026-06-05T01:00:00+00:00,1780621200000,63426.73000000,63566.00000000,63052.00000000,63374.67000000,974.10885000
2026-06-05T02:00:00+00:00,1780624800000,63374.67000000,63436.00000000,62588.77000000,62617.72000000,1167.70132000
2026-06-05T03:00:00+00:00,1780628400000,62617.72000000,62888.00000000,62339.00000000,62730.00000000,1221.63780000
2026-06-05T04:00:00+00:00,1780632000000,62730.00000000,63646.00000000,62487.24000000,63615.23000000,1133.49083000
2026-06-05T05:00:00+00:00,1780635600000,63615.22000000,63688.00000000,62278.00000000,62329.35000000,1503.31179000
2026-06-05T06:00:00+00:00,1780639200000,62329.36000000,62634.53000000,61126.01000000,61946.57000000,5277.47749000
2026-06-05T07:00:00+00:00,1780642800000,61946.57000000,63116.00000000,61378.38000000,63115.99000000,2819.14343000
2026-06-05T08:00:00+00:00,1780646400000,63115.99000000,63120.98000000,62288.88000000,62454.64000000,1381.33567000
2026-06-05T09:00:00+00:00,1780650000000,62454.64000000,63259.90000000,62442.00000000,62860.09000000,970.25310000
2026-06-05T10:00:00+00:00,1780653600000,62860.09000000,62931.81000000,62375.00000000,62536.87000000,753.84533000
2026-06-05T11:00:00+00:00,1780657200000,62536.87000000,62644.48000000,61964.98000000,61964.99000000,1191.72996000
2026-06-05T12:00:00+00:00,1780660800000,61964.99000000,62457.86000000,61620.47000000,61959.73000000,1931.26312000
2026-06-05T13:00:00+00:00,1780664400000,61959.72000000,62326.00000000,60732.35000000,60732.36000000,3644.72891000
2026-06-05T14:00:00+00:00,1780668000000,60732.36000000,61227.98000000,60334.97000000,60868.97000000,4753.25938000
2026-06-05T15:00:00+00:00,1780671600000,60868.98000000,61126.00000000,60000.00000000,60438.01000000,4471.76201000
2026-06-05T16:00:00+00:00,1780675200000,60438.00000000,61547.24000000,59786.00000000,61394.39000000,5595.70288000
2026-06-05T17:00:00+00:00,1780678800000,61394.38000000,61508.85000000,60660.00000000,60813.99000000,1735.74281000
2026-06-05T18:00:00+00:00,1780682400000,60814.00000000,60950.00000000,59141.00000000,59395.99000000,3853.37743000
2026-06-05T19:00:00+00:00,1780686000000,59396.00000000,60459.41000000,59130.91000000,60300.24000000,2562.76919000
2026-06-05T20:00:00+00:00,1780689600000,60300.24000000,61787.01000000,59940.01000000,61620.01000000,2519.32621000
2026-06-05T21:00:00+00:00,1780693200000,61620.01000000,62000.00000000,61444.20000000,61670.38000000,1754.60125000
2026-06-05T22:00:00+00:00,1780696800000,61670.38000000,61966.00000000,61207.82000000,61584.49000000,1799.61028000
2026-06-05T23:00:00+00:00,1780700400000,61584.49000000,61776.00000000,60518.00000000,61056.47000000,1211.55891000
2026-06-06T00:00:00+00:00,1780704000000,61056.47000000,61530.05000000,61045.01000000,61273.29000000,769.28059000
2026-06-06T01:00:00+00:00,1780707600000,61273.29000000,61380.00000000,60954.36000000,61058.95000000,701.07746000
2026-06-06T02:00:00+00:00,1780711200000,61058.95000000,61176.00000000,60678.00000000,60951.64000000,778.33004000
2026-06-06T03:00:00+00:00,1780714800000,60951.63000000,60966.86000000,60520.00000000,60687.04000000,696.39105000
2026-06-06T04:00:00+00:00,1780718400000,60687.05000000,60866.00000000,59500.00000000,60101.27000000,2161.93035000
2026-06-06T05:00:00+00:00,1780722000000,60101.28000000,61062.00000000,59621.22000000,60942.38000000,2141.23088000
2026-06-06T06:00:00+00:00,1780725600000,60942.37000000,61276.95000000,60681.00000000,60786.96000000,2095.10137000
2026-06-06T07:00:00+00:00,1780729200000,60786.96000000,61229.17000000,60733.14000000,61004.95000000,664.31126000
2026-06-06T08:00:00+00:00,1780732800000,61004.95000000,61500.00000000,60884.00000000,61264.00000000,724.69988000
2026-06-06T09:00:00+00:00,1780736400000,61264.00000000,61322.00000000,60875.55000000,60981.24000000,580.05282000
2026-06-06T10:00:00+00:00,1780740000000,60981.24000000,60981.24000000,60198.00000000,60593.00000000,1404.76206000
2026-06-06T11:00:00+00:00,1780743600000,60593.00000000,60968.00000000,60552.95000000,60802.91000000,764.04290000
2026-06-06T12:00:00+00:00,1780747200000,60802.90000000,61185.26000000,60641.20000000,61030.63000000,669.86406000
2026-06-06T13:00:00+00:00,1780750800000,61030.63000000,61100.00000000,60701.41000000,60801.20000000,565.41708000
2026-06-06T14:00:00+00:00,1780754400000,60801.20000000,61016.00000000,60768.00000000,60791.05000000,409.85585000
2026-06-06T15:00:00+00:00,1780758000000,60791.06000000,60929.20000000,60396.00000000,60784.00000000,646.35820000
2026-06-06T16:00:00+00:00,1780761600000,60784.01000000,60971.24000000,60466.56000000,60774.00000000,524.00441000
2026-06-06T17:00:00+00:00,1780765200000,60774.00000000,60844.00000000,60501.00000000,60576.20000000,599.85374000
2026-06-06T18:00:00+00:00,1780768800000,60576.19000000,60754.74000000,60393.96000000,60637.21000000,975.00187000
2026-06-06T19:00:00+00:00,1780772400000,60637.20000000,60786.00000000,60536.00000000,60600.01000000,348.13504000
2026-06-06T20:00:00+00:00,1780776000000,60600.00000000,60756.00000000,60522.00000000,60711.69000000,328.01265000
2026-06-06T21:00:00+00:00,1780779600000,60711.69000000,61000.00000000,60707.93000000,60751.21000000,311.33205000
2026-06-06T22:00:00+00:00,1780783200000,60751.22000000,60818.00000000,60429.09000000,60543.53000000,374.15284000
2026-06-06T23:00:00+00:00,1780786800000,60543.52000000,60942.75000000,60543.52000000,60884.62000000,562.39032000
2026-06-07T00:00:00+00:00,1780790400000,60884.62000000,60987.99000000,60746.00000000,60782.01000000,680.45460000
2026-06-07T01:00:00+00:00,1780794000000,60782.00000000,61664.13000000,60758.00000000,61479.75000000,1285.56920000
2026-06-07T02:00:00+00:00,1780797600000,61479.75000000,61568.00000000,61184.00000000,61506.74000000,523.36778000
2026-06-07T03:00:00+00:00,1780801200000,61506.73000000,61778.33000000,61416.10000000,61701.07000000,469.79753000
2026-06-07T04:00:00+00:00,1780804800000,61701.06000000,61907.07000000,61482.46000000,61890.92000000,486.27163000
2026-06-07T05:00:00+00:00,1780808400000,61890.92000000,62159.00000000,61647.00000000,61748.10000000,1139.66042000
2026-06-07T06:00:00+00:00,1780812000000,61748.11000000,62272.00000000,61619.40000000,62101.00000000,1749.12210000
2026-06-07T07:00:00+00:00,1780815600000,62101.01000000,62416.26000000,61983.46000000,62404.73000000,1528.14980000
2026-06-07T08:00:00+00:00,1780819200000,62404.72000000,62960.00000000,62259.37000000,62855.01000000,2005.84536000
2026-06-07T09:00:00+00:00,1780822800000,62855.00000000,62900.00000000,62374.63000000,62530.00000000,1248.75300000
2026-06-07T10:00:00+00:00,1780826400000,62530.00000000,62570.31000000,62298.39000000,62370.52000000,674.16526000
2026-06-07T11:00:00+00:00,1780830000000,62370.53000000,62754.45000000,62359.44000000,62621.96000000,794.29873000
2026-06-07T12:00:00+00:00,1780833600000,62621.97000000,62643.97000000,61577.12000000,61900.67000000,1957.06740000
2026-06-07T13:00:00+00:00,1780837200000,61900.66000000,61907.64000000,61649.12000000,61700.13000000,1146.18923000
2026-06-07T14:00:00+00:00,1780840800000,61700.14000000,62312.67000000,61696.98000000,61905.49000000,923.54392000
2026-06-07T15:00:00+00:00,1780844400000,61905.49000000,62219.92000000,61674.51000000,62093.99000000,527.33835000
2026-06-07T16:00:00+00:00,1780848000000,62093.99000000,62332.00000000,61966.00000000,62083.64000000,482.96030000
2026-06-07T17:00:00+00:00,1780851600000,62083.64000000,62330.00000000,62046.62000000,62160.01000000,573.97699000
2026-06-07T18:00:00+00:00,1780855200000,62160.01000000,62296.00000000,62022.00000000,62030.14000000,373.61361000
2026-06-07T19:00:00+00:00,1780858800000,62030.15000000,62036.78000000,61184.00000000,61328.00000000,1046.65633000
2026-06-07T20:00:00+00:00,1780862400000,61327.99000000,61962.47000000,61217.17000000,61878.01000000,569.10903000
2026-06-07T21:00:00+00:00,1780866000000,61878.00000000,62017.71000000,61652.01000000,61778.41000000,374.19369000
2026-06-07T22:00:00+00:00,1780869600000,61778.42000000,64234.68000000,61728.11000000,62865.87000000,4892.75492000
2026-06-07T23:00:00+00:00,1780873200000,62865.87000000,63444.11000000,62803.42000000,63332.01000000,1159.24525000
2026-06-08T00:00:00+00:00,1780876800000,63332.01000000,63863.06000000,63138.37000000,63631.42000000,1255.61981000
2026-06-08T01:00:00+00:00,1780880400000,63631.43000000,63643.99000000,62720.86000000,63211.41000000,1129.10442000
2026-06-08T02:00:00+00:00,1780884000000,63211.41000000,63260.00000000,62918.00000000,63129.93000000,502.88284000
2026-06-08T03:00:00+00:00,1780887600000,63129.94000000,63458.00000000,62978.36000000,63130.12000000,427.85473000
2026-06-08T04:00:00+00:00,1780891200000,63130.12000000,63171.10000000,62657.07000000,62684.61000000,553.63898000
2026-06-08T05:00:00+00:00,1780894800000,62684.61000000,62825.27000000,62408.00000000,62764.00000000,674.10723000
2026-06-08T06:00:00+00:00,1780898400000,62763.99000000,63144.00000000,62734.00000000,62988.03000000,629.53051000
2026-06-08T07:00:00+00:00,1780902000000,62988.58000000,63350.00000000,62812.00000000,63283.99000000,976.90780000
2026-06-08T08:00:00+00:00,1780905600000,63284.00000000,63284.00000000,62992.01000000,63132.83000000,490.75057000
2026-06-08T09:00:00+00:00,1780909200000,63132.84000000,63577.86000000,63128.47000000,63502.00000000,706.93226000
2026-06-08T10:00:00+00:00,1780912800000,63501.99000000,63568.19000000,63096.88000000,63172.30000000,982.67290000
2026-06-08T11:00:00+00:00,1780916400000,63172.30000000,63873.08000000,63058.00000000,63479.61000000,1572.11873000
2026-06-08T12:00:00+00:00,1780920000000,63479.62000000,63933.18000000,62718.30000000,63872.00000000,2589.09295000
2026-06-08T13:00:00+00:00,1780923600000,63872.00000000,63943.56000000,63362.10000000,63758.00000000,1304.57724000
2026-06-08T14:00:00+00:00,1780927200000,63758.00000000,64077.57000000,63560.68000000,63964.08000000,1937.84618000
2026-06-08T15:00:00+00:00,1780930800000,63964.07000000,64200.00000000,63711.00000000,63774.48000000,2295.29096000
2026-06-08T16:00:00+00:00,1780934400000,63774.48000000,64046.86000000,63472.00000000,63532.01000000,873.93622000
2026-06-08T17:00:00+00:00,1780938000000,63532.01000000,63646.00000000,63268.01000000,63550.00000000,1044.76064000
2026-06-08T18:00:00+00:00,1780941600000,63549.99000000,63690.00000000,63339.98000000,63466.83000000,414.77155000
2026-06-08T19:00:00+00:00,1780945200000,63466.83000000,63596.00000000,63356.00000000,63372.01000000,379.67287000
2026-06-08T20:00:00+00:00,1780948800000,63372.01000000,63485.49000000,63160.31000000,63485.49000000,793.95609000
2026-06-08T21:00:00+00:00,1780952400000,63485.49000000,63850.00000000,63483.41000000,63728.96000000,413.19539000
2026-06-08T22:00:00+00:00,1780956000000,63728.96000000,63728.96000000,63210.00000000,63440.01000000,571.04903000
2026-06-08T23:00:00+00:00,1780959600000,63440.00000000,63594.00000000,62978.66000000,63085.99000000,533.11634000
2026-06-09T00:00:00+00:00,1780963200000,63086.00000000,63184.00000000,62423.07000000,62562.00000000,1868.43384000
2026-06-09T01:00:00+00:00,1780966800000,62562.00000000,62879.10000000,62546.62000000,62764.01000000,752.22836000
2026-06-09T02:00:00+00:00,1780970400000,62764.00000000,62874.00000000,62544.11000000,62868.00000000,357.79841000
2026-06-09T03:00:00+00:00,1780974000000,62867.99000000,62979.94000000,62702.00000000,62875.17000000,780.82683000
2026-06-09T04:00:00+00:00,1780977600000,62875.18000000,63424.00000000,62748.00000000,63242.36000000,1115.32376000
2026-06-09T05:00:00+00:00,1780981200000,63242.36000000,63526.01000000,63120.24000000,63338.68000000,946.88593000
2026-06-09T06:00:00+00:00,1780984800000,63338.69000000,63506.00000000,63230.00000000,63300.00000000,975.96129000
2026-06-09T07:00:00+00:00,1780988400000,63300.00000000,63443.60000000,63012.00000000,63198.44000000,669.83742000
2026-06-09T08:00:00+00:00,1780992000000,63198.44000000,63208.86000000,62769.52000000,62849.75000000,844.01531000
2026-06-09T09:00:00+00:00,1780995600000,62849.75000000,62944.43000000,62590.00000000,62715.37000000,709.25840000
2026-06-09T10:00:00+00:00,1780999200000,62715.37000000,62835.37000000,62596.00000000,62786.01000000,503.06926000
2026-06-09T11:00:00+00:00,1781002800000,62786.00000000,62818.00000000,62498.75000000,62711.12000000,472.29218000
2026-06-09T12:00:00+00:00,1781006400000,62711.12000000,62895.18000000,62421.24000000,62645.15000000,693.60370000
2026-06-09T13:00:00+00:00,1781010000000,62645.14000000,62738.00000000,62140.00000000,62273.61000000,1172.01624000
2026-06-09T14:00:00+00:00,1781013600000,62273.62000000,62395.01000000,61148.07000000,61541.95000000,2741.42922000
2026-06-09T15:00:00+00:00,1781017200000,61541.95000000,61706.86000000,61037.00000000,61131.84000000,1576.39840000
2026-06-09T16:00:00+00:00,1781020800000,61131.85000000,61484.67000000,60780.00000000,61390.51000000,2117.17514000
2026-06-09T17:00:00+00:00,1781024400000,61390.51000000,61889.00000000,61390.51000000,61692.01000000,925.52892000
2026-06-09T18:00:00+00:00,1781028000000,61692.01000000,61964.00000000,61602.00000000,61792.01000000,528.51144000
2026-06-09T19:00:00+00:00,1781031600000,61792.00000000,62103.39000000,61722.00000000,62098.09000000,436.30940000
2026-06-09T20:00:00+00:00,1781035200000,62098.09000000,62272.00000000,61954.39000000,62160.00000000,406.81988000
2026-06-09T21:00:00+00:00,1781038800000,62159.99000000,62176.86000000,61698.00000000,61761.20000000,425.20913000
2026-06-09T22:00:00+00:00,1781042400000,61761.21000000,61976.00000000,61666.66000000,61717.50000000,276.69194000
2026-06-09T23:00:00+00:00,1781046000000,61717.50000000,61878.00000000,61556.00000000,61730.00000000,340.59519000
2026-06-10T00:00:00+00:00,1781049600000,61730.00000000,61930.00000000,61440.00000000,61923.16000000,538.26750000
2026-06-10T01:00:00+00:00,1781053200000,61923.16000000,61974.70000000,61590.00000000,61714.00000000,336.41204000
2026-06-10T02:00:00+00:00,1781056800000,61714.00000000,61837.67000000,61235.29000000,61302.36000000,512.06602000
2026-06-10T03:00:00+00:00,1781060400000,61302.37000000,61594.00000000,61286.00000000,61549.64000000,334.76343000
2026-06-10T04:00:00+00:00,1781064000000,61549.64000000,61560.00000000,61182.65000000,61295.99000000,306.03442000
2026-06-10T05:00:00+00:00,1781067600000,61296.00000000,61400.01000000,61080.00000000,61361.17000000,464.90737000
2026-06-10T06:00:00+00:00,1781071200000,61361.17000000,61521.99000000,61145.50000000,61472.89000000,511.66925000
2026-06-10T07:00:00+00:00,1781074800000,61472.89000000,61813.34000000,61440.00000000,61687.56000000,937.80783000
2026-06-10T08:00:00+00:00,1781078400000,61687.56000000,61736.00000000,61168.00000000,61261.55000000,739.92297000
2026-06-10T09:00:00+00:00,1781082000000,61261.56000000,61421.46000000,60755.00000000,61334.94000000,906.84186000
2026-06-10T10:00:00+00:00,1781085600000,61334.95000000,61456.00000000,61151.40000000,61386.09000000,340.43647000
2026-06-10T11:00:00+00:00,1781089200000,61386.09000000,61430.00000000,60867.19000000,61034.04000000,826.04256000
2026-06-10T12:00:00+00:00,1781092800000,61034.04000000,61950.00000000,60960.00000000,61564.01000000,1340.16125000
2026-06-10T13:00:00+00:00,1781096400000,61564.00000000,62446.00000000,61444.87000000,62146.42000000,1199.64944000
2026-06-10T14:00:00+00:00,1781100000000,62146.43000000,62258.01000000,61814.79000000,62195.99000000,902.47236000
2026-06-10T15:00:00+00:00,1781103600000,62195.99000000,62857.99000000,61852.00000000,62639.23000000,1341.51604000
2026-06-10T16:00:00+00:00,1781107200000,62639.23000000,62646.00000000,61930.00000000,62219.33000000,748.11357000
2026-06-10T17:00:00+00:00,1781110800000,62219.33000000,62360.00000000,61654.54000000,61969.99000000,885.28682000
2026-06-10T18:00:00+00:00,1781114400000,61969.99000000,62162.90000000,61588.80000000,61882.00000000,641.17730000
2026-06-10T19:00:00+00:00,1781118000000,61881.99000000,62062.98000000,61673.79000000,61942.44000000,400.79146000
2026-06-10T20:00:00+00:00,1781121600000,61942.45000000,61949.21000000,61688.00000000,61805.51000000,307.34434000
2026-06-10T21:00:00+00:00,1781125200000,61805.50000000,61805.51000000,61179.19000000,61356.18000000,571.34637000
2026-06-10T22:00:00+00:00,1781128800000,61356.18000000,61574.00000000,61104.24000000,61381.46000000,578.03926000
2026-06-10T23:00:00+00:00,1781132400000,61381.46000000,61604.00000000,61166.00000000,61510.99000000,327.64659000
2026-06-11T00:00:00+00:00,1781136000000,61510.99000000,61974.70000000,61510.99000000,61812.00000000,597.44488000
2026-06-11T01:00:00+00:00,1781139600000,61812.00000000,62378.00000000,61812.00000000,62206.01000000,839.43174000
2026-06-11T02:00:00+00:00,1781143200000,62206.01000000,62304.00000000,61944.19000000,62148.00000000,429.18601000
2026-06-11T03:00:00+00:00,1781146800000,62148.01000000,62848.00000000,62012.00000000,62689.48000000,986.08995000
2026-06-11T04:00:00+00:00,1781150400000,62689.47000000,62854.00000000,62546.34000000,62726.86000000,589.32674000
2026-06-11T05:00:00+00:00,1781154000000,62726.85000000,62726.86000000,62556.84000000,62610.00000000,295.46093000
2026-06-11T06:00:00+00:00,1781157600000,62610.00000000,62997.53000000,62544.89000000,62772.00000000,1198.75098000
2026-06-11T07:00:00+00:00,1781161200000,62772.01000000,62842.92000000,62612.01000000,62719.39000000,399.47563000
2026-06-11T08:00:00+00:00,1781164800000,62719.39000000,63050.00000000,62719.38000000,62957.99000000,546.92925000
2026-06-11T09:00:00+00:00,1781168400000,62958.00000000,62989.97000000,62790.00000000,62927.49000000,401.22464000
2026-06-11T10:00:00+00:00,1781172000000,62927.49000000,63214.97000000,62789.62000000,63148.00000000,666.36315000
2026-06-11T11:00:00+00:00,1781175600000,63148.00000000,63257.21000000,63040.01000000,63108.00000000,563.58106000
2026-06-11T12:00:00+00:00,1781179200000,63108.01000000,63190.00000000,62500.00000000,63010.01000000,1835.01045000
2026-06-11T13:00:00+00:00,1781182800000,63010.00000000,63239.43000000,62677.84000000,63077.57000000,1087.23984000
2026-06-11T14:00:00+00:00,1781186400000,63077.71000000,63100.00000000,62732.60000000,62734.02000000,782.87001000
2026-06-11T15:00:00+00:00,1781190000000,62734.02000000,62887.88000000,62518.10000000,62749.44000000,633.18968000
2026-06-11T16:00:00+00:00,1781193600000,62749.44000000,62842.00000000,62548.79000000,62582.45000000,564.46406000
2026-06-11T17:00:00+00:00,1781197200000,62582.45000000,63655.83000000,62348.00000000,63644.19000000,1821.97042000
2026-06-11T18:00:00+00:00,1781200800000,63644.18000000,63788.00000000,63324.35000000,63461.12000000,793.20489000
2026-06-11T19:00:00+00:00,1781204400000,63461.12000000,63933.02000000,63390.00000000,63605.68000000,946.18552000
2026-06-11T20:00:00+00:00,1781208000000,63605.69000000,63663.40000000,63270.00000000,63393.67000000,556.54606000
2026-06-11T21:00:00+00:00,1781211600000,63393.67000000,63599.99000000,63393.66000000,63519.99000000,269.29173000
2026-06-11T22:00:00+00:00,1781215200000,63519.99000000,63670.00000000,63462.00000000,63500.01000000,226.24918000
2026-06-11T23:00:00+00:00,1781218800000,63500.00000000,63700.00000000,63362.00000000,63625.99000000,351.45962000
2026-06-12T00:00:00+00:00,1781222400000,63626.00000000,63810.01000000,63520.86000000,63648.80000000,1229.60050000
2026-06-12T01:00:00+00:00,1781226000000,63648.80000000,63648.80000000,63301.53000000,63426.20000000,745.50942000
2026-06-12T02:00:00+00:00,1781229600000,63426.21000000,63779.11000000,63426.20000000,63624.07000000,398.45121000
2026-06-12T03:00:00+00:00,1781233200000,63624.07000000,63649.99000000,63357.70000000,63524.82000000,280.54894000
2026-06-12T04:00:00+00:00,1781236800000,63524.81000000,63863.98000000,63426.48000000,63700.00000000,742.01132000
2026-06-12T05:00:00+00:00,1781240400000,63700.00000000,63721.31000000,63310.00000000,63358.20000000,603.70673000
2026-06-12T06:00:00+00:00,1781244000000,63358.20000000,63411.50000000,62829.81000000,62980.45000000,1027.41759000
2026-06-12T07:00:00+00:00,1781247600000,62980.46000000,63211.74000000,62956.00000000,63100.80000000,852.55681000
2026-06-12T08:00:00+00:00,1781251200000,63100.80000000,63615.84000000,63100.80000000,63470.81000000,600.81984000
2026-06-12T09:00:00+00:00,1781254800000,63470.81000000,63953.84000000,63438.00000000,63752.93000000,524.52211000
2026-06-12T10:00:00+00:00,1781258400000,63752.93000000,63852.00000000,63588.34000000,63702.01000000,872.53513000
2026-06-12T11:00:00+00:00,1781262000000,63702.01000000,63884.49000000,63684.44000000,63766.01000000,380.80932000
2026-06-12T12:00:00+00:00,1781265600000,63766.01000000,63775.00000000,63378.00000000,63465.51000000,515.59574000
2026-06-12T13:00:00+00:00,1781269200000,63465.52000000,63532.59000000,63045.29000000,63229.10000000,851.49099000
2026-06-12T14:00:00+00:00,1781272800000,63229.10000000,64000.00000000,63190.00000000,63999.99000000,1065.08825000
2026-06-12T15:00:00+00:00,1781276400000,63999.99000000,64394.44000000,63551.90000000,63593.02000000,1669.96199000
2026-06-12T16:00:00+00:00,1781280000000,63593.02000000,63996.00000000,63510.16000000,63982.48000000,776.01025000
2026-06-12T17:00:00+00:00,1781283600000,63982.48000000,64111.10000000,63745.99000000,63865.44000000,456.29271000
2026-06-12T18:00:00+00:00,1781287200000,63865.45000000,63934.34000000,63686.00000000,63694.00000000,561.84193000
2026-06-12T19:00:00+00:00,1781290800000,63694.01000000,63830.93000000,63589.27000000,63589.27000000,462.65176000
2026-06-12T20:00:00+00:00,1781294400000,63589.28000000,63696.41000000,63400.00000000,63449.00000000,328.72463000
2026-06-12T21:00:00+00:00,1781298000000,63449.01000000,63624.62000000,63440.01000000,63472.00000000,330.50626000
2026-06-12T22:00:00+00:00,1781301600000,63471.99000000,63658.00000000,63471.99000000,63502.00000000,711.15075000
2026-06-12T23:00:00+00:00,1781305200000,63502.00000000,63580.01000000,63426.83000000,63580.01000000,409.24822000
2026-06-13T00:00:00+00:00,1781308800000,63580.00000000,63652.11000000,63507.39000000,63600.01000000,578.94188000
2026-06-13T01:00:00+00:00,1781312400000,63600.01000000,63840.00000000,63600.01000000,63837.89000000,509.63359000
2026-06-13T02:00:00+00:00,1781316000000,63837.88000000,63837.89000000,63558.00000000,63646.01000000,450.79285000
2026-06-13T03:00:00+00:00,1781319600000,63646.01000000,63720.88000000,63418.66000000,63532.00000000,268.55023000
2026-06-13T04:00:00+00:00,1781323200000,63532.00000000,63663.91000000,63484.00000000,63512.01000000,144.15296000
2026-06-13T05:00:00+00:00,1781326800000,63512.01000000,63596.00000000,63493.16000000,63584.03000000,658.62782000
2026-06-13T06:00:00+00:00,1781330400000,63584.03000000,63740.00000000,63550.51000000,63735.74000000,299.54013000
2026-06-13T07:00:00+00:00,1781334000000,63736.00000000,63883.47000000,63674.98000000,63846.00000000,436.97737000
2026-06-13T08:00:00+00:00,1781337600000,63845.99000000,63910.00000000,63766.18000000,63806.00000000,227.43934000
2026-06-13T09:00:00+00:00,1781341200000,63806.00000000,63867.65000000,63742.57000000,63743.12000000,301.95833000
2026-06-13T10:00:00+00:00,1781344800000,63743.13000000,63908.48000000,63726.57000000,63843.01000000,188.76787000
2026-06-13T11:00:00+00:00,1781348400000,63843.01000000,63984.53000000,63843.01000000,63971.28000000,479.05156000
2026-06-13T12:00:00+00:00,1781352000000,63971.28000000,64214.00000000,63921.33000000,64133.12000000,878.04841000
2026-06-13T13:00:00+00:00,1781355600000,64133.12000000,64245.88000000,64060.00000000,64102.69000000,499.73169000
2026-06-13T14:00:00+00:00,1781359200000,64102.61000000,64233.73000000,64090.09000000,64220.97000000,206.46033000
2026-06-13T15:00:00+00:00,1781362800000,64220.96000000,64350.00000000,64186.97000000,64296.15000000,584.92205000
2026-06-13T16:00:00+00:00,1781366400000,64296.15000000,64307.52000000,63920.05000000,64029.17000000,720.74810000
2026-06-13T17:00:00+00:00,1781370000000,64029.17000000,64120.00000000,63944.00000000,63971.19000000,301.75645000
2026-06-13T18:00:00+00:00,1781373600000,63971.20000000,64282.19000000,63971.19000000,64161.46000000,278.72154000
2026-06-13T19:00:00+00:00,1781377200000,64161.46000000,64333.62000000,64152.00000000,64296.59000000,308.71810000
2026-06-13T20:00:00+00:00,1781380800000,64296.59000000,64296.60000000,64226.83000000,64278.31000000,179.31890000
2026-06-13T21:00:00+00:00,1781384400000,64278.31000000,64762.77000000,64226.38000000,64471.04000000,552.39519000
2026-06-13T22:00:00+00:00,1781388000000,64471.04000000,64556.00000000,64383.61000000,64456.47000000,316.27120000
2026-06-13T23:00:00+00:00,1781391600000,64456.46000000,64596.99000000,64382.42000000,64458.01000000,589.21574000
2026-06-14T00:00:00+00:00,1781395200000,64458.01000000,64579.03000000,64380.70000000,64565.00000000,595.05205000
2026-06-14T01:00:00+00:00,1781398800000,64565.01000000,64710.00000000,64507.25000000,64563.00000000,821.19702000
2026-06-14T02:00:00+00:00,1781402400000,64563.00000000,64636.00000000,64476.01000000,64490.01000000,260.23317000
2026-06-14T03:00:00+00:00,1781406000000,64490.01000000,64545.40000000,64466.00000000,64545.30000000,155.67419000
2026-06-14T04:00:00+00:00,1781409600000,64545.30000000,64563.48000000,64325.61000000,64339.07000000,253.74802000
2026-06-14T05:00:00+00:00,1781413200000,64339.07000000,64411.20000000,64293.41000000,64338.00000000,429.46847000
2026-06-14T06:00:00+00:00,1781416800000,64338.00000000,64487.80000000,64232.12000000,64286.10000000,839.75348000
2026-06-14T07:00:00+00:00,1781420400000,64286.10000000,64445.95000000,64214.00000000,64429.39000000,256.82492000
2026-06-14T08:00:00+00:00,1781424000000,64429.39000000,64513.82000000,64392.00000000,64456.33000000,192.66954000
2026-06-14T09:00:00+00:00,1781427600000,64456.33000000,64617.99000000,64321.18000000,64616.00000000,237.38130000
2026-06-14T10:00:00+00:00,1781431200000,64616.00000000,64664.00000000,64498.01000000,64521.13000000,184.13016000
2026-06-14T11:00:00+00:00,1781434800000,64521.13000000,64641.90000000,64460.00000000,64546.00000000,228.11339000
2026-06-14T12:00:00+00:00,1781438400000,64546.01000000,64560.66000000,64295.06000000,64327.53000000,334.09454000
2026-06-14T13:00:00+00:00,1781442000000,64327.54000000,64398.14000000,64244.00000000,64317.99000000,308.61157000
2026-06-14T14:00:00+00:00,1781445600000,64318.00000000,64341.43000000,63866.66000000,63983.55000000,781.47067000
2026-06-14T15:00:00+00:00,1781449200000,63983.56000000,64153.75000000,63980.35000000,64025.07000000,366.74561000
2026-06-14T16:00:00+00:00,1781452800000,64025.06000000,64208.92000000,63936.00000000,63942.63000000,256.58722000
2026-06-14T17:00:00+00:00,1781456400000,63942.63000000,64019.38000000,63694.11000000,63732.64000000,617.57994000
2026-06-14T18:00:00+00:00,1781460000000,63732.65000000,63813.30000000,63678.83000000,63813.30000000,258.88821000
2026-06-14T19:00:00+00:00,1781463600000,63813.30000000,63861.86000000,63734.71000000,63802.00000000,107.59400000
2026-06-14T20:00:00+00:00,1781467200000,63801.99000000,64092.40000000,63794.09000000,64008.64000000,243.20360000
2026-06-14T21:00:00+00:00,1781470800000,64008.64000000,65666.00000000,64007.24000000,65311.59000000,2955.01268000
2026-06-14T22:00:00+00:00,1781474400000,65311.59000000,65580.00000000,64946.12000000,65426.78000000,1554.15469000
2026-06-14T23:00:00+00:00,1781478000000,65426.78000000,65800.00000000,65256.21000000,65746.45000000,964.84531000
2026-06-15T00:00:00+00:00,1781481600000,65746.45000000,65923.00000000,65480.69000000,65625.99000000,1043.52596000
2026-06-15T01:00:00+00:00,1781485200000,65626.00000000,65734.87000000,65354.00000000,65525.00000000,855.38843000
2026-06-15T02:00:00+00:00,1781488800000,65525.01000000,65775.15000000,65415.02000000,65472.01000000,587.73145000
2026-06-15T03:00:00+00:00,1781492400000,65472.01000000,65995.00000000,65422.83000000,65927.10000000,767.65798000
2026-06-15T04:00:00+00:00,1781496000000,65927.11000000,65927.11000000,65633.28000000,65644.01000000,564.25779000
2026-06-15T05:00:00+00:00,1781499600000,65644.00000000,65872.00000000,65611.01000000,65858.01000000,477.26671000
2026-06-15T06:00:00+00:00,1781503200000,65858.00000000,65967.27000000,65775.45000000,65812.01000000,365.24859000
2026-06-15T07:00:00+00:00,1781506800000,65812.01000000,66000.00000000,65628.45000000,65674.76000000,574.31747000
2026-06-15T08:00:00+00:00,1781510400000,65674.76000000,65800.00000000,65620.00000000,65662.01000000,363.00480000
2026-06-15T09:00:00+00:00,1781514000000,65662.00000000,65779.50000000,65512.00000000,65596.86000000,344.30264000
2026-06-15T10:00:00+00:00,1781517600000,65596.86000000,65973.15000000,65584.37000000,65917.37000000,544.78922000
2026-06-15T11:00:00+00:00,1781521200000,65917.37000000,66385.12000000,65832.78000000,66233.90000000,1293.72734000
2026-06-15T12:00:00+00:00,1781524800000,66233.89000000,66600.91000000,66106.00000000,66563.49000000,987.26981000
2026-06-15T13:00:00+00:00,1781528400000,66563.48000000,66949.22000000,66412.00000000,66447.05000000,1919.26303000
2026-06-15T14:00:00+00:00,1781532000000,66447.06000000,66675.83000000,66251.58000000,66591.55000000,940.84640000
2026-06-15T15:00:00+00:00,1781535600000,66591.54000000,67292.15000000,66580.42000000,67292.14000000,1466.95790000
2026-06-15T16:00:00+00:00,1781539200000,67292.15000000,67292.15000000,67088.83000000,67157.99000000,1096.95936000
2026-06-15T17:00:00+00:00,1781542800000,67158.00000000,67158.00000000,66585.26000000,66851.79000000,1340.24388000
2026-06-15T18:00:00+00:00,1781546400000,66851.80000000,66933.86000000,66715.61000000,66766.12000000,590.69175000
2026-06-15T19:00:00+00:00,1781550000000,66766.13000000,66889.85000000,66348.00000000,66614.35000000,780.39583000
2026-06-15T20:00:00+00:00,1781553600000,66615.98000000,66681.30000000,66489.86000000,66519.98000000,339.47285000
2026-06-15T21:00:00+00:00,1781557200000,66519.99000000,66567.38000000,66314.34000000,66368.15000000,347.81382000
2026-06-15T22:00:00+00:00,1781560800000,66368.15000000,66476.64000000,66076.56000000,66206.34000000,520.15584000
2026-06-15T23:00:00+00:00,1781564400000,66206.34000000,66368.00000000,66116.59000000,66328.74000000,448.51217000
2026-06-16T00:00:00+00:00,1781568000000,66328.74000000,66463.26000000,66242.00000000,66250.00000000,457.62239000
2026-06-16T01:00:00+00:00,1781571600000,66250.00000000,66418.01000000,66248.93000000,66346.52000000,456.63949000
2026-06-16T02:00:00+00:00,1781575200000,66346.51000000,66367.69000000,65678.14000000,65741.99000000,964.73227000
2026-06-16T03:00:00+00:00,1781578800000,65742.00000000,66166.61000000,65650.00000000,66165.21000000,802.10485000
2026-06-16T04:00:00+00:00,1781582400000,66165.21000000,66301.83000000,65802.00000000,65840.09000000,694.50218000
2026-06-16T05:00:00+00:00,1781586000000,65840.10000000,66150.22000000,65840.09000000,66045.00000000,739.41945000
2026-06-16T06:00:00+00:00,1781589600000,66044.99000000,66572.99000000,66044.99000000,66446.00000000,556.56171000
2026-06-16T07:00:00+00:00,1781593200000,66446.01000000,66527.23000000,66300.10000000,66372.00000000,385.79165000
2026-06-16T08:00:00+00:00,1781596800000,66372.00000000,66992.00000000,66345.06000000,66899.61000000,688.96018000
2026-06-16T09:00:00+00:00,1781600400000,66899.61000000,66923.99000000,66474.74000000,66510.00000000,600.75927000
2026-06-16T10:00:00+00:00,1781604000000,66510.01000000,66778.00000000,66486.38000000,66514.00000000,387.22813000
2026-06-16T11:00:00+00:00,1781607600000,66514.01000000,66643.23000000,66368.36000000,66481.73000000,467.23900000
2026-06-16T12:00:00+00:00,1781611200000,66481.73000000,66818.00000000,66368.00000000,66429.83000000,562.31913000
2026-06-16T13:00:00+00:00,1781614800000,66429.84000000,66463.13000000,65928.16000000,66052.00000000,1347.85119000
2026-06-16T14:00:00+00:00,1781618400000,66052.01000000,66265.80000000,65360.92000000,65654.90000000,1491.76291000
2026-06-16T15:00:00+00:00,1781622000000,65654.90000000,65999.78000000,65614.30000000,65859.76000000,788.81576000
2026-06-16T16:00:00+00:00,1781625600000,65859.76000000,65953.97000000,65706.00000000,65758.07000000,338.72091000
2026-06-16T17:00:00+00:00,1781629200000,65758.07000000,66011.47000000,65710.34000000,65978.79000000,383.38742000
2026-06-16T18:00:00+00:00,1781632800000,65978.78000000,66248.69000000,65802.00000000,65847.99000000,522.72648000
2026-06-16T19:00:00+00:00,1781636400000,65848.00000000,65848.00000000,65560.00000000,65675.88000000,617.37667000
2026-06-16T20:00:00+00:00,1781640000000,65675.89000000,65865.92000000,65592.00000000,65854.00000000,261.11445000
2026-06-16T21:00:00+00:00,1781643600000,65854.00000000,65938.00000000,65654.90000000,65776.97000000,351.42219000
2026-06-16T22:00:00+00:00,1781647200000,65776.97000000,65882.00000000,65680.00000000,65780.00000000,228.62751000
2026-06-16T23:00:00+00:00,1781650800000,65780.01000000,65834.19000000,65626.90000000,65675.01000000,206.37282000
2026-06-17T00:00:00+00:00,1781654400000,65675.02000000,65848.00000000,65675.02000000,65700.00000000,332.30374000
2026-06-17T01:00:00+00:00,1781658000000,65700.00000000,65956.56000000,65477.50000000,65940.00000000,549.42502000
2026-06-17T02:00:00+00:00,1781661600000,65940.00000000,66200.00000000,65788.00000000,65904.00000000,974.93815000
2026-06-17T03:00:00+00:00,1781665200000,65903.99000000,65904.00000000,65703.45000000,65851.99000000,563.57309000
2026-06-17T04:00:00+00:00,1781668800000,65852.00000000,66048.19000000,65788.31000000,65892.00000000,473.33682000
2026-06-17T05:00:00+00:00,1781672400000,65892.01000000,65978.00000000,65746.51000000,65836.30000000,536.04504000
2026-06-17T06:00:00+00:00,1781676000000,65836.30000000,65896.45000000,65582.63000000,65624.00000000,378.80773000
2026-06-17T07:00:00+00:00,1781679600000,65624.01000000,65710.00000000,65251.00000000,65539.50000000,697.28548000
2026-06-17T08:00:00+00:00,1781683200000,65539.51000000,65574.00000000,64833.07000000,64926.02000000,992.25057000
2026-06-17T09:00:00+00:00,1781686800000,64926.02000000,65076.76000000,64842.01000000,64909.44000000,859.97592000
2026-06-17T10:00:00+00:00,1781690400000,64909.44000000,64993.97000000,64768.00000000,64798.00000000,597.73840000
2026-06-17T11:00:00+00:00,1781694000000,64798.00000000,64868.21000000,64565.00000000,64810.01000000,641.24645000
2026-06-17T12:00:00+00:00,1781697600000,64810.01000000,65108.00000000,64590.53000000,65040.88000000,557.73466000
2026-06-17T13:00:00+00:00,1781701200000,65040.88000000,65369.53000000,64850.00000000,65278.00000000,961.56723000
2026-06-17T14:00:00+00:00,1781704800000,65278.00000000,65461.38000000,64772.72000000,65101.45000000,799.61288000
2026-06-17T15:00:00+00:00,1781708400000,65101.45000000,65855.66000000,64987.74000000,65752.00000000,1172.17515000
2026-06-17T16:00:00+00:00,1781712000000,65751.99000000,66445.93000000,65722.00000000,65864.12000000,1421.90632000
2026-06-17T17:00:00+00:00,1781715600000,65864.13000000,66191.98000000,65800.00000000,66104.08000000,377.59846000
2026-06-17T18:00:00+00:00,1781719200000,66107.99000000,66107.99000000,64800.00000000,65516.00000000,2242.57142000
2026-06-17T19:00:00+00:00,1781722800000,65516.00000000,65666.00000000,63998.35000000,64301.85000000,2173.56430000
2026-06-17T20:00:00+00:00,1781726400000,64301.85000000,64488.96000000,64181.33000000,64434.36000000,504.85432000
2026-06-17T21:00:00+00:00,1781730000000,64434.36000000,64452.00000000,64142.00000000,64257.77000000,458.08471000
2026-06-17T22:00:00+00:00,1781733600000,64257.77000000,64434.84000000,63915.77000000,64300.01000000,492.23769000
2026-06-17T23:00:00+00:00,1781737200000,64300.01000000,64529.20000000,64248.00000000,64509.40000000,289.82054000
2026-06-18T00:00:00+00:00,1781740800000,64509.40000000,64702.00000000,64457.67000000,64468.01000000,396.79150000
2026-06-18T01:00:00+00:00,1781744400000,64468.01000000,64806.00000000,64466.30000000,64548.74000000,382.95414000
2026-06-18T02:00:00+00:00,1781748000000,64548.75000000,64776.66000000,64488.00000000,64689.50000000,323.93999000
2026-06-18T03:00:00+00:00,1781751600000,64689.50000000,64689.50000000,64267.86000000,64282.82000000,548.57792000
2026-06-18T04:00:00+00:00,1781755200000,64282.82000000,64347.09000000,63826.93000000,63883.41000000,831.20199000
2026-06-18T05:00:00+00:00,1781758800000,63883.26000000,64020.00000000,63696.29000000,63994.00000000,597.91477000
2026-06-18T06:00:00+00:00,1781762400000,63994.00000000,64134.33000000,63850.00000000,64083.41000000,767.55142000
2026-06-18T07:00:00+00:00,1781766000000,64084.00000000,64510.50000000,64015.42000000,64510.44000000,524.85633000
2026-06-18T08:00:00+00:00,1781769600000,64510.45000000,64646.75000000,64378.25000000,64399.92000000,714.20438000
2026-06-18T09:00:00+00:00,1781773200000,64399.93000000,64478.00000000,64196.14000000,64199.53000000,300.31875000
2026-06-18T10:00:00+00:00,1781776800000,64199.53000000,64223.79000000,63910.00000000,64078.61000000,445.57306000
2026-06-18T11:00:00+00:00,1781780400000,64078.61000000,64196.00000000,63878.14000000,63974.40000000,378.00473000
2026-06-18T12:00:00+00:00,1781784000000,63974.40000000,64402.01000000,63922.00000000,64378.07000000,417.60478000
2026-06-18T13:00:00+00:00,1781787600000,64378.06000000,64445.19000000,63800.00000000,63984.00000000,984.80789000
2026-06-18T14:00:00+00:00,1781791200000,63983.99000000,64203.66000000,63587.30000000,63816.61000000,998.41474000
2026-06-18T15:00:00+00:00,1781794800000,63816.61000000,63825.99000000,62293.76000000,62369.44000000,2793.66043000
2026-06-18T16:00:00+00:00,1781798400000,62369.43000000,62814.00000000,62349.42000000,62688.00000000,1271.71361000
2026-06-18T17:00:00+00:00,1781802000000,62688.00000000,62750.00000000,62272.07000000,62606.00000000,1003.68212000
2026-06-18T18:00:00+00:00,1781805600000,62606.00000000,62959.75000000,62580.01000000,62708.92000000,727.06223000
2026-06-18T19:00:00+00:00,1781809200000,62708.93000000,63008.33000000,62636.00000000,62950.79000000,577.63764000
2026-06-18T20:00:00+00:00,1781812800000,62950.79000000,63274.19000000,62950.79000000,63086.00000000,684.93429000
2026-06-18T21:00:00+00:00,1781816400000,63086.00000000,63121.81000000,62870.39000000,62971.32000000,466.34172000
2026-06-18T22:00:00+00:00,1781820000000,62971.32000000,62990.00000000,62742.00000000,62885.85000000,290.36064000
2026-06-18T23:00:00+00:00,1781823600000,62885.84000000,62985.12000000,62756.60000000,62958.01000000,507.48754000
2026-06-19T00:00:00+00:00,1781827200000,62958.01000000,63086.00000000,62840.00000000,63020.00000000,786.22825000
2026-06-19T01:00:00+00:00,1781830800000,63020.00000000,63100.00000000,62852.01000000,63021.86000000,542.43308000
2026-06-19T02:00:00+00:00,1781834400000,63021.86000000,63110.29000000,62893.71000000,63006.00000000,304.81800000
2026-06-19T03:00:00+00:00,1781838000000,63006.01000000,63029.64000000,62386.90000000,62773.51000000,835.44020000
2026-06-19T04:00:00+00:00,1781841600000,62773.52000000,62916.66000000,62409.55000000,62452.01000000,390.96231000
2026-06-19T05:00:00+00:00,1781845200000,62452.01000000,62744.92000000,62452.00000000,62739.20000000,361.83315000
2026-06-19T06:00:00+00:00,1781848800000,62739.20000000,62914.73000000,62728.00000000,62894.08000000,252.94439000
2026-06-19T07:00:00+00:00,1781852400000,62894.09000000,62917.32000000,62504.27000000,62629.99000000,636.21109000
2026-06-19T08:00:00+00:00,1781856000000,62630.00000000,62782.00000000,62533.33000000,62603.99000000,431.84041000
2026-06-19T09:00:00+00:00,1781859600000,62604.00000000,62654.00000000,62316.44000000,62390.00000000,921.67320000
2026-06-19T10:00:00+00:00,1781863200000,62390.01000000,62587.27000000,62383.76000000,62533.25000000,761.99981000
2026-06-19T11:00:00+00:00,1781866800000,62533.24000000,62684.00000000,62452.52000000,62626.00000000,1001.15104000
2026-06-19T12:00:00+00:00,1781870400000,62626.00000000,62872.99000000,62353.00000000,62830.01000000,630.52118000
2026-06-19T13:00:00+00:00,1781874000000,62830.01000000,63415.00000000,62666.00000000,63210.00000000,1078.35943000
2026-06-19T14:00:00+00:00,1781877600000,63210.00000000,63419.27000000,63010.00000000,63203.53000000,665.42698000
2026-06-19T15:00:00+00:00,1781881200000,63203.54000000,63283.86000000,63019.26000000,63214.01000000,527.20600000
2026-06-19T16:00:00+00:00,1781884800000,63214.01000000,63387.80000000,62918.98000000,62971.99000000,1021.41110000
2026-06-19T17:00:00+00:00,1781888400000,62972.00000000,63263.49000000,62866.99000000,63198.01000000,840.75861000
2026-06-19T18:00:00+00:00,1781892000000,63198.00000000,63201.95000000,62991.37000000,63110.01000000,341.96414000
2026-06-19T19:00:00+00:00,1781895600000,63110.01000000,63140.00000000,62942.00000000,63021.60000000,283.46164000
2026-06-19T20:00:00+00:00,1781899200000,63021.60000000,63274.00000000,62958.59000000,63250.01000000,217.92541000
2026-06-19T21:00:00+00:00,1781902800000,63250.01000000,63275.64000000,63060.00000000,63075.98000000,181.69443000
2026-06-19T22:00:00+00:00,1781906400000,63075.99000000,63369.48000000,63048.00000000,63315.28000000,541.93138000
2026-06-19T23:00:00+00:00,1781910000000,63315.29000000,63666.00000000,63276.00000000,63543.91000000,689.22877000
2026-06-20T00:00:00+00:00,1781913600000,63543.90000000,63777.00000000,63470.00000000,63530.01000000,640.14667000
2026-06-20T01:00:00+00:00,1781917200000,63530.01000000,63616.23000000,63404.00000000,63586.28000000,348.64849000
2026-06-20T02:00:00+00:00,1781920800000,63586.27000000,63586.27000000,63336.01000000,63340.57000000,358.87789000
2026-06-20T03:00:00+00:00,1781924400000,63340.58000000,63510.00000000,63320.14000000,63476.79000000,268.88477000
2026-06-20T04:00:00+00:00,1781928000000,63476.79000000,63613.59000000,63402.00000000,63583.53000000,228.62975000
2026-06-20T05:00:00+00:00,1781931600000,63583.53000000,63907.07000000,63543.46000000,63678.07000000,477.24749000
2026-06-20T06:00:00+00:00,1781935200000,63678.07000000,63761.99000000,63640.36000000,63744.61000000,191.88822000
2026-06-20T07:00:00+00:00,1781938800000,63744.61000000,63800.00000000,63594.37000000,63655.21000000,448.48290000
2026-06-20T08:00:00+00:00,1781942400000,63655.21000000,63664.39000000,63392.41000000,63417.97000000,547.04803000
2026-06-20T09:00:00+00:00,1781946000000,63417.98000000,63787.74000000,63417.98000000,63741.16000000,349.02093000
2026-06-20T10:00:00+00:00,1781949600000,63741.16000000,63777.50000000,63592.44000000,63674.70000000,270.16920000
2026-06-20T11:00:00+00:00,1781953200000,63674.71000000,63798.76000000,63620.74000000,63688.00000000,315.13807000
2026-06-20T12:00:00+00:00,1781956800000,63688.00000000,63785.76000000,63537.99000000,63655.09000000,292.10361000
2026-06-20T13:00:00+00:00,1781960400000,63655.10000000,63655.10000000,63278.00000000,63397.78000000,412.69589000
2026-06-20T14:00:00+00:00,1781964000000,63397.77000000,64150.00000000,63184.21000000,63949.90000000,1101.98952000
2026-06-20T15:00:00+00:00,1781967600000,63949.90000000,64388.00000000,63836.00000000,64160.04000000,916.57166000
2026-06-20T16:00:00+00:00,1781971200000,64160.04000000,64167.26000000,63902.58000000,64034.31000000,403.42996000
2026-06-20T17:00:00+00:00,1781974800000,64034.31000000,64041.07000000,63730.21000000,63834.70000000,482.18112000
2026-06-20T18:00:00+00:00,1781978400000,63834.70000000,63928.40000000,63788.00000000,63805.89000000,119.99479000
2026-06-20T19:00:00+00:00,1781982000000,63805.90000000,63968.00000000,63798.00000000,63936.00000000,173.41555000
2026-06-20T20:00:00+00:00,1781985600000,63935.99000000,63981.09000000,63853.31000000,63925.99000000,210.00109000
2026-06-20T21:00:00+00:00,1781989200000,63926.00000000,64092.91000000,63918.29000000,64012.40000000,272.00511000
2026-06-20T22:00:00+00:00,1781992800000,64012.39000000,64350.00000000,63978.12000000,64272.01000000,446.43904000
2026-06-20T23:00:00+00:00,1781996400000,64272.00000000,64336.91000000,64250.02000000,64298.01000000,247.09349000
2026-06-21T00:00:00+00:00,1782000000000,64298.01000000,64322.91000000,64237.31000000,64294.00000000,425.19081000
2026-06-21T01:00:00+00:00,1782003600000,64294.00000000,64323.68000000,64206.17000000,64248.00000000,486.06931000
2026-06-21T02:00:00+00:00,1782007200000,64248.00000000,64275.12000000,64216.05000000,64241.25000000,230.06330000
2026-06-21T03:00:00+00:00,1782010800000,64241.26000000,64472.99000000,64234.00000000,64426.00000000,409.22163000
2026-06-21T04:00:00+00:00,1782014400000,64426.00000000,64588.00000000,64269.45000000,64276.12000000,379.39058000
2026-06-21T05:00:00+00:00,1782018000000,64276.12000000,64365.43000000,64225.60000000,64256.55000000,166.55047000
2026-06-21T06:00:00+00:00,1782021600000,64256.56000000,64323.99000000,64200.00000000,64303.46000000,142.55901000
2026-06-21T07:00:00+00:00,1782025200000,64303.47000000,64303.47000000,64173.08000000,64191.07000000,302.97907000
2026-06-21T08:00:00+00:00,1782028800000,64191.06000000,64228.00000000,63900.17000000,64014.00000000,328.07237000
2026-06-21T09:00:00+00:00,1782032400000,64014.00000000,64246.00000000,63961.28000000,64209.16000000,221.03822000
2026-06-21T10:00:00+00:00,1782036000000,64209.16000000,64408.00000000,64204.00000000,64365.99000000,286.23088000
2026-06-21T11:00:00+00:00,1782039600000,64366.00000000,64483.95000000,64112.01000000,64176.00000000,438.27788000
2026-06-21T12:00:00+00:00,1782043200000,64176.00000000,64235.13000000,63952.00000000,64200.00000000,359.32606000
2026-06-21T13:00:00+00:00,1782046800000,64200.00000000,64200.00000000,64020.01000000,64146.00000000,161.65202000
2026-06-21T14:00:00+00:00,1782050400000,64146.00000000,64154.00000000,64004.00000000,64145.97000000,189.32902000
2026-06-21T15:00:00+00:00,1782054000000,64145.97000000,64355.88000000,64120.00000000,64224.00000000,390.79222000
2026-06-21T16:00:00+00:00,1782057600000,64224.00000000,64254.38000000,64046.00000000,64145.31000000,236.79134000
2026-06-21T17:00:00+00:00,1782061200000,64145.32000000,64221.44000000,64080.00000000,64151.46000000,205.04149000
2026-06-21T18:00:00+00:00,1782064800000,64151.47000000,64240.00000000,63933.47000000,64213.81000000,270.92869000
2026-06-21T19:00:00+00:00,1782068400000,64213.82000000,64298.84000000,64168.73000000,64207.12000000,189.28721000
2026-06-21T20:00:00+00:00,1782072000000,64207.13000000,64271.21000000,63700.00000000,63848.00000000,420.72845000
2026-06-21T21:00:00+00:00,1782075600000,63848.00000000,63969.59000000,63510.00000000,63808.01000000,752.88497000
2026-06-21T22:00:00+00:00,1782079200000,63808.00000000,63864.00000000,63575.04000000,63801.59000000,437.50041000
2026-06-21T23:00:00+00:00,1782082800000,63801.60000000,63801.60000000,63270.00000000,63311.99000000,604.75792000
2026-06-22T00:00:00+00:00,1782086400000,63312.00000000,64094.00000000,63312.00000000,63896.01000000,709.82748000
2026-06-22T01:00:00+00:00,1782090000000,63896.00000000,64823.52000000,63850.80000000,64606.00000000,1331.90666000
2026-06-22T02:00:00+00:00,1782093600000,64606.00000000,64663.99000000,64250.00000000,64257.99000000,370.38632000
2026-06-22T03:00:00+00:00,1782097200000,64258.00000000,64459.44000000,63894.98000000,63974.01000000,796.48727000
2026-06-22T04:00:00+00:00,1782100800000,63974.01000000,64116.44000000,63868.41000000,64100.02000000,327.45142000
2026-06-22T05:00:00+00:00,1782104400000,64100.01000000,64344.17000000,64088.64000000,64247.74000000,1091.63692000
2026-06-22T06:00:00+00:00,1782108000000,64247.74000000,64326.00000000,63946.00000000,63989.95000000,416.90070000
2026-06-22T07:00:00+00:00,1782111600000,63989.96000000,64397.57000000,63968.23000000,64211.19000000,352.41080000
2026-06-22T08:00:00+00:00,1782115200000,64211.20000000,64350.58000000,64044.00000000,64165.99000000,368.11506000
2026-06-22T09:00:00+00:00,1782118800000,64166.00000000,64256.20000000,64052.17000000,64145.39000000,200.06309000
2026-06-22T10:00:00+00:00,1782122400000,64145.40000000,64272.00000000,64065.18000000,64139.21000000,240.08620000
2026-06-22T11:00:00+00:00,1782126000000,64139.21000000,64768.46000000,64097.08000000,64657.22000000,1063.60877000
2026-06-22T12:00:00+00:00,1782129600000,64657.22000000,65222.45000000,64579.08000000,65149.57000000,1156.05989000
2026-06-22T13:00:00+00:00,1782133200000,65149.58000000,65589.76000000,64945.53000000,65578.00000000,1368.64481000
2026-06-22T14:00:00+00:00,1782136800000,65577.99000000,65622.83000000,64835.00000000,64980.39000000,1096.28772000
2026-06-22T15:00:00+00:00,1782140400000,64980.39000000,65146.00000000,64757.11000000,64836.95000000,593.12998000
2026-06-22T16:00:00+00:00,1782144000000,64836.95000000,64862.00000000,64519.00000000,64719.77000000,680.43904000
2026-06-22T17:00:00+00:00,1782147600000,64719.77000000,64769.98000000,64388.16000000,64602.00000000,523.74444000
2026-06-22T18:00:00+00:00,1782151200000,64602.00000000,64730.15000000,64311.00000000,64334.01000000,548.78709000
2026-06-22T19:00:00+00:00,1782154800000,64334.01000000,64499.28000000,64276.00000000,64472.00000000,579.92511000
2026-06-22T20:00:00+00:00,1782158400000,64472.51000000,64659.43000000,64356.95000000,64433.80000000,399.51938000
2026-06-22T21:00:00+00:00,1782162000000,64433.80000000,64480.00000000,64134.39000000,64320.57000000,263.43420000
2026-06-22T22:00:00+00:00,1782165600000,64320.57000000,64396.45000000,63804.59000000,63971.12000000,510.07647000
2026-06-22T23:00:00+00:00,1782169200000,63971.13000000,64053.33000000,63877.61000000,64020.01000000,434.17969000
2026-06-23T00:00:00+00:00,1782172800000,64020.01000000,64162.02000000,63828.93000000,64154.99000000,679.20038000
2026-06-23T01:00:00+00:00,1782176400000,64154.99000000,64273.09000000,63893.33000000,64156.00000000,540.18098000
2026-06-23T02:00:00+00:00,1782180000000,64156.00000000,64275.38000000,64042.01000000,64204.01000000,319.75420000
2026-06-23T03:00:00+00:00,1782183600000,64204.01000000,64204.01000000,63968.42000000,64065.35000000,236.76285000
2026-06-23T04:00:00+00:00,1782187200000,64065.34000000,64095.55000000,63612.62000000,63623.02000000,408.12990000
2026-06-23T05:00:00+00:00,1782190800000,63623.03000000,63728.00000000,63342.34000000,63400.00000000,850.99416000
2026-06-23T06:00:00+00:00,1782194400000,63400.00000000,63400.00000000,62568.90000000,62936.01000000,1620.65692000
2026-06-23T07:00:00+00:00,1782198000000,62936.01000000,63095.00000000,62872.00000000,62886.03000000,1074.96381000
2026-06-23T08:00:00+00:00,1782201600000,62886.04000000,62945.08000000,61938.00000000,62385.99000000,4988.90507000
2026-06-23T09:00:00+00:00,1782205200000,62386.00000000,62528.13000000,62350.44000000,62386.00000000,613.23414000
2026-06-23T10:00:00+00:00,1782208800000,62386.00000000,62586.00000000,62247.20000000,62328.01000000,387.47153000
2026-06-23T11:00:00+00:00,1782212400000,62328.01000000,62643.99000000,62328.00000000,62507.06000000,456.80185000
2026-06-23T12:00:00+00:00,1782216000000,62507.05000000,62558.00000000,62189.42000000,62256.60000000,873.94501000
2026-06-23T13:00:00+00:00,1782219600000,62256.61000000,62538.72000000,61960.00000000,62475.99000000,1294.09387000
2026-06-23T14:00:00+00:00,1782223200000,62476.00000000,62855.98000000,62406.25000000,62493.63000000,1302.27666000
2026-06-23T15:00:00+00:00,1782226800000,62493.63000000,62507.99000000,62198.00000000,62487.79000000,630.16435000
2026-06-23T16:00:00+00:00,1782230400000,62487.79000000,62846.00000000,62428.01000000,62558.00000000,728.22737000
2026-06-23T17:00:00+00:00,1782234000000,62558.00000000,62693.48000000,62327.95000000,62358.02000000,533.28034000
2026-06-23T18:00:00+00:00,1782237600000,62358.03000000,62445.21000000,62104.70000000,62241.99000000,492.79838000
2026-06-23T19:00:00+00:00,1782241200000,62242.00000000,62480.00000000,62230.00000000,62388.49000000,707.45732000
2026-06-23T20:00:00+00:00,1782244800000,62388.49000000,62531.27000000,62380.25000000,62470.70000000,373.02429000
2026-06-23T21:00:00+00:00,1782248400000,62470.70000000,62658.93000000,62470.70000000,62599.77000000,367.76027000
2026-06-23T22:00:00+00:00,1782252000000,62599.77000000,62779.82000000,62526.00000000,62590.00000000,430.92568000
2026-06-23T23:00:00+00:00,1782255600000,62590.00000000,62799.99000000,62480.39000000,62734.57000000,311.98359000
2026-06-24T00:00:00+00:00,1782259200000,62734.57000000,63024.40000000,62733.29000000,63014.00000000,799.18478000
2026-06-24T01:00:00+00:00,1782262800000,63014.00000000,63119.45000000,62772.15000000,62932.19000000,599.06927000
2026-06-24T02:00:00+00:00,1782266400000,62932.19000000,63013.12000000,62606.09000000,62630.00000000,593.50541000
2026-06-24T03:00:00+00:00,1782270000000,62630.01000000,62830.00000000,62461.87000000,62729.78000000,770.64134000
2026-06-24T04:00:00+00:00,1782273600000,62729.78000000,62799.62000000,62525.49000000,62744.42000000,650.06924000
2026-06-24T05:00:00+00:00,1782277200000,62744.41000000,63073.44000000,62706.00000000,62890.00000000,366.02730000
2026-06-24T06:00:00+00:00,1782280800000,62889.99000000,62909.98000000,62728.73000000,62780.00000000,219.51090000
2026-06-24T07:00:00+00:00,1782284400000,62780.01000000,62844.00000000,62610.11000000,62657.99000000,589.75592000
2026-06-24T08:00:00+00:00,1782288000000,62658.00000000,62807.46000000,62605.28000000,62800.00000000,475.30761000
2026-06-24T09:00:00+00:00,1782291600000,62800.00000000,62800.01000000,62637.08000000,62681.70000000,493.71643000
2026-06-24T10:00:00+00:00,1782295200000,62681.70000000,62681.70000000,62412.05000000,62445.99000000,530.71886000
2026-06-24T11:00:00+00:00,1782298800000,62445.99000000,63239.06000000,62318.88000000,62921.19000000,815.18681000
2026-06-24T12:00:00+00:00,1782302400000,62921.19000000,62973.20000000,62585.20000000,62618.31000000,517.25346000
2026-06-24T13:00:00+00:00,1782306000000,62618.31000000,62628.75000000,61255.74000000,61338.01000000,2775.24015000
2026-06-24T14:00:00+00:00,1782309600000,61338.00000000,61456.00000000,60888.00000000,61113.10000000,2839.40106000
2026-06-24T15:00:00+00:00,1782313200000,61113.10000000,61150.13000000,60249.82000000,60250.00000000,3237.99155000
2026-06-24T16:00:00+00:00,1782316800000,60250.00000000,60678.10000000,59622.00000000,59850.00000000,4274.39737000
2026-06-24T17:00:00+00:00,1782320400000,59850.00000000,60057.18000000,59102.70000000,59404.00000000,3790.18060000
2026-06-24T18:00:00+00:00,1782324000000,59404.00000000,59930.00000000,59310.85000000,59599.99000000,1583.51728000
2026-06-24T19:00:00+00:00,1782327600000,59600.00000000,60000.00000000,59530.00000000,59958.30000000,1195.52715000
2026-06-24T20:00:00+00:00,1782331200000,59958.30000000,61208.48000000,59854.00000000,60956.00000000,1821.39287000
2026-06-24T21:00:00+00:00,1782334800000,60956.00000000,61144.63000000,60665.75000000,61110.00000000,801.00882000
2026-06-24T22:00:00+00:00,1782338400000,61109.99000000,61276.00000000,60802.66000000,60873.99000000,523.65642000
2026-06-24T23:00:00+00:00,1782342000000,60874.00000000,61112.00000000,60830.01000000,61077.99000000,416.02483000
2026-06-25T00:00:00+00:00,1782345600000,61078.00000000,61163.16000000,60726.77000000,60832.00000000,766.62145000
2026-06-25T01:00:00+00:00,1782349200000,60832.00000000,60988.00000000,60720.23000000,60928.00000000,615.84376000
2026-06-25T02:00:00+00:00,1782352800000,60928.00000000,60966.00000000,60700.01000000,60799.08000000,580.03112000
2026-06-25T03:00:00+00:00,1782356400000,60799.08000000,60910.63000000,60684.94000000,60883.65000000,479.47033000
2026-06-25T04:00:00+00:00,1782360000000,60883.66000000,61410.00000000,60792.00000000,61357.63000000,536.03927000
2026-06-25T05:00:00+00:00,1782363600000,61357.63000000,61807.04000000,61280.00000000,61600.01000000,1223.40590000
2026-06-25T06:00:00+00:00,1782367200000,61600.02000000,61869.02000000,61600.01000000,61732.06000000,539.28770000
2026-06-25T07:00:00+00:00,1782370800000,61732.06000000,61962.40000000,61670.00000000,61911.04000000,937.71339000
2026-06-25T08:00:00+00:00,1782374400000,61911.03000000,61920.00000000,61684.87000000,61712.35000000,337.43778000
2026-06-25T09:00:00+00:00,1782378000000,61712.36000000,61792.00000000,61614.32000000,61739.29000000,327.48572000
2026-06-25T10:00:00+00:00,1782381600000,61739.29000000,61751.07000000,61257.79000000,61269.94000000,686.26895000
2026-06-25T11:00:00+00:00,1782385200000,61269.95000000,61422.52000000,61066.00000000,61282.01000000,605.95603000
2026-06-25T12:00:00+00:00,1782388800000,61282.00000000,61761.35000000,61080.00000000,61244.01000000,1124.99959000
2026-06-25T13:00:00+00:00,1782392400000,61244.01000000,61369.18000000,58115.01000000,58290.17000000,6396.00513000
2026-06-25T14:00:00+00:00,1782396000000,58291.70000000,60485.51000000,58291.70000000,59471.50000000,6002.27451000
2026-06-25T15:00:00+00:00,1782399600000,59471.49000000,59655.86000000,58874.85000000,59557.99000000,2456.01373000
2026-06-25T16:00:00+00:00,1782403200000,59557.99000000,60067.00000000,59157.63000000,59312.64000000,1765.10919000
2026-06-25T17:00:00+00:00,1782406800000,59312.64000000,59740.90000000,59139.96000000,59676.01000000,1062.87634000
2026-06-25T18:00:00+00:00,1782410400000,59676.00000000,59793.34000000,59364.00000000,59512.71000000,978.75101000
2026-06-25T19:00:00+00:00,1782414000000,59512.71000000,59516.00000000,59168.82000000,59320.00000000,917.28893000
2026-06-25T20:00:00+00:00,1782417600000,59319.99000000,59741.95000000,59319.99000000,59456.62000000,539.40098000
2026-06-25T21:00:00+00:00,1782421200000,59456.62000000,60273.81000000,59452.01000000,60211.87000000,617.22274000
2026-06-25T22:00:00+00:00,1782424800000,60211.86000000,60211.86000000,59740.00000000,59851.27000000,431.60976000
2026-06-25T23:00:00+00:00,1782428400000,59851.27000000,60191.55000000,59739.99000000,59794.00000000,458.89363000
2026-06-26T00:00:00+00:00,1782432000000,59794.64000000,59906.71000000,59642.77000000,59667.09000000,875.61527000
2026-06-26T01:00:00+00:00,1782435600000,59667.09000000,59789.07000000,59228.00000000,59431.50000000,833.71293000
2026-06-26T02:00:00+00:00,1782439200000,59431.49000000,59456.00000000,58358.77000000,58561.99000000,2633.68350000
2026-06-26T03:00:00+00:00,1782442800000,58562.00000000,60131.37000000,58337.00000000,60036.01000000,1886.07235000
2026-06-26T04:00:00+00:00,1782446400000,60036.00000000,60238.77000000,59836.17000000,59920.47000000,843.97840000
2026-06-26T05:00:00+00:00,1782450000000,59920.47000000,60047.68000000,59736.00000000,59953.30000000,883.13649000
2026-06-26T06:00:00+00:00,1782453600000,59953.30000000,60459.55000000,59702.00000000,60324.00000000,1504.97927000
2026-06-26T07:00:00+00:00,1782457200000,60324.00000000,60759.99000000,60283.08000000,60532.00000000,2153.07079000
2026-06-26T08:00:00+00:00,1782460800000,60532.00000000,60580.00000000,60150.56000000,60245.67000000,803.85464000
2026-06-26T09:00:00+00:00,1782464400000,60245.90000000,60259.37000000,59583.33000000,59736.01000000,832.22202000
2026-06-26T10:00:00+00:00,1782468000000,59736.01000000,59858.93000000,59239.78000000,59313.26000000,1050.97441000
2026-06-26T11:00:00+00:00,1782471600000,59313.26000000,59588.00000000,59259.78000000,59413.24000000,1048.33290000
2026-06-26T12:00:00+00:00,1782475200000,59413.24000000,60007.91000000,58969.90000000,59185.02000000,1710.35381000
2026-06-26T13:00:00+00:00,1782478800000,59185.02000000,60216.14000000,58500.10000000,60175.43000000,2730.33879000
2026-06-26T14:00:00+00:00,1782482400000,60175.42000000,60294.00000000,59390.00000000,59590.73000000,1745.27867000
2026-06-26T15:00:00+00:00,1782486000000,59590.73000000,60500.00000000,59584.01000000,60328.32000000,1582.87088000
2026-06-26T16:00:00+00:00,1782489600000,60328.18000000,60583.00000000,59970.00000000,60041.75000000,1128.46917000
2026-06-26T17:00:00+00:00,1782493200000,60041.76000000,60287.90000000,59952.00000000,60023.97000000,546.63522000
2026-06-26T18:00:00+00:00,1782496800000,60023.96000000,60158.00000000,59556.00000000,59668.01000000,504.21141000
2026-06-26T19:00:00+00:00,1782500400000,59668.01000000,60098.00000000,59617.37000000,59751.97000000,708.47753000
2026-06-26T20:00:00+00:00,1782504000000,59751.96000000,59994.00000000,59571.31000000,59718.00000000,454.05927000
2026-06-26T21:00:00+00:00,1782507600000,59717.99000000,60050.00000000,59678.00000000,59918.70000000,287.90036000
2026-06-26T22:00:00+00:00,1782511200000,59918.70000000,60080.00000000,59754.00000000,60048.00000000,335.92054000
2026-06-26T23:00:00+00:00,1782514800000,60048.00000000,60117.64000000,59923.27000000,60097.27000000,319.40861000
2026-06-27T00:00:00+00:00,1782518400000,60097.27000000,60197.00000000,59876.22000000,60059.07000000,360.77885000
2026-06-27T01:00:00+00:00,1782522000000,60059.09000000,60068.00000000,59936.07000000,59945.53000000,245.35114000
2026-06-27T02:00:00+00:00,1782525600000,59945.53000000,60378.23000000,59921.68000000,60290.01000000,695.38686000
2026-06-27T03:00:00+00:00,1782529200000,60290.01000000,60412.00000000,60159.91000000,60305.73000000,438.61125000
2026-06-27T04:00:00+00:00,1782532800000,60305.73000000,60482.00000000,60217.26000000,60239.99000000,303.30454000
2026-06-27T05:00:00+00:00,1782536400000,60240.00000000,60311.00000000,60136.00000000,60236.76000000,444.91930000
2026-06-27T06:00:00+00:00,1782540000000,60236.75000000,60500.00000000,60093.33000000,60370.62000000,581.81791000
2026-06-27T07:00:00+00:00,1782543600000,60370.63000000,60574.00000000,60300.00000000,60548.07000000,825.68653000
2026-06-27T08:00:00+00:00,1782547200000,60548.06000000,60548.74000000,60371.62000000,60456.00000000,470.55782000
2026-06-27T09:00:00+00:00,1782550800000,60456.00000000,60511.99000000,60289.55000000,60414.62000000,307.96541000
2026-06-27T10:00:00+00:00,1782554400000,60414.62000000,60487.31000000,60380.00000000,60420.28000000,137.85110000
2026-06-27T11:00:00+00:00,1782558000000,60420.28000000,60447.80000000,60198.94000000,60363.65000000,275.39332000
2026-06-27T12:00:00+00:00,1782561600000,60363.65000000,60430.01000000,60257.03000000,60430.00000000,349.04570000
2026-06-27T13:00:00+00:00,1782565200000,60430.00000000,60665.74000000,60394.00000000,60588.35000000,434.13389000
2026-06-27T14:00:00+00:00,1782568800000,60588.35000000,60728.00000000,60510.00000000,60611.50000000,306.64293000
2026-06-27T15:00:00+00:00,1782572400000,60611.49000000,60941.17000000,60570.00000000,60840.06000000,606.25294000
2026-06-27T16:00:00+00:00,1782576000000,60840.06000000,60855.03000000,60673.64000000,60807.99000000,239.69380000
2026-06-27T17:00:00+00:00,1782579600000,60808.00000000,60818.76000000,60413.15000000,60524.88000000,548.67896000
2026-06-27T18:00:00+00:00,1782583200000,60524.89000000,60576.03000000,60446.25000000,60570.86000000,229.00634000
2026-06-27T19:00:00+00:00,1782586800000,60570.86000000,60605.41000000,60085.88000000,60175.95000000,414.61342000
2026-06-27T20:00:00+00:00,1782590400000,60175.95000000,60306.00000000,60173.07000000,60300.00000000,220.12001000
2026-06-27T21:00:00+00:00,1782594000000,60300.00000000,60482.18000000,60142.00000000,60203.82000000,280.50282000
2026-06-27T22:00:00+00:00,1782597600000,60203.83000000,60256.56000000,59855.16000000,60228.95000000,377.17485000
2026-06-27T23:00:00+00:00,1782601200000,60228.96000000,60320.00000000,59952.00000000,60029.00000000,493.73947000
2026-06-28T00:00:00+00:00,1782604800000,60029.01000000,60190.00000000,60018.00000000,60146.00000000,462.24707000
2026-06-28T01:00:00+00:00,1782608400000,60146.00000000,60273.38000000,59986.00000000,60222.22000000,267.56528000
2026-06-28T02:00:00+00:00,1782612000000,60222.21000000,60339.99000000,60054.00000000,60150.45000000,403.64282000
2026-06-28T03:00:00+00:00,1782615600000,60150.46000000,60275.00000000,60150.45000000,60197.04000000,255.71231000
2026-06-28T04:00:00+00:00,1782619200000,60197.03000000,60231.83000000,60088.04000000,60133.00000000,191.50597000
2026-06-28T05:00:00+00:00,1782622800000,60133.01000000,60140.00000000,59753.48000000,59989.17000000,345.08439000
2026-06-28T06:00:00+00:00,1782626400000,59989.18000000,60030.00000000,59808.00000000,60002.82000000,217.95005000
2026-06-28T07:00:00+00:00,1782630000000,60002.82000000,60259.68000000,60000.00000000,60219.99000000,361.83587000
2026-06-28T08:00:00+00:00,1782633600000,60220.00000000,60545.01000000,60140.14000000,60370.00000000,491.60840000
2026-06-28T09:00:00+00:00,1782637200000,60370.01000000,60462.00000000,60250.81000000,60258.84000000,222.40620000
2026-06-28T10:00:00+00:00,1782640800000,60258.85000000,60292.48000000,60068.00000000,60166.71000000,181.18756000
2026-06-28T11:00:00+00:00,1782644400000,60166.71000000,60374.05000000,60100.00000000,60342.00000000,225.05378000
2026-06-28T12:00:00+00:00,1782648000000,60341.99000000,60457.02000000,60190.00000000,60293.51000000,212.93540000
2026-06-28T13:00:00+00:00,1782651600000,60293.50000000,60293.51000000,59963.86000000,60071.88000000,369.88204000
2026-06-28T14:00:00+00:00,1782655200000,60071.89000000,60250.00000000,60018.00000000,60033.00000000,318.13606000
2026-06-28T15:00:00+00:00,1782658800000,60033.01000000,60130.00000000,59817.28000000,59890.00000000,467.03244000
2026-06-28T16:00:00+00:00,1782662400000,59890.35000000,59943.90000000,59582.34000000,59690.62000000,567.70369000
2026-06-28T17:00:00+00:00,1782666000000,59690.62000000,59848.00000000,59403.77000000,59586.01000000,519.06441000
2026-06-28T18:00:00+00:00,1782669600000,59586.00000000,59700.00000000,59502.00000000,59614.46000000,272.01169000
2026-06-28T19:00:00+00:00,1782673200000,59614.46000000,59682.00000000,59270.26000000,59481.79000000,301.99561000
2026-06-28T20:00:00+00:00,1782676800000,59481.78000000,59765.90000000,59474.28000000,59660.00000000,227.14803000
2026-06-28T21:00:00+00:00,1782680400000,59660.00000000,59796.66000000,59333.33000000,59445.95000000,531.65984000
2026-06-28T22:00:00+00:00,1782684000000,59445.96000000,59906.00000000,58905.00000000,59067.01000000,983.67622000
2026-06-28T23:00:00+00:00,1782687600000,59067.00000000,59848.00000000,59011.99000000,59577.01000000,510.09283000
2026-06-29T00:00:00+00:00,1782691200000,59577.01000000,59700.00000000,59000.01000000,59667.01000000,549.31747000
2026-06-29T01:00:00+00:00,1782694800000,59667.00000000,59697.00000000,59206.00000000,59440.95000000,647.05387000
2026-06-29T02:00:00+00:00,1782698400000,59440.95000000,59812.00000000,58900.01000000,59757.46000000,1223.86338000
2026-06-29T03:00:00+00:00,1782702000000,59757.47000000,60233.00000000,59757.47000000,60049.46000000,780.88525000
2026-06-29T04:00:00+00:00,1782705600000,60049.45000000,60053.99000000,59746.00000000,59830.00000000,361.46912000
2026-06-29T05:00:00+00:00,1782709200000,59830.01000000,60102.80000000,59392.02000000,60102.80000000,496.75535000
2026-06-29T06:00:00+00:00,1782712800000,60102.80000000,60346.27000000,60050.67000000,60075.49000000,683.16036000
2026-06-29T07:00:00+00:00,1782716400000,60075.50000000,60186.94000000,59936.00000000,60026.00000000,536.94262000
2026-06-29T08:00:00+00:00,1782720000000,60026.01000000,60093.99000000,59745.46000000,59840.00000000,550.67382000
2026-06-29T09:00:00+00:00,1782723600000,59840.01000000,60104.00000000,59778.76000000,60057.00000000,747.08903000
2026-06-29T10:00:00+00:00,1782727200000,60057.00000000,60311.95000000,60056.99000000,60088.00000000,441.90219000
2026-06-29T11:00:00+00:00,1782730800000,60088.00000000,60216.00000000,59796.00000000,59956.05000000,515.67042000
2026-06-29T12:00:00+00:00,1782734400000,59956.05000000,60780.57000000,59595.09000000,59948.78000000,2600.10754000
2026-06-29T13:00:00+00:00,1782738000000,59948.79000000,60340.00000000,59319.90000000,59580.00000000,2144.25430000
2026-06-29T14:00:00+00:00,1782741600000,59580.00000000,59699.99000000,59011.00000000,59469.67000000,1999.07246000
2026-06-29T15:00:00+00:00,1782745200000,59469.45000000,59960.00000000,59097.58000000,59824.01000000,1368.05680000
2026-06-29T16:00:00+00:00,1782748800000,59824.01000000,60030.00000000,59584.48000000,59892.86000000,663.03532000
2026-06-29T17:00:00+00:00,1782752400000,59892.87000000,60683.84000000,59892.00000000,60413.99000000,1795.75633000
2026-06-29T18:00:00+00:00,1782756000000,60413.99000000,60520.00000000,60193.87000000,60295.00000000,525.48841000
2026-06-29T19:00:00+00:00,1782759600000,60295.00000000,60557.50000000,60153.35000000,60433.49000000,501.01522000
2026-06-29T20:00:00+00:00,1782763200000,60433.50000000,60553.06000000,60295.32000000,60296.00000000,312.86249000
2026-06-29T21:00:00+00:00,1782766800000,60296.01000000,60585.99000000,60261.89000000,60479.72000000,294.76243000
2026-06-29T22:00:00+00:00,1782770400000,60479.71000000,60516.00000000,60350.00000000,60352.31000000,211.76202000
2026-06-29T23:00:00+00:00,1782774000000,60352.31000000,60379.23000000,60194.01000000,60260.21000000,252.18558000
2026-06-30T00:00:00+00:00,1782777600000,60260.20000000,60276.54000000,59700.00000000,59838.01000000,709.83194000
2026-06-30T01:00:00+00:00,1782781200000,59838.01000000,60048.98000000,59771.00000000,59939.94000000,341.19535000
2026-06-30T02:00:00+00:00,1782784800000,59939.94000000,60042.54000000,59755.00000000,59948.24000000,424.27619000
2026-06-30T03:00:00+00:00,1782788400000,59948.24000000,60031.75000000,59600.00000000,59627.48000000,381.85931000
2026-06-30T04:00:00+00:00,1782792000000,59627.47000000,59700.00000000,59433.36000000,59492.01000000,774.84820000
2026-06-30T05:00:00+00:00,1782795600000,59492.01000000,59656.89000000,59360.00000000,59652.13000000,807.92024000
2026-06-30T06:00:00+00:00,1782799200000,59652.13000000,59712.88000000,59513.72000000,59592.00000000,708.76994000
2026-06-30T07:00:00+00:00,1782802800000,59592.00000000,59632.00000000,59444.00000000,59524.01000000,762.40668000
2026-06-30T08:00:00+00:00,1782806400000,59524.01000000,59551.03000000,59189.00000000,59311.92000000,879.64073000
2026-06-30T09:00:00+00:00,1782810000000,59311.26000000,59420.00000000,59252.00000000,59374.96000000,442.65865000
2026-06-30T10:00:00+00:00,1782813600000,59374.96000000,59420.00000000,59286.36000000,59334.01000000,300.40182000
2026-06-30T11:00:00+00:00,1782817200000,59334.01000000,59413.27000000,59123.01000000,59192.70000000,466.77156000
2026-06-30T12:00:00+00:00,1782820800000,59192.71000000,59192.71000000,58403.51000000,58412.00000000,2043.39825000
2026-06-30T13:00:00+00:00,1782824400000,58411.99000000,58802.66000000,58228.33000000,58737.18000000,2504.50868000
2026-06-30T14:00:00+00:00,1782828000000,58737.17000000,59276.60000000,58433.00000000,58482.81000000,1779.99006000
2026-06-30T15:00:00+00:00,1782831600000,58482.81000000,58796.00000000,58201.00000000,58381.99000000,1563.15031000
2026-06-30T16:00:00+00:00,1782835200000,58382.00000000,58632.00000000,58241.79000000,58497.65000000,1178.89718000
2026-06-30T17:00:00+00:00,1782838800000,58497.65000000,58618.65000000,58310.72000000,58417.99000000,632.53618000
2026-06-30T18:00:00+00:00,1782842400000,58417.99000000,58699.98000000,58351.56000000,58680.87000000,605.07781000
2026-06-30T19:00:00+00:00,1782846000000,58680.86000000,58839.16000000,58586.01000000,58818.05000000,678.64150000
2026-06-30T20:00:00+00:00,1782849600000,58818.00000000,58874.99000000,58648.26000000,58732.01000000,428.82351000
2026-06-30T21:00:00+00:00,1782853200000,58732.00000000,58770.00000000,58509.99000000,58639.99000000,398.14222000
2026-06-30T22:00:00+00:00,1782856800000,58639.99000000,58806.91000000,58513.80000000,58607.99000000,274.43078000
2026-06-30T23:00:00+00:00,1782860400000,58607.99000000,58664.00000000,58555.00000000,58624.71000000,551.65078000
2026-07-01T00:00:00+00:00,1782864000000,58624.71000000,58750.68000000,58310.00000000,58576.00000000,670.64661000
2026-07-01T01:00:00+00:00,1782867600000,58575.99000000,59022.81000000,57800.19000000,58770.57000000,2987.12539000
2026-07-01T02:00:00+00:00,1782871200000,58770.58000000,59171.63000000,58663.95000000,59085.00000000,692.74758000
2026-07-01T03:00:00+00:00,1782874800000,59085.00000000,59318.00000000,58850.00000000,59197.13000000,715.44075000
2026-07-01T04:00:00+00:00,1782878400000,59197.12000000,59457.00000000,59062.00000000,59339.99000000,480.11636000
2026-07-01T05:00:00+00:00,1782882000000,59339.99000000,59376.48000000,59126.42000000,59154.33000000,432.30487000
2026-07-01T06:00:00+00:00,1782885600000,59154.33000000,59156.00000000,58534.31000000,58755.80000000,794.13401000
2026-07-01T07:00:00+00:00,1782889200000,58755.80000000,58823.90000000,58600.00000000,58768.65000000,479.85852000
2026-07-01T08:00:00+00:00,1782892800000,58768.64000000,58984.00000000,58500.00000000,58973.99000000,381.93254000
2026-07-01T09:00:00+00:00,1782896400000,58973.99000000,59091.99000000,58825.61000000,58944.55000000,417.79405000
2026-07-01T10:00:00+00:00,1782900000000,58944.55000000,58948.47000000,58624.00000000,58659.98000000,405.70309000
2026-07-01T11:00:00+00:00,1782903600000,58659.97000000,58755.90000000,58550.00000000,58622.03000000,396.69177000
2026-07-01T12:00:00+00:00,1782907200000,58622.02000000,58676.00000000,58326.00000000,58538.01000000,1716.61119000
2026-07-01T13:00:00+00:00,1782910800000,58538.00000000,59508.00000000,58536.00000000,59498.03000000,2321.79547000
2026-07-01T14:00:00+00:00,1782914400000,59498.03000000,60092.00000000,59278.00000000,59542.00000000,3726.20910000
2026-07-01T15:00:00+00:00,1782918000000,59541.99000000,60536.55000000,59520.51000000,60147.15000000,2322.06211000
2026-07-01T16:00:00+00:00,1782921600000,60147.15000000,60267.17000000,59865.75000000,59920.00000000,862.80045000
2026-07-01T17:00:00+00:00,1782925200000,59920.00000000,60239.84000000,59787.35000000,60190.60000000,480.08928000
2026-07-01T18:00:00+00:00,1782928800000,60190.59000000,60298.00000000,60016.40000000,60171.16000000,343.31457000
2026-07-01T19:00:00+00:00,1782932400000,60171.16000000,60352.93000000,60000.00000000,60028.67000000,548.14825000
2026-07-01T20:00:00+00:00,1782936000000,60029.39000000,60198.00000000,59876.00000000,60126.00000000,313.10277000
2026-07-01T21:00:00+00:00,1782939600000,60126.00000000,60846.95000000,60124.89000000,60815.99000000,1153.57611000
2026-07-01T22:00:00+00:00,1782943200000,60815.99000000,61334.00000000,60339.00000000,60478.01000000,1877.61599000
2026-07-01T23:00:00+00:00,1782946800000,60478.00000000,60478.00000000,59984.86000000,60024.00000000,573.62579000
2026-07-02T00:00:00+00:00,1782950400000,60024.00000000,60028.00000000,59588.00000000,59761.73000000,857.93081000
2026-07-02T01:00:00+00:00,1782954000000,59761.74000000,60324.99000000,59715.80000000,60175.92000000,634.42084000
2026-07-02T02:00:00+00:00,1782957600000,60175.91000000,60495.24000000,60015.68000000,60423.10000000,520.93970000
2026-07-02T03:00:00+00:00,1782961200000,60423.11000000,61121.78000000,60300.02000000,61058.00000000,891.65369000
2026-07-02T04:00:00+00:00,1782964800000,61057.99000000,61058.00000000,60728.00000000,60787.98000000,793.20588000
2026-07-02T05:00:00+00:00,1782968400000,60787.98000000,60877.69000000,60488.00000000,60504.54000000,836.16486000
2026-07-02T06:00:00+00:00,1782972000000,60504.54000000,60652.74000000,60260.00000000,60274.01000000,838.53408000
2026-07-02T07:00:00+00:00,1782975600000,60274.01000000,60315.93000000,60104.00000000,60149.99000000,593.99067000
2026-07-02T08:00:00+00:00,1782979200000,60149.99000000,60555.06000000,60132.51000000,60511.99000000,573.38622000
2026-07-02T09:00:00+00:00,1782982800000,60512.00000000,61437.49000000,60376.13000000,61184.00000000,1895.63178000
2026-07-02T10:00:00+00:00,1782986400000,61184.00000000,61350.00000000,61051.07000000,61263.68000000,711.10860000
2026-07-02T11:00:00+00:00,1782990000000,61263.93000000,61388.00000000,61125.58000000,61358.01000000,823.29588000
2026-07-02T12:00:00+00:00,1782993600000,61358.00000000,61614.00000000,61147.23000000,61542.53000000,1476.64291000
2026-07-02T13:00:00+00:00,1782997200000,61542.53000000,62053.00000000,61506.00000000,61939.04000000,2503.04906000
2026-07-02T14:00:00+00:00,1783000800000,61939.04000000,62200.00000000,61394.49000000,61696.61000000,1834.43153000
2026-07-02T15:00:00+00:00,1783004400000,61696.61000000,61850.86000000,61427.39000000,61612.93000000,955.08900000
2026-07-02T16:00:00+00:00,1783008000000,61612.93000000,61790.13000000,61108.99000000,61682.34000000,1526.68052000
2026-07-02T17:00:00+00:00,1783011600000,61682.34000000,61962.43000000,61619.69000000,61667.39000000,742.84693000
2026-07-02T18:00:00+00:00,1783015200000,61667.40000000,61900.29000000,61664.39000000,61761.36000000,457.24217000
2026-07-02T19:00:00+00:00,1783018800000,61761.36000000,61763.81000000,61424.00000000,61479.60000000,567.93379000
2026-07-02T20:00:00+00:00,1783022400000,61479.59000000,61596.00000000,61342.00000000,61584.78000000,435.70751000
2026-07-02T21:00:00+00:00,1783026000000,61584.77000000,61653.43000000,61516.00000000,61592.26000000,335.09994000
2026-07-02T22:00:00+00:00,1783029600000,61592.26000000,61596.62000000,61406.28000000,61465.26000000,313.41399000
2026-07-02T23:00:00+00:00,1783033200000,61465.26000000,61606.00000000,61350.02000000,61560.00000000,263.74127000
2026-07-03T00:00:00+00:00,1783036800000,61560.00000000,61578.00000000,61248.86000000,61308.75000000,803.35853000
2026-07-03T01:00:00+00:00,1783040400000,61308.75000000,61733.11000000,61286.00000000,61588.00000000,365.29608000
2026-07-03T02:00:00+00:00,1783044000000,61588.00000000,61664.62000000,61294.00000000,61440.01000000,718.15053000
2026-07-03T03:00:00+00:00,1783047600000,61440.01000000,61575.15000000,61324.00000000,61434.00000000,592.37701000
2026-07-03T04:00:00+00:00,1783051200000,61434.00000000,61524.01000000,61332.76000000,61448.00000000,597.68744000
2026-07-03T05:00:00+00:00,1783054800000,61448.00000000,61808.00000000,61430.00000000,61700.49000000,669.42027000
2026-07-03T06:00:00+00:00,1783058400000,61700.49000000,61850.00000000,61612.00000000,61710.01000000,821.56550000
2026-07-03T07:00:00+00:00,1783062000000,61710.01000000,61864.99000000,61659.32000000,61750.47000000,1075.23435000
2026-07-03T08:00:00+00:00,1783065600000,61750.47000000,61896.99000000,61554.07000000,61584.00000000,341.60269000
2026-07-03T09:00:00+00:00,1783069200000,61583.99000000,61783.89000000,61510.01000000,61718.68000000,336.50784000
2026-07-03T10:00:00+00:00,1783072800000,61718.69000000,62038.00000000,61663.98000000,61916.46000000,481.39402000
2026-07-03T11:00:00+00:00,1783076400000,61916.46000000,62103.10000000,61840.00000000,62024.02000000,549.87382000
2026-07-03T12:00:00+00:00,1783080000000,62024.01000000,62174.47000000,61871.66000000,61983.99000000,627.72129000
2026-07-03T13:00:00+00:00,1783083600000,61984.00000000,62282.00000000,61944.00000000,62116.01000000,790.28341000
2026-07-03T14:00:00+00:00,1783087200000,62116.00000000,62280.00000000,61700.00000000,62167.48000000,768.79968000
2026-07-03T15:00:00+00:00,1783090800000,62167.47000000,62400.00000000,61820.00000000,61922.72000000,627.67216000
2026-07-03T16:00:00+00:00,1783094400000,61922.71000000,62125.99000000,61911.65000000,62104.81000000,308.09730000
2026-07-03T17:00:00+00:00,1783098000000,62104.81000000,62292.51000000,62068.78000000,62194.00000000,345.47791000
2026-07-03T18:00:00+00:00,1783101600000,62193.99000000,62250.00000000,62118.00000000,62204.01000000,298.61687000
2026-07-03T19:00:00+00:00,1783105200000,62204.00000000,62317.64000000,62146.00000000,62210.00000000,345.20311000
2026-07-03T20:00:00+00:00,1783108800000,62210.00000000,62907.77000000,62186.01000000,62776.92000000,1103.81636000
2026-07-03T21:00:00+00:00,1783112400000,62776.91000000,62979.86000000,62518.72000000,62732.00000000,530.36622000
2026-07-03T22:00:00+00:00,1783116000000,62732.00000000,62748.01000000,62538.47000000,62578.00000000,461.77097000
2026-07-03T23:00:00+00:00,1783119600000,62578.00000000,62707.67000000,62529.03000000,62583.26000000,488.69291000
2026-07-04T00:00:00+00:00,1783123200000,62583.26000000,62946.00000000,62578.55000000,62756.29000000,451.82518000
2026-07-04T01:00:00+00:00,1783126800000,62756.29000000,62756.29000000,62404.25000000,62468.44000000,740.55394000
2026-07-04T02:00:00+00:00,1783130400000,62468.44000000,62576.00000000,62432.00000000,62538.96000000,288.40853000
2026-07-04T03:00:00+00:00,1783134000000,62538.96000000,62750.00000000,62484.01000000,62627.29000000,272.87320000
2026-07-04T04:00:00+00:00,1783137600000,62627.28000000,62749.97000000,62590.06000000,62700.00000000,372.06056000
2026-07-04T05:00:00+00:00,1783141200000,62700.00000000,62700.01000000,62441.29000000,62471.52000000,289.90978000
2026-07-04T06:00:00+00:00,1783144800000,62471.53000000,62559.43000000,62328.24000000,62500.01000000,328.21302000
2026-07-04T07:00:00+00:00,1783148400000,62500.01000000,62634.24000000,62470.00000000,62576.00000000,488.37245000
2026-07-04T08:00:00+00:00,1783152000000,62576.00000000,62674.47000000,62516.46000000,62553.78000000,325.39629000
2026-07-04T09:00:00+00:00,1783155600000,62553.78000000,62583.99000000,62415.87000000,62494.00000000,256.44372000
2026-07-04T10:00:00+00:00,1783159200000,62494.01000000,62545.02000000,62445.38000000,62513.00000000,261.05012000
2026-07-04T11:00:00+00:00,1783162800000,62512.99000000,62563.84000000,62456.24000000,62482.01000000,236.75332000
2026-07-04T12:00:00+00:00,1783166400000,62482.00000000,62696.78000000,62482.00000000,62664.01000000,160.12973000
2026-07-04T13:00:00+00:00,1783170000000,62664.01000000,62776.92000000,62542.00000000,62588.84000000,234.91268000
2026-07-04T14:00:00+00:00,1783173600000,62588.84000000,62738.28000000,62585.53000000,62693.99000000,214.12592000
2026-07-04T15:00:00+00:00,1783177200000,62693.99000000,63075.46000000,62687.89000000,62943.29000000,746.82104000
2026-07-04T16:00:00+00:00,1783180800000,62943.29000000,62968.29000000,62786.00000000,62927.29000000,446.26160000
2026-07-04T17:00:00+00:00,1783184400000,62927.30000000,63439.62000000,62803.00000000,63280.38000000,752.34234000
2026-07-04T18:00:00+00:00,1783188000000,63280.38000000,63346.00000000,63092.02000000,63172.78000000,347.58599000
2026-07-04T19:00:00+00:00,1783191600000,63172.79000000,63461.99000000,63123.49000000,63294.72000000,328.68996000
2026-07-04T20:00:00+00:00,1783195200000,63294.72000000,63392.00000000,63155.37000000,63233.78000000,287.12408000
2026-07-04T21:00:00+00:00,1783198800000,63233.79000000,63448.00000000,63202.00000000,63297.84000000,239.07967000
2026-07-04T22:00:00+00:00,1783202400000,63297.83000000,63310.00000000,63160.00000000,63184.99000000,486.87752000
2026-07-04T23:00:00+00:00,1783206000000,63185.00000000,63241.33000000,62927.98000000,63144.01000000,584.01676000
2026-07-05T00:00:00+00:00,1783209600000,63144.01000000,63144.01000000,62888.86000000,62991.29000000,348.66174000
2026-07-05T01:00:00+00:00,1783213200000,62991.30000000,63043.15000000,62800.00000000,62887.94000000,447.61772000
2026-07-05T02:00:00+00:00,1783216800000,62887.93000000,62926.00000000,62596.08000000,62693.56000000,307.64194000
2026-07-05T03:00:00+00:00,1783220400000,62693.57000000,62796.39000000,62658.00000000,62769.04000000,211.72564000
2026-07-05T04:00:00+00:00,1783224000000,62769.03000000,62952.93000000,62712.00000000,62815.99000000,288.42759000
2026-07-05T05:00:00+00:00,1783227600000,62815.99000000,62815.99000000,62659.65000000,62740.50000000,312.61219000
2026-07-05T06:00:00+00:00,1783231200000,62740.50000000,62819.91000000,62669.99000000,62782.18000000,269.63913000
2026-07-05T07:00:00+00:00,1783234800000,62782.18000000,63059.99000000,62718.31000000,63020.21000000,393.71695000
2026-07-05T08:00:00+00:00,1783238400000,63020.21000000,63104.00000000,62900.00000000,62915.00000000,337.45972000
2026-07-05T09:00:00+00:00,1783242000000,62915.00000000,62930.16000000,62436.59000000,62622.18000000,562.27226000
2026-07-05T10:00:00+00:00,1783245600000,62622.18000000,62756.25000000,62536.57000000,62756.12000000,183.32618000
2026-07-05T11:00:00+00:00,1783249200000,62756.12000000,62812.00000000,62600.03000000,62658.92000000,268.20384000
2026-07-05T12:00:00+00:00,1783252800000,62658.92000000,62772.00000000,62569.37000000,62745.01000000,294.54856000
2026-07-05T13:00:00+00:00,1783256400000,62745.00000000,62819.66000000,62644.12000000,62792.00000000,337.44331000
2026-07-05T14:00:00+00:00,1783260000000,62791.99000000,62818.37000000,62656.02000000,62812.25000000,219.35892000
2026-07-05T15:00:00+00:00,1783263600000,62812.25000000,62943.59000000,62679.76000000,62740.01000000,243.82359000
2026-07-05T16:00:00+00:00,1783267200000,62740.01000000,62772.86000000,62590.02000000,62637.48000000,344.55738000
2026-07-05T17:00:00+00:00,1783270800000,62637.48000000,62820.00000000,62594.38000000,62624.93000000,275.09476000
2026-07-05T18:00:00+00:00,1783274400000,62624.93000000,62880.00000000,62616.00000000,62820.33000000,372.13939000
2026-07-05T19:00:00+00:00,1783278000000,62820.33000000,62888.14000000,62714.98000000,62768.88000000,297.34041000
2026-07-05T20:00:00+00:00,1783281600000,62768.87000000,62836.01000000,62700.00000000,62730.61000000,164.56380000
2026-07-05T21:00:00+00:00,1783285200000,62730.61000000,63220.00000000,62609.47000000,63092.01000000,428.51084000
2026-07-05T22:00:00+00:00,1783288800000,63092.00000000,63964.48000000,63005.04000000,63736.00000000,1512.51245000
2026-07-05T23:00:00+00:00,1783292400000,63735.99000000,63999.00000000,63577.36000000,63650.00000000,750.87927000
2026-07-06T00:00:00+00:00,1783296000000,63650.01000000,63772.52000000,63350.00000000,63761.99000000,854.38324000
2026-07-06T01:00:00+00:00,1783299600000,63761.98000000,63920.00000000,63550.00000000,63576.00000000,432.97670000
2026-07-06T02:00:00+00:00,1783303200000,63576.00000000,63669.45000000,63373.13000000,63460.01000000,398.01222000
2026-07-06T03:00:00+00:00,1783306800000,63460.01000000,63495.14000000,63136.01000000,63294.00000000,420.90012000
2026-07-06T04:00:00+00:00,1783310400000,63294.00000000,63402.77000000,63187.98000000,63267.99000000,278.63053000
2026-07-06T05:00:00+00:00,1783314000000,63267.99000000,63268.00000000,62950.00000000,63114.00000000,702.75025000
2026-07-06T06:00:00+00:00,1783317600000,63113.99000000,63152.70000000,62972.00000000,62976.00000000,622.44998000
2026-07-06T07:00:00+00:00,1783321200000,62976.00000000,63120.00000000,62890.00000000,63089.42000000,529.35201000
2026-07-06T08:00:00+00:00,1783324800000,63089.42000000,63244.00000000,62800.13000000,62904.01000000,536.06880000
2026-07-06T09:00:00+00:00,1783328400000,62904.01000000,62914.00000000,62630.85000000,62664.77000000,432.26087000
2026-07-06T10:00:00+00:00,1783332000000,62664.77000000,63030.00000000,62664.76000000,62822.06000000,454.82776000
2026-07-06T11:00:00+00:00,1783335600000,62822.07000000,63000.00000000,62483.83000000,62483.84000000,610.79996000
2026-07-06T12:00:00+00:00,1783339200000,62483.84000000,62487.98000000,61668.20000000,61754.01000000,2426.65551000
2026-07-06T13:00:00+00:00,1783342800000,61754.01000000,62034.00000000,61306.84000000,61768.21000000,3623.91016000
2026-07-06T14:00:00+00:00,1783346400000,61768.20000000,62411.41000000,61712.54000000,62052.00000000,1203.78704000
2026-07-06T15:00:00+00:00,1783350000000,62052.00000000,63550.00000000,62052.00000000,63545.98000000,2153.37389000
2026-07-06T16:00:00+00:00,1783353600000,63545.98000000,63863.00000000,63386.01000000,63732.00000000,1748.98599000
2026-07-06T17:00:00+00:00,1783357200000,63732.00000000,63976.16000000,63570.16000000,63587.38000000,885.44922000
2026-07-06T18:00:00+00:00,1783360800000,63587.38000000,63886.00000000,63560.00000000,63696.40000000,345.76423000
2026-07-06T19:00:00+00:00,1783364400000,63696.40000000,63887.93000000,63652.42000000,63738.52000000,308.11427000
2026-07-06T20:00:00+00:00,1783368000000,63738.52000000,63892.65000000,63589.41000000,63828.00000000,314.93037000
2026-07-06T21:00:00+00:00,1783371600000,63828.00000000,64700.00000000,63810.00000000,64489.98000000,1489.51024000
2026-07-06T22:00:00+00:00,1783375200000,64489.97000000,64500.00000000,64151.01000000,64244.00000000,313.47871000
2026-07-06T23:00:00+00:00,1783378800000,64244.00000000,64340.76000000,64017.78000000,64042.02000000,347.91230000
2026-07-07T00:00:00+00:00,1783382400000,64042.93000000,64314.00000000,63997.50000000,64203.99000000,545.80462000
2026-07-07T01:00:00+00:00,1783386000000,64203.99000000,64204.00000000,63767.04000000,63840.00000000,600.78470000
2026-07-07T02:00:00+00:00,1783389600000,63840.00000000,63908.00000000,63288.01000000,63322.01000000,624.33941000
2026-07-07T03:00:00+00:00,1783393200000,63322.01000000,63414.00000000,63150.00000000,63191.01000000,378.30046000
2026-07-07T04:00:00+00:00,1783396800000,63191.01000000,63288.33000000,63064.00000000,63100.01000000,658.55856000
2026-07-07T05:00:00+00:00,1783400400000,63100.00000000,63278.99000000,62800.00000000,63128.01000000,725.48406000
2026-07-07T06:00:00+00:00,1783404000000,63128.00000000,63400.00000000,62984.42000000,63340.00000000,869.08707000
2026-07-07T07:00:00+00:00,1783407600000,63340.01000000,63445.70000000,63072.10000000,63083.18000000,615.24857000
2026-07-07T08:00:00+00:00,1783411200000,63083.19000000,63184.00000000,62984.58000000,63104.00000000,444.01670000
2026-07-07T09:00:00+00:00,1783414800000,63104.00000000,63348.73000000,63063.28000000,63256.00000000,320.22634000
2026-07-07T10:00:00+00:00,1783418400000,63256.01000000,63467.15000000,63228.17000000,63284.00000000,496.91971000
2026-07-07T11:00:00+00:00,1783422000000,63284.00000000,63452.00000000,63116.02000000,63406.00000000,399.36572000
2026-07-07T12:00:00+00:00,1783425600000,63405.99000000,63872.00000000,63396.58000000,63481.39000000,618.18499000
2026-07-07T13:00:00+00:00,1783429200000,63481.39000000,63482.50000000,63000.00000000,63056.00000000,1055.47861000
2026-07-07T14:00:00+00:00,1783432800000,63056.00000000,63634.00000000,62671.39000000,63562.05000000,1684.44273000
2026-07-07T15:00:00+00:00,1783436400000,63562.05000000,64105.00000000,63376.22000000,63930.51000000,2129.05569000
2026-07-07T16:00:00+00:00,1783440000000,63930.50000000,64243.75000000,63810.00000000,63983.27000000,825.13640000
2026-07-07T17:00:00+00:00,1783443600000,63983.28000000,64232.00000000,63896.21000000,64186.00000000,713.19138000
2026-07-07T18:00:00+00:00,1783447200000,64185.99000000,64188.00000000,63672.01000000,63679.99000000,804.35069000
2026-07-07T19:00:00+00:00,1783450800000,63679.99000000,63894.58000000,63379.69000000,63817.99000000,809.87318000
2026-07-07T20:00:00+00:00,1783454400000,63818.00000000,63901.75000000,63585.00000000,63697.99000000,461.15497000
2026-07-07T21:00:00+00:00,1783458000000,63698.00000000,63866.00000000,63313.10000000,63423.94000000,445.13714000
2026-07-07T22:00:00+00:00,1783461600000,63423.93000000,63660.00000000,63218.00000000,63551.02000000,344.82337000
2026-07-07T23:00:00+00:00,1783465200000,63551.02000000,63708.00000000,63320.00000000,63363.99000000,265.24316000
2026-07-08T00:00:00+00:00,1783468800000,63364.00000000,63761.99000000,63307.36000000,63612.77000000,656.59812000
2026-07-08T01:00:00+00:00,1783472400000,63612.78000000,63649.50000000,62921.78000000,63038.01000000,690.76172000
2026-07-08T02:00:00+00:00,1783476000000,63038.00000000,63066.00000000,62525.47000000,62979.99000000,1271.45366000
2026-07-08T03:00:00+00:00,1783479600000,62979.98000000,63094.00000000,62700.18000000,62766.00000000,326.19539000
2026-07-08T04:00:00+00:00,1783483200000,62766.00000000,62901.49000000,62676.00000000,62800.00000000,435.16461000
2026-07-08T05:00:00+00:00,1783486800000,62800.01000000,62876.95000000,62558.00000000,62637.88000000,716.63481000
2026-07-08T06:00:00+00:00,1783490400000,62637.88000000,62746.00000000,62477.04000000,62657.81000000,457.84929000
2026-07-08T07:00:00+00:00,1783494000000,62657.82000000,62894.89000000,62550.00000000,62888.35000000,483.72380000
2026-07-08T08:00:00+00:00,1783497600000,62888.34000000,62941.46000000,61855.26000000,62018.36000000,1707.68860000
2026-07-08T09:00:00+00:00,1783501200000,62018.36000000,62190.01000000,61743.83000000,62057.67000000,2058.44174000
2026-07-08T10:00:00+00:00,1783504800000,62057.68000000,62199.97000000,61903.45000000,62183.12000000,934.16537000
2026-07-08T11:00:00+00:00,1783508400000,62183.11000000,62392.04000000,62055.63000000,62299.99000000,576.86496000
2026-07-08T12:00:00+00:00,1783512000000,62300.00000000,62451.08000000,61953.58000000,61957.73000000,877.49143000
2026-07-08T13:00:00+00:00,1783515600000,61957.74000000,62090.00000000,61632.23000000,61945.49000000,1130.99240000
2026-07-08T14:00:00+00:00,1783519200000,61945.49000000,62173.56000000,61712.00000000,61889.83000000,1415.74086000
2026-07-08T15:00:00+00:00,1783522800000,61889.83000000,61922.00000000,61544.56000000,61704.01000000,1055.91275000
2026-07-08T16:00:00+00:00,1783526400000,61704.01000000,62164.60000000,61692.00000000,62113.03000000,762.49481000
2026-07-08T17:00:00+00:00,1783530000000,62113.02000000,62394.32000000,62032.00000000,62104.62000000,518.57431000
2026-07-08T18:00:00+00:00,1783533600000,62104.62000000,62351.97000000,62045.20000000,62185.32000000,301.10629000
2026-07-08T19:00:00+00:00,1783537200000,62185.33000000,62292.19000000,62068.00000000,62277.98000000,295.91802000
2026-07-08T20:00:00+00:00,1783540800000,62277.98000000,62306.54000000,62082.80000000,62099.61000000,601.65946000
2026-07-08T21:00:00+00:00,1783544400000,62099.62000000,62251.22000000,61956.00000000,62187.17000000,844.23046000
2026-07-08T22:00:00+00:00,1783548000000,62187.17000000,62350.63000000,62178.00000000,62330.40000000,268.90980000
2026-07-08T23:00:00+00:00,1783551600000,62330.40000000,62346.60000000,62174.00000000,62290.00000000,231.52530000
2026-07-09T00:00:00+00:00,1783555200000,62290.01000000,62309.88000000,62058.51000000,62129.99000000,419.84137000
2026-07-09T01:00:00+00:00,1783558800000,62129.99000000,62642.00000000,61837.10000000,61916.00000000,891.27709000
2026-07-09T02:00:00+00:00,1783562400000,61916.00000000,62121.21000000,61705.29000000,61788.80000000,588.18699000
2026-07-09T03:00:00+00:00,1783566000000,61788.79000000,62062.99000000,61730.00000000,61974.34000000,608.39784000
2026-07-09T04:00:00+00:00,1783569600000,61974.34000000,62456.29000000,61956.46000000,62453.74000000,475.51774000
2026-07-09T05:00:00+00:00,1783573200000,62453.74000000,62624.61000000,62236.00000000,62589.61000000,907.85360000
2026-07-09T06:00:00+00:00,1783576800000,62589.61000000,62980.00000000,62485.58000000,62959.96000000,790.33126000
2026-07-09T07:00:00+00:00,1783580400000,62959.96000000,63283.26000000,62788.06000000,63000.00000000,902.61366000
2026-07-09T08:00:00+00:00,1783584000000,62999.99000000,63100.10000000,62855.63000000,62903.65000000,872.78917000
2026-07-09T09:00:00+00:00,1783587600000,62903.66000000,63002.00000000,62786.82000000,62953.40000000,549.43771000
2026-07-09T10:00:00+00:00,1783591200000,62953.40000000,63056.98000000,62688.00000000,62786.04000000,490.23056000
2026-07-09T11:00:00+00:00,1783594800000,62786.05000000,62830.00000000,62614.66000000,62786.34000000,613.79257000
2026-07-09T12:00:00+00:00,1783598400000,62786.33000000,62952.00000000,62465.39000000,62614.02000000,2694.46367000
2026-07-09T13:00:00+00:00,1783602000000,62614.01000000,63240.15000000,62523.08000000,63028.35000000,732.96491000
2026-07-09T14:00:00+00:00,1783605600000,63028.36000000,63144.79000000,62666.66000000,63016.00000000,598.40365000
2026-07-09T15:00:00+00:00,1783609200000,63016.00000000,63261.00000000,62811.10000000,62868.05000000,857.13379000
2026-07-09T16:00:00+00:00,1783612800000,62868.06000000,62996.00000000,62559.59000000,62700.01000000,532.13757000
2026-07-09T17:00:00+00:00,1783616400000,62700.01000000,63165.12000000,62668.00000000,63142.79000000,730.95491000
2026-07-09T18:00:00+00:00,1783620000000,63142.79000000,63500.00000000,63080.00000000,63219.03000000,776.88222000
2026-07-09T19:00:00+00:00,1783623600000,63219.03000000,63375.73000000,63118.45000000,63248.10000000,606.23375000
2026-07-09T20:00:00+00:00,1783627200000,63248.09000000,63330.85000000,63177.36000000,63313.38000000,236.61262000
2026-07-09T21:00:00+00:00,1783630800000,63313.38000000,63397.94000000,63208.91000000,63274.59000000,261.44616000
2026-07-09T22:00:00+00:00,1783634400000,63274.60000000,63418.00000000,63218.77000000,63218.78000000,274.28375000
2026-07-09T23:00:00+00:00,1783638000000,63218.78000000,63325.00000000,63060.91000000,63230.00000000,331.02016000
2026-07-10T00:00:00+00:00,1783641600000,63230.01000000,63255.49000000,62926.01000000,63113.93000000,626.86453000
2026-07-10T01:00:00+00:00,1783645200000,63113.92000000,63999.99000000,62962.00000000,63749.86000000,1229.10229000
2026-07-10T02:00:00+00:00,1783648800000,63749.86000000,64050.23000000,63692.76000000,63961.99000000,1017.85326000
2026-07-10T03:00:00+00:00,1783652400000,63961.99000000,64050.00000000,63822.80000000,63947.20000000,410.93478000
2026-07-10T04:00:00+00:00,1783656000000,63947.20000000,64176.86000000,63857.64000000,64047.88000000,567.80609000
2026-07-10T05:00:00+00:00,1783659600000,64047.89000000,64200.00000000,63944.05000000,64115.99000000,507.93600000
2026-07-10T06:00:00+00:00,1783663200000,64116.00000000,64162.00000000,63836.00000000,63854.71000000,352.90834000
2026-07-10T07:00:00+00:00,1783666800000,63854.71000000,64011.90000000,63802.02000000,63963.00000000,566.09840000
2026-07-10T08:00:00+00:00,1783670400000,63963.00000000,64392.00000000,63962.99000000,64246.01000000,945.88564000
2026-07-10T09:00:00+00:00,1783674000000,64246.00000000,64480.01000000,64102.00000000,64385.09000000,1051.00850000
2026-07-10T10:00:00+00:00,1783677600000,64385.09000000,64494.84000000,64274.47000000,64407.80000000,400.85807000
2026-07-10T11:00:00+00:00,1783681200000,64407.80000000,64480.00000000,64341.83000000,64425.18000000,337.28843000
2026-07-10T12:00:00+00:00,1783684800000,64425.18000000,64608.00000000,63999.00000000,64286.64000000,1081.95063000
2026-07-10T13:00:00+00:00,1783688400000,64286.65000000,64692.83000000,64152.84000000,64484.00000000,826.67946000
2026-07-10T14:00:00+00:00,1783692000000,64484.00000000,64516.00000000,63793.43000000,63914.87000000,1338.73193000
2026-07-10T15:00:00+00:00,1783695600000,63914.88000000,64210.00000000,63898.00000000,64040.00000000,737.82713000
2026-07-10T16:00:00+00:00,1783699200000,64039.99000000,64220.00000000,63826.57000000,64140.01000000,671.46586000
2026-07-10T17:00:00+00:00,1783702800000,64140.00000000,64158.58000000,63821.88000000,63823.99000000,491.57909000
2026-07-10T18:00:00+00:00,1783706400000,63824.00000000,64003.99000000,63732.66000000,63810.00000000,566.18067000
2026-07-10T19:00:00+00:00,1783710000000,63809.99000000,64077.56000000,63780.00000000,63917.88000000,1227.53052000
2026-07-10T20:00:00+00:00,1783713600000,63917.88000000,63946.36000000,63656.00000000,63841.25000000,1126.81538000
2026-07-10T21:00:00+00:00,1783717200000,63841.25000000,64099.56000000,63835.05000000,64011.99000000,307.30047000
2026-07-10T22:00:00+00:00,1783720800000,64012.00000000,64169.39000000,63981.37000000,64112.29000000,508.14182000
2026-07-10T23:00:00+00:00,1783724400000,64112.30000000,64222.61000000,64024.00000000,64161.72000000,690.25393000
2026-07-11T00:00:00+00:00,1783728000000,64161.72000000,64168.49000000,64028.43000000,64124.00000000,315.78502000
2026-07-11T01:00:00+00:00,1783731600000,64123.99000000,64310.00000000,64004.01000000,64012.95000000,405.42387000
2026-07-11T02:00:00+00:00,1783735200000,64012.95000000,64166.00000000,63984.07000000,64158.04000000,205.49018000
2026-07-11T03:00:00+00:00,1783738800000,64158.04000000,64195.04000000,64068.00000000,64150.42000000,174.79238000
2026-07-11T04:00:00+00:00,1783742400000,64150.42000000,64213.55000000,64080.26000000,64152.00000000,223.52551000
2026-07-11T05:00:00+00:00,1783746000000,64152.00000000,64221.99000000,64121.07000000,64176.01000000,535.97468000
2026-07-11T06:00:00+00:00,1783749600000,64176.00000000,64278.00000000,64124.00000000,64219.10000000,302.84507000
2026-07-11T07:00:00+00:00,1783753200000,64219.09000000,64256.55000000,64152.00000000,64162.18000000,422.67072000
2026-07-11T08:00:00+00:00,1783756800000,64162.18000000,64300.00000000,64153.87000000,64265.98000000,169.11443000
2026-07-11T09:00:00+00:00,1783760400000,64265.98000000,64300.00000000,64159.70000000,64167.34000000,347.53946000
2026-07-11T10:00:00+00:00,1783764000000,64167.35000000,64204.02000000,64129.99000000,64196.00000000,421.25234000
2026-07-11T11:00:00+00:00,1783767600000,64196.00000000,64215.32000000,64167.99000000,64198.00000000,417.44096000
2026-07-11T12:00:00+00:00,1783771200000,64197.99000000,64228.00000000,64130.65000000,64195.49000000,408.31399000
2026-07-11T13:00:00+00:00,1783774800000,64195.48000000,64266.00000000,64159.99000000,64235.66000000,352.18455000
2026-07-11T14:00:00+00:00,1783778400000,64235.67000000,64504.11000000,64235.66000000,64350.07000000,551.43161000
2026-07-11T15:00:00+00:00,1783782000000,64350.07000000,64484.01000000,63896.18000000,64175.75000000,1185.62457000
2026-07-11T16:00:00+00:00,1783785600000,64175.75000000,64273.63000000,64084.00000000,64180.01000000,468.52631000
2026-07-11T17:00:00+00:00,1783789200000,64180.00000000,64402.00000000,64164.08000000,64315.53000000,272.95245000
2026-07-11T18:00:00+00:00,1783792800000,64315.53000000,64395.17000000,64288.91000000,64327.99000000,274.24491000
2026-07-11T19:00:00+00:00,1783796400000,64327.99000000,64338.00000000,64233.23000000,64286.00000000,202.32307000
2026-07-11T20:00:00+00:00,1783800000000,64286.00000000,64463.83000000,64285.99000000,64382.45000000,197.23083000
2026-07-11T21:00:00+00:00,1783803600000,64382.44000000,64427.56000000,64338.09000000,64355.99000000,116.51883000
2026-07-11T22:00:00+00:00,1783807200000,64355.99000000,64424.03000000,64144.47000000,64203.08000000,303.31895000
2026-07-11T23:00:00+00:00,1783810800000,64203.09000000,64246.00000000,63819.00000000,63819.00000000,877.44963000
2026-07-12T00:00:00+00:00,1783814400000,63819.01000000,63909.92000000,63702.16000000,63828.47000000,2302.50352000
2026-07-12T01:00:00+00:00,1783818000000,63828.48000000,64172.66000000,63812.00000000,64133.61000000,394.25068000
2026-07-12T02:00:00+00:00,1783821600000,64133.61000000,64133.62000000,64029.51000000,64070.39000000,908.56961000
2026-07-12T03:00:00+00:00,1783825200000,64070.40000000,64223.74000000,64035.68000000,64223.73000000,488.95119000
2026-07-12T04:00:00+00:00,1783828800000,64223.73000000,64245.87000000,63943.68000000,63999.93000000,412.91320000
2026-07-12T05:00:00+00:00,1783832400000,63999.94000000,64024.48000000,63900.00000000,63959.93000000,291.33944000
2026-07-12T06:00:00+00:00,1783836000000,63959.93000000,63962.85000000,63640.83000000,63762.46000000,526.52081000
2026-07-12T07:00:00+00:00,1783839600000,63762.47000000,63908.39000000,63740.12000000,63885.27000000,506.72582000
2026-07-12T08:00:00+00:00,1783843200000,63885.28000000,64100.32000000,63884.20000000,63983.18000000,1349.77159000
2026-07-12T09:00:00+00:00,1783846800000,63983.18000000,64062.17000000,63764.00000000,63961.61000000,3089.49803000
2026-07-12T10:00:00+00:00,1783850400000,63961.60000000,63961.60000000,63843.40000000,63865.76000000,250.37178000
2026-07-12T11:00:00+00:00,1783854000000,63865.76000000,64030.00000000,63826.01000000,64018.01000000,158.66802000
2026-07-12T12:00:00+00:00,1783857600000,64018.00000000,64135.00000000,63970.55000000,64026.00000000,320.06272000
2026-07-12T13:00:00+00:00,1783861200000,64026.01000000,64097.99000000,63987.40000000,64023.14000000,369.91648000
2026-07-12T14:00:00+00:00,1783864800000,64023.13000000,64290.11000000,63958.71000000,64203.08000000,261.44826000
2026-07-12T15:00:00+00:00,1783868400000,64203.08000000,64262.15000000,64117.97000000,64176.00000000,230.70025000
2026-07-12T16:00:00+00:00,1783872000000,64176.00000000,64209.64000000,64042.00000000,64177.70000000,260.32939000
2026-07-12T17:00:00+00:00,1783875600000,64177.70000000,64177.74000000,64029.12000000,64078.00000000,243.96602000
2026-07-12T18:00:00+00:00,1783879200000,64078.00000000,64150.00000000,64018.69000000,64147.99000000,207.74726000
2026-07-12T19:00:00+00:00,1783882800000,64148.00000000,64270.00000000,64147.30000000,64228.59000000,178.32690000
2026-07-12T20:00:00+00:00,1783886400000,64228.59000000,64254.00000000,64178.03000000,64198.89000000,158.24040000
2026-07-12T21:00:00+00:00,1783890000000,64198.90000000,64232.02000000,63891.84000000,63920.40000000,317.29013000
2026-07-12T22:00:00+00:00,1783893600000,63920.40000000,63923.99000000,63668.00000000,63886.87000000,425.91972000
2026-07-12T23:00:00+00:00,1783897200000,63886.86000000,63914.85000000,63726.62000000,63780.00000000,260.80581000
2026-07-13T00:00:00+00:00,1783900800000,63780.00000000,64425.00000000,63568.00000000,64072.01000000,1134.90308000
2026-07-13T01:00:00+00:00,1783904400000,64072.00000000,64072.01000000,63376.53000000,63412.01000000,1113.66129000
2026-07-13T02:00:00+00:00,1783908000000,63412.01000000,63541.94000000,63237.26000000,63375.99000000,621.99474000
2026-07-13T03:00:00+00:00,1783911600000,63376.00000000,63382.95000000,62741.04000000,62806.41000000,1068.82271000
2026-07-13T04:00:00+00:00,1783915200000,62806.41000000,62911.94000000,62620.13000000,62672.00000000,670.25607000
2026-07-13T05:00:00+00:00,1783918800000,62672.00000000,62905.68000000,62500.76000000,62799.00000000,816.14848000
2026-07-13T06:00:00+00:00,1783922400000,62799.01000000,62880.00000000,62710.45000000,62797.55000000,385.11506000
2026-07-13T07:00:00+00:00,1783926000000,62797.55000000,63070.01000000,62753.69000000,62985.52000000,1476.18790000
2026-07-13T08:00:00+00:00,1783929600000,62985.53000000,63302.88000000,62935.92000000,63206.97000000,1893.03927000
2026-07-13T09:00:00+00:00,1783933200000,63206.98000000,63210.00000000,63086.12000000,63100.02000000,663.43575000
2026-07-13T10:00:00+00:00,1783936800000,63100.02000000,63157.85000000,62862.28000000,62867.89000000,788.29364000
2026-07-13T11:00:00+00:00,1783940400000,62867.90000000,63135.55000000,62867.90000000,62901.99000000,458.30123000
2026-07-13T12:00:00+00:00,1783944000000,62901.99000000,62990.04000000,62570.00000000,62625.15000000,689.69237000
2026-07-13T13:00:00+00:00,1783947600000,62625.15000000,62766.37000000,62164.00000000,62318.00000000,2175.34811000
2026-07-13T14:00:00+00:00,1783951200000,62318.01000000,62794.97000000,62101.00000000,62791.85000000,1780.86024000
2026-07-13T15:00:00+00:00,1783954800000,62791.85000000,62983.83000000,62559.58000000,62618.01000000,1226.00074000
2026-07-13T16:00:00+00:00,1783958400000,62618.00000000,62629.35000000,62212.00000000,62276.00000000,970.69108000
2026-07-13T17:00:00+00:00,1783962000000,62276.01000000,62370.00000000,61900.00000000,61904.99000000,1161.78052000
2026-07-13T18:00:00+00:00,1783965600000,61904.99000000,62100.00000000,61824.97000000,62020.00000000,662.51495000
2026-07-13T19:00:00+00:00,1783969200000,62020.00000000,62292.84000000,61990.00000000,62288.23000000,503.43262000
2026-07-13T20:00:00+00:00,1783972800000,62288.23000000,62324.74000000,62050.71000000,62210.99000000,294.43026000
2026-07-13T21:00:00+00:00,1783976400000,62211.00000000,62216.35000000,61897.45000000,62065.06000000,385.18322000
2026-07-13T22:00:00+00:00,1783980000000,62065.05000000,62224.00000000,61911.31000000,61924.00000000,386.45256000
2026-07-13T23:00:00+00:00,1783983600000,61924.00000000,62347.46000000,61882.88000000,62334.52000000,355.95615000
2026-07-14T00:00:00+00:00,1783987200000,62334.52000000,62666.66000000,62272.20000000,62549.54000000,827.98236000
2026-07-14T01:00:00+00:00,1783990800000,62549.55000000,62640.00000000,62460.03000000,62540.42000000,471.32047000
2026-07-14T02:00:00+00:00,1783994400000,62540.41000000,62645.00000000,62329.98000000,62544.00000000,510.10327000
2026-07-14T03:00:00+00:00,1783998000000,62544.00000000,62604.00000000,62314.00000000,62572.89000000,439.89615000
2026-07-14T04:00:00+00:00,1784001600000,62572.88000000,62768.95000000,62539.71000000,62745.23000000,314.71779000
2026-07-14T05:00:00+00:00,1784005200000,62745.24000000,62872.00000000,62697.69000000,62737.00000000,625.42470000
2026-07-14T06:00:00+00:00,1784008800000,62737.00000000,62772.48000000,62566.01000000,62624.05000000,742.03175000
2026-07-14T07:00:00+00:00,1784012400000,62624.06000000,62655.99000000,62516.93000000,62560.92000000,406.16223000
2026-07-14T08:00:00+00:00,1784016000000,62560.92000000,62807.94000000,62500.00000000,62713.85000000,377.86259000
2026-07-14T09:00:00+00:00,1784019600000,62713.85000000,62742.00000000,62534.29000000,62629.55000000,614.55321000
2026-07-14T10:00:00+00:00,1784023200000,62629.56000000,62908.80000000,62609.47000000,62800.00000000,437.22084000
2026-07-14T11:00:00+00:00,1784026800000,62800.01000000,62923.06000000,62713.60000000,62844.99000000,302.90008000
2026-07-14T12:00:00+00:00,1784030400000,62844.99000000,63989.54000000,62780.84000000,63960.00000000,3109.78866000
2026-07-14T13:00:00+00:00,1784034000000,63959.99000000,64181.99000000,63699.03000000,63840.01000000,1522.71413000
2026-07-14T14:00:00+00:00,1784037600000,63840.01000000,64346.49000000,63580.99000000,64305.02000000,1089.85313000
2026-07-14T15:00:00+00:00,1784041200000,64305.01000000,64966.43000000,64194.64000000,64743.99000000,3074.26518000
2026-07-14T16:00:00+00:00,1784044800000,64744.00000000,64896.86000000,64606.00000000,64730.00000000,1264.07966000
2026-07-14T17:00:00+00:00,1784048400000,64730.01000000,64730.01000000,64231.77000000,64621.43000000,1156.00933000
2026-07-14T18:00:00+00:00,1784052000000,64621.43000000,64648.88000000,64477.23000000,64571.98000000,502.24971000
2026-07-14T19:00:00+00:00,1784055600000,64571.99000000,64704.00000000,64487.38000000,64569.59000000,367.96179000
2026-07-14T20:00:00+00:00,1784059200000,64569.59000000,64599.00000000,64419.99000000,64572.02000000,281.25074000
2026-07-14T21:00:00+00:00,1784062800000,64572.02000000,64893.92000000,64526.00000000,64676.90000000,427.49727000
2026-07-14T22:00:00+00:00,1784066400000,64676.89000000,65100.00000000,64516.00000000,64860.89000000,1268.06322000
2026-07-14T23:00:00+00:00,1784070000000,64860.89000000,65048.00000000,64782.00000000,65043.98000000,418.50558000
2026-07-15T00:00:00+00:00,1784073600000,65043.99000000,65065.01000000,64765.12000000,64824.58000000,352.45343000
2026-07-15T01:00:00+00:00,1784077200000,64824.57000000,64853.08000000,64644.48000000,64674.35000000,610.20031000
2026-07-15T02:00:00+00:00,1784080800000,64674.35000000,64755.99000000,64488.00000000,64490.87000000,350.99185000
2026-07-15T03:00:00+00:00,1784084400000,64490.87000000,64840.00000000,64490.86000000,64792.01000000,379.79444000
2026-07-15T04:00:00+00:00,1784088000000,64792.00000000,64885.99000000,64714.00000000,64746.01000000,289.24746000
2026-07-15T05:00:00+00:00,1784091600000,64746.01000000,64964.96000000,64602.50000000,64944.06000000,686.50940000
2026-07-15T06:00:00+00:00,1784095200000,64944.06000000,65277.37000000,64814.00000000,64814.00000000,974.06143000
2026-07-15T07:00:00+00:00,1784098800000,64814.01000000,64876.00000000,64485.00000000,64549.34000000,1209.74716000
2026-07-15T08:00:00+00:00,1784102400000,64549.33000000,64797.02000000,64549.33000000,64768.01000000,958.47053000
2026-07-15T09:00:00+00:00,1784106000000,64768.00000000,64917.94000000,64653.18000000,64671.83000000,542.47841000
2026-07-15T10:00:00+00:00,1784109600000,64671.84000000,64855.56000000,64614.00000000,64663.00000000,316.30209000
2026-07-15T11:00:00+00:00,1784113200000,64663.00000000,64767.37000000,64616.11000000,64732.15000000,500.13863000
2026-07-15T12:00:00+00:00,1784116800000,64732.15000000,65249.90000000,64606.00000000,65164.00000000,1837.40143000
2026-07-15T13:00:00+00:00,1784120400000,65164.00000000,65577.00000000,64888.00000000,65117.99000000,1942.12357000
2026-07-15T14:00:00+00:00,1784124000000,65118.00000000,65517.05000000,65070.00000000,65399.81000000,1187.13269000
2026-07-15T15:00:00+00:00,1784127600000,65399.80000000,65600.00000000,65261.71000000,65427.61000000,1153.25811000
2026-07-15T16:00:00+00:00,1784131200000,65427.60000000,65470.00000000,64784.83000000,65120.79000000,1423.19665000
2026-07-15T17:00:00+00:00,1784134800000,65120.80000000,65194.72000000,64972.95000000,65056.10000000,1119.69712000
2026-07-15T18:00:00+00:00,1784138400000,65056.10000000,65143.57000000,64847.42000000,64860.00000000,1076.85531000
2026-07-15T19:00:00+00:00,1784142000000,64860.00000000,65000.00000000,64738.49000000,64977.34000000,377.96921000
2026-07-15T20:00:00+00:00,1784145600000,64977.34000000,65055.39000000,64899.00000000,64968.01000000,239.51973000
2026-07-15T21:00:00+00:00,1784149200000,64968.02000000,65018.74000000,64789.89000000,64834.31000000,289.23644000
2026-07-15T22:00:00+00:00,1784152800000,64834.31000000,64982.47000000,64772.00000000,64866.93000000,275.16571000
2026-07-15T23:00:00+00:00,1784156400000,64866.93000000,64938.00000000,64691.89000000,64756.28000000,309.94630000
2026-07-16T00:00:00+00:00,1784160000000,64756.28000000,64845.50000000,64500.00000000,64584.07000000,762.20624000
2026-07-16T01:00:00+00:00,1784163600000,64584.07000000,64830.00000000,64392.01000000,64730.01000000,462.87658000
2026-07-16T02:00:00+00:00,1784167200000,64730.00000000,64735.09000000,64574.02000000,64642.01000000,327.49099000
2026-07-16T03:00:00+00:00,1784170800000,64642.00000000,64745.55000000,64555.00000000,64619.95000000,221.04888000
2026-07-16T04:00:00+00:00,1784174400000,64619.96000000,64692.00000000,64544.04000000,64650.05000000,615.61718000
2026-07-16T05:00:00+00:00,1784178000000,64650.05000000,64997.52000000,64592.67000000,64917.99000000,618.60530000
2026-07-16T06:00:00+00:00,1784181600000,64917.99000000,64978.00000000,64630.01000000,64777.32000000,355.62558000
2026-07-16T07:00:00+00:00,1784185200000,64777.33000000,64777.33000000,64086.12000000,64238.00000000,1138.76345000
2026-07-16T08:00:00+00:00,1784188800000,64238.00000000,64380.00000000,63888.00000000,64126.85000000,3967.60650000
2026-07-16T09:00:00+00:00,1784192400000,64126.86000000,64186.83000000,64019.02000000,64090.00000000,3387.73889000
2026-07-16T10:00:00+00:00,1784196000000,64090.00000000,64269.42000000,64077.75000000,64221.34000000,351.18175000
2026-07-16T11:00:00+00:00,1784199600000,64221.34000000,64269.42000000,64101.00000000,64256.53000000,377.01841000
2026-07-16T12:00:00+00:00,1784203200000,64256.52000000,64256.52000000,63838.28000000,63966.01000000,728.30687000
2026-07-16T13:00:00+00:00,1784206800000,63966.01000000,64480.00000000,63961.14000000,64376.00000000,827.04997000
2026-07-16T14:00:00+00:00,1784210400000,64375.99000000,64863.07000000,64332.57000000,64543.51000000,993.97642000
2026-07-16T15:00:00+00:00,1784214000000,64543.51000000,64896.00000000,64320.00000000,64704.73000000,620.57363000
2026-07-16T16:00:00+00:00,1784217600000,64704.73000000,64712.00000000,64333.33000000,64484.00000000,523.57946000
2026-07-16T17:00:00+00:00,1784221200000,64484.01000000,64484.01000000,63984.09000000,64069.03000000,616.12218000
2026-07-16T18:00:00+00:00,1784224800000,64069.04000000,64330.00000000,64052.14000000,64246.01000000,275.58322000
2026-07-16T19:00:00+00:00,1784228400000,64246.01000000,64301.99000000,64152.00000000,64271.84000000,368.59969000
2026-07-16T20:00:00+00:00,1784232000000,64271.85000000,64276.00000000,64108.00000000,64114.27000000,169.71905000
2026-07-16T21:00:00+00:00,1784235600000,64114.25000000,64253.25000000,64101.18000000,64161.99000000,188.09780000
2026-07-16T22:00:00+00:00,1784239200000,64162.00000000,64240.12000000,63950.01000000,63968.00000000,351.60652000
2026-07-16T23:00:00+00:00,1784242800000,63968.01000000,64010.58000000,63748.74000000,63830.20000000,515.53223000
2026-07-17T00:00:00+00:00,1784246400000,63830.20000000,63912.00000000,63612.62000000,63886.00000000,435.36884000
2026-07-17T01:00:00+00:00,1784250000000,63886.00000000,64067.69000000,63476.00000000,63546.24000000,735.77497000
2026-07-17T02:00:00+00:00,1784253600000,63546.25000000,63657.99000000,63380.28000000,63482.00000000,818.39465000
2026-07-17T03:00:00+00:00,1784257200000,63482.00000000,63720.00000000,63482.00000000,63570.00000000,676.04775000
2026-07-17T04:00:00+00:00,1784260800000,63570.00000000,63576.00000000,63320.00000000,63486.01000000,490.83509000
2026-07-17T05:00:00+00:00,1784264400000,63486.01000000,63486.01000000,62804.30000000,62839.76000000,1190.44758000
2026-07-17T06:00:00+00:00,1784268000000,62839.77000000,62998.52000000,62710.00000000,62948.00000000,1200.24888000
2026-07-17T07:00:00+00:00,1784271600000,62948.00000000,62983.99000000,62800.00000000,62828.11000000,1288.47496000
2026-07-17T08:00:00+00:00,1784275200000,62828.11000000,62939.04000000,62666.00000000,62888.00000000,838.15570000
2026-07-17T09:00:00+00:00,1784278800000,62888.01000000,63069.06000000,62852.89000000,62989.46000000,603.45822000
2026-07-17T10:00:00+00:00,1784282400000,62989.47000000,63201.91000000,62989.47000000,63179.92000000,534.56662000
2026-07-17T11:00:00+00:00,1784286000000,63179.91000000,63361.70000000,63063.67000000,63298.01000000,617.19974000
2026-07-17T12:00:00+00:00,1784289600000,63298.00000000,63348.00000000,63069.09000000,63099.75000000,618.64826000
2026-07-17T13:00:00+00:00,1784293200000,63099.75000000,63180.00000000,62537.56000000,63153.99000000,1381.50027000
2026-07-17T14:00:00+00:00,1784296800000,63154.00000000,63518.00000000,63051.77000000,63174.00000000,1199.38162000
2026-07-17T15:00:00+00:00,1784300400000,63174.01000000,63452.00000000,62856.16000000,63452.00000000,702.84059000
2026-07-17T16:00:00+00:00,1784304000000,63452.00000000,63706.75000000,63312.01000000,63594.00000000,881.75053000
2026-07-17T17:00:00+00:00,1784307600000,63594.00000000,64228.27000000,63594.00000000,64049.86000000,1210.18889000
2026-07-17T18:00:00+00:00,1784311200000,64049.85000000,64387.99000000,63894.00000000,64259.73000000,761.86335000
2026-07-17T19:00:00+00:00,1784314800000,64259.73000000,64259.73000000,63981.20000000,64160.80000000,578.45246000
2026-07-17T20:00:00+00:00,1784318400000,64160.80000000,64192.57000000,63958.19000000,64120.00000000,456.18305000
2026-07-17T21:00:00+00:00,1784322000000,64120.01000000,64216.61000000,64064.00000000,64110.00000000,284.21145000
2026-07-17T22:00:00+00:00,1784325600000,64110.01000000,64147.00000000,63903.63000000,63986.00000000,255.88006000
2026-07-17T23:00:00+00:00,1784329200000,63986.01000000,64011.08000000,63884.35000000,63931.67000000,430.02036000
2026-07-18T00:00:00+00:00,1784332800000,63931.67000000,64012.39000000,63895.33000000,63910.04000000,217.92923000
2026-07-18T01:00:00+00:00,1784336400000,63910.05000000,64000.00000000,63886.65000000,63952.98000000,200.93158000
2026-07-18T02:00:00+00:00,1784340000000,63952.97000000,64032.60000000,63930.54000000,63967.61000000,372.49980000
2026-07-18T03:00:00+00:00,1784343600000,63967.61000000,64017.85000000,63928.15000000,64017.84000000,578.99589000
2026-07-18T04:00:00+00:00,1784347200000,64017.84000000,64017.85000000,63947.09000000,63967.99000000,311.74394000
2026-07-18T05:00:00+00:00,1784350800000,63968.00000000,63998.00000000,63926.39000000,63967.95000000,153.28461000
2026-07-18T06:00:00+00:00,1784354400000,63967.95000000,64005.99000000,63950.00000000,63979.67000000,193.68533000
2026-07-18T07:00:00+00:00,1784358000000,63979.67000000,64026.03000000,63974.94000000,64002.75000000,290.38620000
2026-07-18T08:00:00+00:00,1784361600000,64002.75000000,64019.64000000,63960.00000000,64006.01000000,293.43528000
2026-07-18T09:00:00+00:00,1784365200000,64006.01000000,64006.01000000,63887.73000000,63987.76000000,286.53507000
2026-07-18T10:00:00+00:00,1784368800000,63987.77000000,64026.39000000,63982.34000000,64016.43000000,264.09470000
2026-07-18T11:00:00+00:00,1784372400000,64016.43000000,64097.22000000,64010.99000000,64069.89000000,259.43503000
2026-07-18T12:00:00+00:00,1784376000000,64069.89000000,64274.47000000,64057.27000000,64218.00000000,554.94465000
2026-07-18T13:00:00+00:00,1784379600000,64218.01000000,64218.01000000,63963.00000000,64106.00000000,300.90627000
2026-07-18T14:00:00+00:00,1784383200000,64105.99000000,64195.01000000,64101.42000000,64126.00000000,182.82691000
2026-07-18T15:00:00+00:00,1784386800000,64126.00000000,64163.99000000,64037.45000000,64123.12000000,202.91031000
2026-07-18T16:00:00+00:00,1784390400000,64123.13000000,64314.00000000,64091.48000000,64303.47000000,325.76583000
2026-07-18T17:00:00+00:00,1784394000000,64303.48000000,64492.00000000,64280.22000000,64480.29000000,572.40254000
2026-07-18T18:00:00+00:00,1784397600000,64480.28000000,64669.50000000,64462.00000000,64512.41000000,531.00754000
2026-07-18T19:00:00+00:00,1784401200000,64512.41000000,64597.90000000,64482.00000000,64552.79000000,294.01495000
2026-07-18T20:00:00+00:00,1784404800000,64552.80000000,64739.64000000,64528.69000000,64693.01000000,554.55726000
2026-07-18T21:00:00+00:00,1784408400000,64693.02000000,64846.83000000,64614.36000000,64731.72000000,365.29033000
2026-07-18T22:00:00+00:00,1784412000000,64731.73000000,64865.00000000,64712.29000000,64805.05000000,503.12891000
2026-07-18T23:00:00+00:00,1784415600000,64805.04000000,64843.30000000,64709.28000000,64834.22000000,220.46796000
2026-07-19T00:00:00+00:00,1784419200000,64834.21000000,64906.40000000,64769.47000000,64792.08000000,443.04046000
2026-07-19T01:00:00+00:00,1784422800000,64792.08000000,64792.09000000,64765.99000000,64765.99000000,211.03912000
2026-07-19T02:00:00+00:00,1784426400000,64766.00000000,64967.25000000,64700.84000000,64826.01000000,574.09127000
2026-07-19T03:00:00+00:00,1784430000000,64826.01000000,64842.92000000,64620.44000000,64706.18000000,416.11384000
2026-07-19T04:00:00+00:00,1784433600000,64706.18000000,64795.43000000,64610.89000000,64720.17000000,249.31584000
2026-07-19T05:00:00+00:00,1784437200000,64720.17000000,64815.65000000,64676.00000000,64724.01000000,206.27533000
2026-07-19T06:00:00+00:00,1784440800000,64724.00000000,64759.33000000,64694.66000000,64711.69000000,244.79532000
2026-07-19T07:00:00+00:00,1784444400000,64711.69000000,64784.00000000,64675.00000000,64711.05000000,401.27453000
2026-07-19T08:00:00+00:00,1784448000000,64711.04000000,64743.00000000,64631.54000000,64707.49000000,602.66232000
2026-07-19T09:00:00+00:00,1784451600000,64707.48000000,64725.74000000,64500.00000000,64509.99000000,392.93472000
2026-07-19T10:00:00+00:00,1784455200000,64510.00000000,64700.00000000,64482.00000000,64595.00000000,334.64364000
2026-07-19T11:00:00+00:00,1784458800000,64595.00000000,64636.28000000,64445.00000000,64467.64000000,208.69371000
2026-07-19T12:00:00+00:00,1784462400000,64467.65000000,64467.65000000,64285.24000000,64441.15000000,549.28590000
2026-07-19T13:00:00+00:00,1784466000000,64441.16000000,64516.33000000,64307.72000000,64483.31000000,325.94592000
2026-07-19T14:00:00+00:00,1784469600000,64483.32000000,64663.04000000,64425.24000000,64593.07000000,328.97060000
2026-07-19T15:00:00+00:00,1784473200000,64593.07000000,64620.00000000,64500.00000000,64585.32000000,260.30458000
2026-07-19T16:00:00+00:00,1784476800000,64585.33000000,64644.00000000,64505.21000000,64538.72000000,321.63819000
2026-07-19T17:00:00+00:00,1784480400000,64538.72000000,64752.00000000,64406.30000000,64547.86000000,402.19584000
2026-07-19T18:00:00+00:00,1784484000000,64547.86000000,64554.00000000,64280.00000000,64419.99000000,321.71164000
2026-07-19T19:00:00+00:00,1784487600000,64420.00000000,64467.82000000,64352.00000000,64462.58000000,115.02705000
2026-07-19T20:00:00+00:00,1784491200000,64462.58000000,64560.00000000,64462.57000000,64535.99000000,100.52602000
2026-07-19T21:00:00+00:00,1784494800000,64536.00000000,64562.55000000,64350.00000000,64415.75000000,221.49991000
2026-07-19T22:00:00+00:00,1784498400000,64415.75000000,64900.00000000,64347.89000000,64674.67000000,828.28879000
2026-07-19T23:00:00+00:00,1784502000000,64674.66000000,64772.00000000,64572.00000000,64722.54000000,319.64020000
2026-07-20T00:00:00+00:00,1784505600000,64722.55000000,65107.99000000,64416.00000000,64553.84000000,736.05935000
2026-07-20T01:00:00+00:00,1784509200000,64553.85000000,65029.40000000,64506.00000000,64628.01000000,401.29098000
2026-07-20T02:00:00+00:00,1784512800000,64628.01000000,64964.00000000,64585.00000000,64827.20000000,378.92701000
2026-07-20T03:00:00+00:00,1784516400000,64827.19000000,64914.93000000,64644.01000000,64869.80000000,340.53514000
2026-07-20T04:00:00+00:00,1784520000000,64869.79000000,64869.99000000,64540.00000000,64540.01000000,333.38076000
2026-07-20T05:00:00+00:00,1784523600000,64540.00000000,64562.00000000,64082.70000000,64128.00000000,978.47191000
2026-07-20T06:00:00+00:00,1784527200000,64128.01000000,64220.00000000,63765.83000000,63917.98000000,852.13818000
2026-07-20T07:00:00+00:00,1784530800000,63917.99000000,64315.96000000,63896.00000000,64280.01000000,998.28115000
2026-07-20T08:00:00+00:00,1784534400000,64280.01000000,64356.00000000,63100.00000000,64049.99000000,3901.45477000
2026-07-20T09:00:00+00:00,1784538000000,64050.00000000,64276.00000000,64012.80000000,64199.50000000,508.64903000
2026-07-20T10:00:00+00:00,1784541600000,64199.51000000,64415.42000000,64162.00000000,64301.18000000,339.54836000
2026-07-20T11:00:00+00:00,1784545200000,64301.18000000,65068.00000000,64273.33000000,65002.01000000,1040.02207000
2026-07-20T12:00:00+00:00,1784548800000,65002.00000000,65002.83000000,64599.89000000,64640.00000000,1301.45682000
2026-07-20T13:00:00+00:00,1784552400000,64640.00000000,64763.67000000,64208.00000000,64344.01000000,1171.73283000
2026-07-20T14:00:00+00:00,1784556000000,64344.01000000,64575.37000000,64077.76000000,64416.01000000,811.23879000
2026-07-20T15:00:00+00:00,1784559600000,64416.01000000,65666.80000000,64398.15000000,65598.75000000,2563.16846000
2026-07-20T16:00:00+00:00,1784563200000,65598.75000000,65637.70000000,65336.00000000,65508.50000000,1056.62117000
2026-07-20T17:00:00+00:00,1784566800000,65508.50000000,65646.55000000,65342.52000000,65587.98000000,673.41436000
2026-07-20T18:00:00+00:00,1784570400000,65587.99000000,65799.00000000,65204.00000000,65240.01000000,708.20295000
2026-07-20T19:00:00+00:00,1784574000000,65240.01000000,65274.58000000,65041.05000000,65142.00000000,856.15121000
2026-07-20T20:00:00+00:00,1784577600000,65142.00000000,65438.00000000,65061.92000000,65367.58000000,339.09983000
2026-07-20T21:00:00+00:00,1784581200000,65367.57000000,65445.27000000,65272.32000000,65286.02000000,264.99229000
2026-07-20T22:00:00+00:00,1784584800000,65286.02000000,65286.02000000,65092.66000000,65141.99000000,333.37114000
2026-07-20T23:00:00+00:00,1784588400000,65142.00000000,65272.21000000,65128.17000000,65255.51000000,435.27846000
2026-07-21T00:00:00+00:00,1784592000000,65255.51000000,65585.00000000,65148.75000000,65568.01000000,685.78688000
2026-07-21T01:00:00+00:00,1784595600000,65568.00000000,65658.78000000,65232.65000000,65235.55000000,421.88460000
2026-07-21T02:00:00+00:00,1784599200000,65235.56000000,65500.00000000,65176.20000000,65414.01000000,382.21075000
2026-07-21T03:00:00+00:00,1784602800000,65414.01000000,65593.11000000,65411.74000000,65566.78000000,795.51369000
2026-07-21T04:00:00+00:00,1784606400000,65566.77000000,65742.58000000,65471.69000000,65522.01000000,600.76388000
2026-07-21T05:00:00+00:00,1784610000000,65522.00000000,65933.24000000,65485.55000000,65751.56000000,864.81950000
2026-07-21T06:00:00+00:00,1784613600000,65751.56000000,65991.05000000,65634.00000000,65913.00000000,733.43884000
2026-07-21T07:00:00+00:00,1784617200000,65913.00000000,66245.64000000,65866.00000000,66186.86000000,1338.71722000
2026-07-21T08:00:00+00:00,1784620800000,66186.86000000,66354.00000000,66129.19000000,66226.44000000,1032.71252000
2026-07-21T09:00:00+00:00,1784624400000,66226.43000000,66350.00000000,66144.00000000,66291.99000000,472.96398000
2026-07-21T10:00:00+00:00,1784628000000,66292.00000000,66420.65000000,66176.55000000,66180.00000000,1179.04438000
2026-07-21T11:00:00+00:00,1784631600000,66180.00000000,66350.00000000,66147.82000000,66345.59000000,752.24871000
2026-07-21T12:00:00+00:00,1784635200000,66345.59000000,66640.00000000,66255.73000000,66558.82000000,1002.49408000
2026-07-21T13:00:00+00:00,1784638800000,66558.81000000,66810.97000000,66315.62000000,66786.00000000,1358.43796000
2026-07-21T14:00:00+00:00,1784642400000,66786.00000000,66956.15000000,66648.27000000,66842.30000000,1722.33044000
2026-07-21T15:00:00+00:00,1784646000000,66842.29000000,66842.30000000,66517.52000000,66676.54000000,948.73464000
2026-07-21T16:00:00+00:00,1784649600000,66676.53000000,66764.00000000,66462.32000000,66542.01000000,672.73654000
2026-07-21T17:00:00+00:00,1784653200000,66542.01000000,66567.59000000,66052.63000000,66207.95000000,1024.80980000
2026-07-21T18:00:00+00:00,1784656800000,66207.96000000,66358.00000000,66098.71000000,66319.95000000,619.31647000
2026-07-21T19:00:00+00:00,1784660400000,66319.96000000,66502.80000000,66264.12000000,66444.76000000,623.55174000
2026-07-21T20:00:00+00:00,1784664000000,66444.76000000,66496.00000000,66359.30000000,66406.57000000,288.41886000
2026-07-21T21:00:00+00:00,1784667600000,66406.58000000,66408.26000000,66290.00000000,66385.00000000,330.71956000
2026-07-21T22:00:00+00:00,1784671200000,66385.00000000,66388.35000000,66204.00000000,66304.02000000,432.07240000
2026-07-21T23:00:00+00:00,1784674800000,66304.02000000,66576.00000000,66228.55000000,66556.16000000,334.55343000
2026-07-22T00:00:00+00:00,1784678400000,66556.15000000,66739.89000000,66525.54000000,66620.97000000,961.25987000
2026-07-22T01:00:00+00:00,1784682000000,66620.97000000,66661.79000000,66282.65000000,66433.30000000,801.84590000
2026-07-22T02:00:00+00:00,1784685600000,66433.29000000,66532.26000000,66298.00000000,66314.12000000,584.20390000
2026-07-22T03:00:00+00:00,1784689200000,66314.12000000,66371.27000000,66176.00000000,66210.00000000,535.35393000
2026-07-22T04:00:00+00:00,1784692800000,66209.99000000,66424.00000000,66198.00000000,66381.05000000,1016.50384000
2026-07-22T05:00:00+00:00,1784696400000,66381.05000000,66381.05000000,65944.51000000,65974.90000000,732.84767000
2026-07-22T06:00:00+00:00,1784700000000,65974.90000000,66026.93000000,65830.94000000,65934.33000000,677.13061000
2026-07-22T07:00:00+00:00,1784703600000,65934.34000000,65968.90000000,65701.00000000,65843.48000000,1698.20928000
2026-07-22T08:00:00+00:00,1784707200000,65843.48000000,66164.57000000,65843.47000000,65987.96000000,1762.03259000
2026-07-22T09:00:00+00:00,1784710800000,65987.97000000,66082.50000000,65850.00000000,65928.00000000,1983.57551000
2026-07-22T10:00:00+00:00,1784714400000,65928.01000000,66116.36000000,65898.00000000,66046.02000000,636.27622000
2026-07-22T11:00:00+00:00,1784718000000,66046.01000000,66092.59000000,65909.16000000,66013.36000000,789.42664000
2026-07-22T12:00:00+00:00,1784721600000,66013.36000000,66013.37000000,65553.67000000,65636.01000000,572.31956000
2026-07-22T13:00:00+00:00,1784725200000,65636.01000000,65982.28000000,65559.66000000,65951.39000000,762.44551000
2026-07-22T14:00:00+00:00,1784728800000,65951.38000000,66204.98000000,65588.00000000,65793.98000000,977.66799000
2026-07-22T15:00:00+00:00,1784732400000,65793.98000000,66125.00000000,65793.98000000,66047.39000000,689.66439000
2026-07-22T16:00:00+00:00,1784736000000,66047.38000000,66384.00000000,65911.60000000,66229.01000000,531.34681000
2026-07-22T17:00:00+00:00,1784739600000,66229.01000000,66275.29000000,65944.00000000,66024.03000000,332.68865000
2026-07-22T18:00:00+00:00,1784743200000,66024.02000000,66075.91000000,65726.08000000,65895.46000000,372.67709000
2026-07-22T19:00:00+00:00,1784746800000,65895.46000000,65958.56000000,65691.93000000,65923.19000000,284.49057000
2026-07-22T20:00:00+00:00,1784750400000,65923.19000000,65986.00000000,65791.79000000,65919.68000000,303.33342000
2026-07-22T21:00:00+00:00,1784754000000,65919.67000000,66133.98000000,65892.64000000,66072.47000000,345.28683000
2026-07-22T22:00:00+00:00,1784757600000,66072.48000000,66080.94000000,65932.00000000,66044.17000000,283.82490000
2026-07-22T23:00:00+00:00,1784761200000,66044.17000000,66138.24000000,65844.30000000,66114.49000000,440.45434000
2026-07-23T00:00:00+00:00,1784764800000,66114.50000000,66313.14000000,66054.58000000,66058.19000000,818.52742000
2026-07-23T01:00:00+00:00,1784768400000,66058.20000000,66208.00000000,65751.00000000,65830.00000000,911.89269000
2026-07-23T02:00:00+00:00,1784772000000,65830.00000000,65843.25000000,65653.23000000,65805.34000000,489.67764000
2026-07-23T03:00:00+00:00,1784775600000,65805.35000000,65816.00000000,65585.11000000,65662.53000000,518.12407000
2026-07-23T04:00:00+00:00,1784779200000,65662.53000000,65738.99000000,65590.12000000,65616.48000000,673.83221000
2026-07-23T05:00:00+00:00,1784782800000,65616.49000000,65797.93000000,65570.12000000,65691.01000000,258.16071000
2026-07-23T06:00:00+00:00,1784786400000,65691.01000000,65821.17000000,65625.20000000,65790.00000000,198.22051000
2026-07-23T07:00:00+00:00,1784790000000,65790.00000000,65790.00000000,65351.02000000,65442.13000000,625.49860000
2026-07-23T08:00:00+00:00,1784793600000,65442.12000000,65665.99000000,65419.75000000,65633.00000000,617.22753000
2026-07-23T09:00:00+00:00,1784797200000,65632.99000000,65757.99000000,65608.18000000,65638.92000000,505.16907000
2026-07-23T10:00:00+00:00,1784800800000,65638.92000000,65792.09000000,65589.69000000,65740.00000000,314.19369000
2026-07-23T11:00:00+00:00,1784804400000,65740.00000000,65740.01000000,65540.93000000,65555.21000000,260.87827000
2026-07-23T12:00:00+00:00,1784808000000,65555.21000000,65589.41000000,64988.05000000,65167.04000000,1080.21623000
2026-07-23T13:00:00+00:00,1784811600000,65167.05000000,65221.29000000,64863.62000000,64880.00000000,1019.68548000
2026-07-23T14:00:00+00:00,1784815200000,64880.00000000,65216.24000000,64822.13000000,64909.99000000,1122.58373000
2026-07-23T15:00:00+00:00,1784818800000,64910.00000000,65023.68000000,64728.00000000,64958.36000000,1087.45523000
2026-07-23T16:00:00+00:00,1784822400000,64958.37000000,64961.15000000,64704.57000000,64756.84000000,823.97347000
2026-07-23T17:00:00+00:00,1784826000000,64756.84000000,64900.00000000,64650.00000000,64681.27000000,610.54166000
2026-07-23T18:00:00+00:00,1784829600000,64681.26000000,64948.05000000,64680.00000000,64869.12000000,473.57506000
2026-07-23T19:00:00+00:00,1784833200000,64869.13000000,64934.75000000,64686.56000000,64846.94000000,525.37224000
2026-07-23T20:00:00+00:00,1784836800000,64846.93000000,65217.93000000,64834.52000000,65147.50000000,435.69297000
2026-07-23T21:00:00+00:00,1784840400000,65147.50000000,65210.35000000,65014.00000000,65169.81000000,348.67820000
2026-07-23T22:00:00+00:00,1784844000000,65169.82000000,65227.99000000,65013.94000000,65195.43000000,465.02672000
2026-07-23T23:00:00+00:00,1784847600000,65195.43000000,65235.43000000,65052.01000000,65098.97000000,514.02333000
2026-07-24T00:00:00+00:00,1784851200000,65098.98000000,65113.86000000,64762.18000000,64973.99000000,343.41298000
2026-07-24T01:00:00+00:00,1784854800000,64974.00000000,65168.00000000,64944.37000000,65086.00000000,666.39562000
2026-07-24T02:00:00+00:00,1784858400000,65086.00000000,65187.57000000,64925.45000000,65116.99000000,432.37390000
2026-07-24T03:00:00+00:00,1784862000000,65116.99000000,65464.35000000,65078.00000000,65456.70000000,382.69980000
2026-07-24T04:00:00+00:00,1784865600000,65456.70000000,65469.86000000,65272.26000000,65318.00000000,299.69580000
2026-07-24T05:00:00+00:00,1784869200000,65318.01000000,65394.00000000,65248.00000000,65325.00000000,372.30415000
2026-07-24T06:00:00+00:00,1784872800000,65325.01000000,65519.93000000,65278.07000000,65472.00000000,914.26438000
2026-07-24T07:00:00+00:00,1784876400000,65472.00000000,65808.59000000,65320.69000000,65499.95000000,1219.60281000
2026-07-24T08:00:00+00:00,1784880000000,65499.94000000,65508.17000000,65302.18000000,65302.18000000,306.26025000
2026-07-24T09:00:00+00:00,1784883600000,65302.18000000,65314.66000000,64952.38000000,65113.13000000,478.93491000
2026-07-24T10:00:00+00:00,1784887200000,65113.13000000,65157.99000000,64906.85000000,64950.00000000,716.12782000
2026-07-24T11:00:00+00:00,1784890800000,64950.01000000,65099.99000000,64857.14000000,65083.43000000,751.17375000
2026-07-24T12:00:00+00:00,1784894400000,65083.42000000,65133.99000000,64766.00000000,64780.01000000,507.45117000
2026-07-24T13:00:00+00:00,1784898000000,64780.00000000,64802.00000000,63920.01000000,64155.46000000,2007.68582000
2026-07-24T14:00:00+00:00,1784901600000,64155.47000000,64198.30000000,63739.75000000,64055.12000000,1591.08926000
2026-07-24T15:00:00+00:00,1784905200000,64055.11000000,64333.33000000,63858.00000000,64093.85000000,1939.18979000
2026-07-24T16:00:00+00:00,1784908800000,64093.86000000,64200.00000000,63881.46000000,63958.00000000,529.35925000
2026-07-24T17:00:00+00:00,1784912400000,63958.01000000,64202.91000000,63905.51000000,64180.00000000,525.47557000
2026-07-24T18:00:00+00:00,1784916000000,64180.00000000,64290.10000000,64129.75000000,64272.00000000,390.98725000
2026-07-24T19:00:00+00:00,1784919600000,64272.01000000,64292.44000000,64141.18000000,64225.32000000,579.59462000
2026-07-24T20:00:00+00:00,1784923200000,64225.32000000,64288.02000000,64128.89000000,64170.23000000,214.82759000
2026-07-24T21:00:00+00:00,1784926800000,64170.24000000,64258.73000000,64122.29000000,64155.00000000,651.81342000
2026-07-24T22:00:00+00:00,1784930400000,64155.00000000,64216.27000000,64121.86000000,64169.01000000,587.59798000
2026-07-24T23:00:00+00:00,1784934000000,64169.01000000,64187.40000000,64134.71000000,64139.99000000,412.95391000
2026-07-25T00:00:00+00:00,1784937600000,64140.00000000,64179.03000000,64033.18000000,64073.61000000,386.54772000
2026-07-25T01:00:00+00:00,1784941200000,64073.61000000,64160.00000000,64006.55000000,64068.01000000,493.07694000
2026-07-25T02:00:00+00:00,1784944800000,64068.00000000,64099.99000000,64017.87000000,64052.00000000,479.58839000
2026-07-25T03:00:00+00:00,1784948400000,64052.01000000,64105.61000000,64016.65000000,64085.36000000,469.51581000
2026-07-25T04:00:00+00:00,1784952000000,64085.36000000,64205.67000000,64085.15000000,64181.46000000,171.38031000
2026-07-25T05:00:00+00:00,1784955600000,64181.45000000,64199.76000000,63980.01000000,64024.00000000,245.62438000
2026-07-25T06:00:00+00:00,1784959200000,64024.00000000,64063.37000000,63964.57000000,64010.00000000,248.54758000
2026-07-25T07:00:00+00:00,1784962800000,64010.00000000,64038.52000000,64000.00000000,64003.20000000,408.36611000
2026-07-25T08:00:00+00:00,1784966400000,64003.20000000,64010.01000000,63810.00000000,63876.06000000,507.52898000
2026-07-25T09:00:00+00:00,1784970000000,63876.07000000,64024.72000000,63830.00000000,63999.99000000,1813.61210000
2026-07-25T10:00:00+00:00,1784973600000,64000.00000000,64070.00000000,63996.00000000,64070.00000000,200.57959000
2026-07-25T11:00:00+00:00,1784977200000,64069.99000000,64113.00000000,64047.09000000,64064.01000000,226.46632000
2026-07-25T12:00:00+00:00,1784980800000,64064.01000000,64123.80000000,64043.00000000,64123.80000000,179.41020000
2026-07-25T13:00:00+00:00,1784984400000,64123.80000000,64267.78000000,64106.74000000,64172.00000000,285.46591000
2026-07-25T14:00:00+00:00,1784988000000,64172.01000000,64217.09000000,64126.00000000,64214.04000000,270.20323000
2026-07-25T15:00:00+00:00,1784991600000,64214.05000000,64272.00000000,64169.99000000,64182.00000000,193.98029000
2026-07-25T16:00:00+00:00,1784995200000,64182.01000000,64241.71000000,64123.00000000,64206.60000000,126.61028000
2026-07-25T17:00:00+00:00,1784998800000,64206.61000000,64356.00000000,64194.37000000,64267.40000000,187.81706000
2026-07-25T18:00:00+00:00,1785002400000,64267.41000000,64475.28000000,64267.41000000,64415.99000000,314.52068000
2026-07-25T19:00:00+00:00,1785006000000,64415.99000000,64438.12000000,64388.38000000,64388.38000000,219.49730000
2026-07-25T20:00:00+00:00,1785009600000,64388.39000000,64392.74000000,64313.00000000,64339.75000000,213.90166000
2026-07-25T21:00:00+00:00,1785013200000,64339.75000000,64430.00000000,64263.03000000,64344.02000000,177.06463000
2026-07-25T22:00:00+00:00,1785016800000,64344.02000000,64426.00000000,64344.01000000,64412.00000000,625.93723000
2026-07-25T23:00:00+00:00,1785020400000,64412.01000000,64429.38000000,64363.00000000,64375.00000000,417.80760000
2026-07-26T00:00:00+00:00,1785024000000,64375.01000000,64507.00000000,64350.00000000,64506.99000000,256.73658000
2026-07-26T01:00:00+00:00,1785027600000,64506.99000000,64541.66000000,64456.67000000,64462.00000000,277.18148000
2026-07-26T02:00:00+00:00,1785031200000,64462.00000000,64527.59000000,64427.59000000,64527.56000000,117.02260000
2026-07-26T03:00:00+00:00,1785034800000,64527.57000000,64582.00000000,64488.73000000,64557.00000000,304.96319000
2026-07-26T04:00:00+00:00,1785038400000,64557.00000000,64599.95000000,64491.73000000,64530.06000000,425.16453000
2026-07-26T05:00:00+00:00,1785042000000,64530.06000000,64530.07000000,64403.95000000,64417.69000000,131.14508000
2026-07-26T06:00:00+00:00,1785045600000,64417.68000000,64457.55000000,64293.81000000,64438.00000000,408.23581000
2026-07-26T07:00:00+00:00,1785049200000,64438.01000000,64460.00000000,64341.99000000,64370.00000000,273.49735000
2026-07-26T08:00:00+00:00,1785052800000,64370.00000000,64493.99000000,64353.00000000,64480.01000000,204.14991000
2026-07-26T09:00:00+00:00,1785056400000,64480.02000000,64549.02000000,64478.38000000,64538.00000000,164.82486000
2026-07-26T10:00:00+00:00,1785060000000,64538.01000000,64573.73000000,64497.62000000,64515.40000000,137.04740000
2026-07-26T11:00:00+00:00,1785063600000,64515.39000000,64535.99000000,64495.17000000,64507.35000000,174.84399000
2026-07-26T12:00:00+00:00,1785067200000,64507.36000000,64662.99000000,64434.00000000,64466.67000000,319.29329000
2026-07-26T13:00:00+00:00,1785070800000,64466.68000000,64571.42000000,64414.00000000,64518.00000000,319.15410000
2026-07-26T14:00:00+00:00,1785074400000,64517.99000000,64768.23000000,64517.99000000,64712.99000000,504.24215000
2026-07-26T15:00:00+00:00,1785078000000,64713.00000000,64827.00000000,64673.42000000,64768.00000000,313.86895000
2026-07-26T16:00:00+00:00,1785081600000,64768.00000000,64940.51000000,64703.23000000,64734.17000000,420.05042000
2026-07-26T17:00:00+00:00,1785085200000,64734.17000000,64794.45000000,64668.91000000,64697.20000000,347.81315000
2026-07-26T18:00:00+00:00,1785088800000,64697.21000000,64769.99000000,64668.91000000,64734.38000000,114.76281000
2026-07-26T19:00:00+00:00,1785092400000,64734.39000000,64753.00000000,64671.91000000,64695.52000000,369.55718000
2026-07-26T20:00:00+00:00,1785096000000,64695.52000000,64703.36000000,64631.57000000,64649.04000000,120.01782000
2026-07-26T21:00:00+00:00,1785099600000,64649.04000000,64924.00000000,64649.03000000,64858.02000000,268.26505000
2026-07-26T22:00:00+00:00,1785103200000,64858.03000000,65502.60000000,64858.03000000,65412.68000000,1331.07392000
2026-07-26T23:00:00+00:00,1785106800000,65412.69000000,65577.00000000,65273.76000000,65399.99000000,630.14927000
2026-07-27T00:00:00+00:00,1785110400000,65400.00000000,65418.81000000,65065.46000000,65131.95000000,465.77387000
2026-07-27T01:00:00+00:00,1785114000000,65131.96000000,65225.75000000,64892.03000000,65206.21000000,478.78723000
2026-07-27T02:00:00+00:00,1785117600000,65206.21000000,65281.64000000,65118.08000000,65172.00000000,475.81825000
2026-07-27T03:00:00+00:00,1785121200000,65172.02000000,65367.73000000,65161.99000000,65284.00000000,519.18282000
2026-07-27T04:00:00+00:00,1785124800000,65284.00000000,65500.00000000,65242.69000000,65282.80000000,331.55981000
2026-07-27T05:00:00+00:00,1785128400000,65282.81000000,65493.38000000,65282.80000000,65468.38000000,284.79372000
2026-07-27T06:00:00+00:00,1785132000000,65468.38000000,65744.60000000,65404.90000000,65416.76000000,867.34730000
2026-07-27T07:00:00+00:00,1785135600000,65416.77000000,65447.02000000,65217.16000000,65221.99000000,1066.09119000
2026-07-27T08:00:00+00:00,1785139200000,65221.99000000,65258.00000000,65128.85000000,65162.98000000,724.97518000
2026-07-27T09:00:00+00:00,1785142800000,65162.98000000,65348.17000000,65100.00000000,65262.17000000,1478.16072000
2026-07-27T10:00:00+00:00,1785146400000,65262.18000000,65432.00000000,65230.01000000,65333.35000000,412.29993000
2026-07-27T11:00:00+00:00,1785150000000,65333.35000000,65333.36000000,65092.00000000,65100.79000000,287.15002000
2026-07-27T12:00:00+00:00,1785153600000,65100.79000000,65255.76000000,64836.00000000,65086.00000000,587.73231000
2026-07-27T13:00:00+00:00,1785157200000,65086.00000000,65718.00000000,64913.12000000,65217.37000000,1076.54142000
2026-07-27T14:00:00+00:00,1785160800000,65217.38000000,65431.90000000,64459.82000000,64687.45000000,1132.47674000
2026-07-27T15:00:00+00:00,1785164400000,64687.45000000,64776.00000000,64418.01000000,64554.01000000,596.28993000
2026-07-27T16:00:00+00:00,1785168000000,64554.00000000,64970.93000000,64517.78000000,64898.52000000,473.37301000
2026-07-27T17:00:00+00:00,1785171600000,64898.53000000,65090.00000000,64794.37000000,65019.81000000,404.49207000
2026-07-27T18:00:00+00:00,1785175200000,65019.81000000,65058.32000000,64755.67000000,64878.00000000,323.26344000
2026-07-27T19:00:00+00:00,1785178800000,64878.00000000,65078.00000000,64810.90000000,64984.00000000,291.82434000
2026-07-27T20:00:00+00:00,1785182400000,64983.99000000,65056.00000000,64908.01000000,64960.65000000,197.69959000
2026-07-27T21:00:00+00:00,1785186000000,64960.64000000,64960.65000000,64790.28000000,64821.25000000,238.07403000
2026-07-27T22:00:00+00:00,1785189600000,64821.26000000,64821.26000000,63792.00000000,63792.00000000,1130.54656000
2026-07-27T23:00:00+00:00,1785193200000,63792.01000000,63940.27000000,63605.56000000,63755.86000000,947.65195000
2026-07-28T00:00:00+00:00,1785196800000,63755.86000000,63827.49000000,63469.30000000,63487.88000000,711.04544000
2026-07-28T01:00:00+00:00,1785200400000,63487.88000000,63529.89000000,63059.39000000,63230.83000000,1245.20979000
2026-07-28T02:00:00+00:00,1785204000000,63230.82000000,63305.94000000,63108.00000000,63185.59000000,429.21894000
2026-07-28T03:00:00+00:00,1785207600000,63185.59000000,63375.39000000,63168.01000000,63343.83000000,728.50056000
2026-07-28T04:00:00+00:00,1785211200000,63343.82000000,63361.85000000,63221.26000000,63350.95000000,343.17382000
2026-07-28T05:00:00+00:00,1785214800000,63350.95000000,63623.50000000,63323.09000000,63451.61000000,390.51839000
2026-07-28T06:00:00+00:00,1785218400000,63451.62000000,63660.72000000,63395.13000000,63640.63000000,460.72288000
2026-07-28T07:00:00+00:00,1785222000000,63640.63000000,63668.71000000,63455.58000000,63505.99000000,985.98530000
2026-07-28T08:00:00+00:00,1785225600000,63506.00000000,63546.36000000,63406.11000000,63428.08000000,281.48766000
2026-07-28T09:00:00+00:00,1785229200000,63428.07000000,63581.33000000,63368.81000000,63393.99000000,315.43759000
2026-07-28T10:00:00+00:00,1785232800000,63393.99000000,63555.18000000,63294.00000000,63473.47000000,416.03570000
2026-07-28T11:00:00+00:00,1785236400000,63473.48000000,63593.00000000,63352.00000000,63450.00000000,405.45329000
2026-07-28T12:00:00+00:00,1785240000000,63449.99000000,63570.00000000,63364.96000000,63546.65000000,440.98415000
2026-07-28T13:00:00+00:00,1785243600000,63546.65000000,63588.00000000,62742.47000000,63104.00000000,1615.91422000
2026-07-28T14:00:00+00:00,1785247200000,63104.00000000,63550.00000000,62965.38000000,63412.45000000,868.98588000
2026-07-28T15:00:00+00:00,1785250800000,63412.45000000,64026.62000000,63269.28000000,63928.47000000,945.11572000
2026-07-28T16:00:00+00:00,1785254400000,63928.46000000,64100.00000000,63773.65000000,64043.26000000,517.94749000
2026-07-28T17:00:00+00:00,1785258000000,64043.27000000,64043.27000000,63504.00000000,63685.88000000,527.24876000
2026-07-28T18:00:00+00:00,1785261600000,63685.88000000,63849.09000000,63672.26000000,63734.49000000,311.51290000
2026-07-28T19:00:00+00:00,1785265200000,63734.49000000,63904.00000000,63675.93000000,63904.00000000,333.27009000
2026-07-28T20:00:00+00:00,1785268800000,63904.00000000,64018.39000000,63880.00000000,63917.55000000,300.22119000
2026-07-28T21:00:00+00:00,1785272400000,63917.55000000,64073.30000000,63892.00000000,63972.44000000,227.23863000
2026-07-28T22:00:00+00:00,1785276000000,63972.44000000,64020.76000000,63768.47000000,63783.71000000,319.67019000
2026-07-28T23:00:00+00:00,1785279600000,63783.72000000,63956.40000000,63562.00000000,63915.00000000,768.93138000
2026-07-29T00:00:00+00:00,1785283200000,63915.00000000,64200.00000000,63873.54000000,63953.99000000,862.01004000
2026-07-29T01:00:00+00:00,1785286800000,63954.00000000,63999.00000000,63690.00000000,63705.06000000,643.74129000
2026-07-29T02:00:00+00:00,1785290400000,63705.07000000,64132.42000000,63658.00000000,63979.96000000,459.75103000
2026-07-29T03:00:00+00:00,1785294000000,63979.96000000,64002.00000000,63710.00000000,63753.03000000,381.54189000
2026-07-29T04:00:00+00:00,1785297600000,63753.04000000,63970.92000000,63598.00000000,63968.34000000,635.48596000
2026-07-29T05:00:00+00:00,1785301200000,63968.34000000,64094.20000000,63890.07000000,64067.32000000,612.17163000
2026-07-29T06:00:00+00:00,1785304800000,64067.32000000,64471.00000000,64026.64000000,64435.62000000,959.62083000
2026-07-29T07:00:00+00:00,1785308400000,64435.63000000,64575.99000000,64402.67000000,64561.00000000,512.31101000
2026-07-29T08:00:00+00:00,1785312000000,64561.01000000,64588.00000000,64283.83000000,64417.31000000,442.88681000
2026-07-29T09:00:00+00:00,1785315600000,64417.31000000,64744.81000000,64386.94000000,64698.00000000,689.93306000
2026-07-29T10:00:00+00:00,1785319200000,64698.01000000,64718.00000000,64410.24000000,64469.83000000,337.46395000
2026-07-29T11:00:00+00:00,1785322800000,64469.84000000,64591.73000000,64422.50000000,64507.54000000,317.77588000
2026-07-29T12:00:00+00:00,1785326400000,64507.53000000,64507.54000000,64215.93000000,64276.81000000,475.51580000
2026-07-29T13:00:00+00:00,1785330000000,64276.82000000,64667.18000000,64139.68000000,64664.70000000,795.56970000
2026-07-29T14:00:00+00:00,1785333600000,64664.69000000,64718.87000000,64047.71000000,64108.01000000,736.50705000
2026-07-29T15:00:00+00:00,1785337200000,64108.01000000,64195.00000000,63886.00000000,63964.01000000,727.70384000
2026-07-29T16:00:00+00:00,1785340800000,63964.01000000,64146.53000000,63624.15000000,63808.33000000,758.02868000
2026-07-29T17:00:00+00:00,1785344400000,63808.33000000,64286.71000000,63709.19000000,64269.83000000,486.13508000
2026-07-29T18:00:00+00:00,1785348000000,64269.83000000,64648.79000000,63758.00000000,64501.52000000,1896.70634000
2026-07-29T19:00:00+00:00,1785351600000,64501.52000000,64600.00000000,63511.00000000,63589.46000000,1453.05091000
2026-07-29T20:00:00+00:00,1785355200000,63589.46000000,63746.42000000,63378.09000000,63522.01000000,788.59239000
2026-07-29T21:00:00+00:00,1785358800000,63522.01000000,63860.00000000,63267.34000000,63860.00000000,771.02443000
2026-07-29T22:00:00+00:00,1785362400000,63860.00000000,64131.44000000,63859.99000000,63942.50000000,704.70887000
2026-07-29T23:00:00+00:00,1785366000000,63942.50000000,64067.12000000,63899.00000000,63984.28000000,331.88265000
2026-07-30T00:00:00+00:00,1785369600000,63984.29000000,64125.61000000,63603.92000000,63696.72000000,649.94769000
2026-07-30T01:00:00+00:00,1785373200000,63696.73000000,64370.00000000,63690.00000000,64266.00000000,686.07285000
2026-07-30T02:00:00+00:00,1785376800000,64266.01000000,64411.76000000,64159.63000000,64189.99000000,575.17340000
2026-07-30T03:00:00+00:00,1785380400000,64190.00000000,64300.91000000,64133.99000000,64161.98000000,422.82640000
2026-07-30T04:00:00+00:00,1785384000000,64161.98000000,64180.00000000,64008.50000000,64023.99000000,927.45873000
2026-07-30T05:00:00+00:00,1785387600000,64024.00000000,64182.00000000,63907.85000000,64033.89000000,766.12333000
2026-07-30T06:00:00+00:00,1785391200000,64033.90000000,64080.00000000,63957.20000000,64002.00000000,642.99866000
2026-07-30T07:00:00+00:00,1785394800000,64001.99000000,64144.06000000,63943.29000000,64026.00000000,710.04842000
2026-07-30T08:00:00+00:00,1785398400000,64026.00000000,64358.99000000,63980.54000000,64308.01000000,1143.21426000
2026-07-30T09:00:00+00:00,1785402000000,64308.01000000,64641.37000000,64283.80000000,64567.56000000,2560.14823000
2026-07-30T10:00:00+00:00,1785405600000,64567.55000000,64631.99000000,64562.00000000,64570.72000000,459.04462000
2026-07-30T11:00:00+00:00,1785409200000,64570.72000000,64885.18000000,64542.73000000,64788.00000000,630.38864000
2026-07-30T12:00:00+00:00,1785412800000,64788.01000000,65043.94000000,64788.00000000,64925.00000000,819.62205000
2026-07-30T13:00:00+00:00,1785416400000,64925.00000000,65176.60000000,64689.02000000,65022.01000000,1173.19736000
2026-07-30T14:00:00+00:00,1785420000000,65022.00000000,65042.00000000,64620.00000000,64683.97000000,1065.79722000
2026-07-30T15:00:00+00:00,1785423600000,64683.97000000,64888.00000000,64607.31000000,64730.30000000,678.51535000
2026-07-30T16:00:00+00:00,1785427200000,64730.29000000,64963.64000000,64729.56000000,64818.01000000,615.24584000
2026-07-30T17:00:00+00:00,1785430800000,64818.01000000,64988.00000000,64772.00000000,64872.00000000,452.46770000
2026-07-30T18:00:00+00:00,1785434400000,64871.99000000,64899.80000000,64688.00000000,64702.80000000,263.98820000
2026-07-30T19:00:00+00:00,1785438000000,64702.80000000,64904.00000000,64702.79000000,64800.00000000,356.88836000
2026-07-30T20:00:00+00:00,1785441600000,64800.00000000,64936.00000000,64752.12000000,64777.37000000,330.42092000
2026-07-30T21:00:00+00:00,1785445200000,64777.38000000,64802.48000000,64700.34000000,64735.53000000,227.76045000
2026-07-30T22:00:00+00:00,1785448800000,64735.53000000,65029.29000000,64668.91000000,64851.16000000,482.45748000
2026-07-30T23:00:00+00:00,1785452400000,64851.16000000,65086.40000000,64740.00000000,64780.02000000,491.77870000
2026-07-31T00:00:00+00:00,1785456000000,64780.03000000,64901.55000000,64690.29000000,64724.91000000,660.43090000
2026-07-31T01:00:00+00:00,1785459600000,64724.92000000,65409.56000000,64480.44000000,64564.01000000,1217.00276000
2026-07-31T02:00:00+00:00,1785463200000,64564.00000000,64614.00000000,64203.58000000,64297.79000000,855.65776000
2026-07-31T03:00:00+00:00,1785466800000,64297.79000000,64439.81000000,64172.00000000,64370.00000000,548.04563000
2026-07-31T04:00:00+00:00,1785470400000,64370.00000000,64438.00000000,64236.00000000,64300.00000000,391.13431000
2026-07-31T05:00:00+00:00,1785474000000,64299.99000000,64421.68000000,64268.47000000,64363.06000000,529.40293000
2026-07-31T06:00:00+00:00,1785477600000,64363.06000000,64496.64000000,64196.08000000,64231.97000000,503.77566000
2026-07-31T07:00:00+00:00,1785481200000,64231.97000000,64245.57000000,63878.11000000,63950.01000000,3088.95651000
2026-07-31T08:00:00+00:00,1785484800000,63950.01000000,63987.36000000,63784.67000000,63834.01000000,734.18718000
2026-07-31T09:00:00+00:00,1785488400000,63834.01000000,63847.13000000,63638.18000000,63715.90000000,562.33026000
2026-07-31T10:00:00+00:00,1785492000000,63715.91000000,63951.77000000,63610.00000000,63918.67000000,422.39058000
2026-07-31T11:00:00+00:00,1785495600000,63918.68000000,64011.99000000,63792.01000000,63805.51000000,287.14604000
2026-07-31T12:00:00+00:00,1785499200000,63805.50000000,63830.62000000,63627.66000000,63754.01000000,516.25828000
2026-07-31T13:00:00+00:00,1785502800000,63754.01000000,63849.19000000,63241.71000000,63270.73000000,1511.53534000
2026-07-31T14:00:00+00:00,1785506400000,63270.72000000,63310.00000000,62466.00000000,62682.06000000,3628.40429000
2026-07-31T15:00:00+00:00,1785510000000,62682.05000000,62769.36000000,62490.24000000,62716.57000000,965.95557000
2026-07-31T16:00:00+00:00,1785513600000,62716.57000000,62931.79000000,62709.01000000,62870.88000000,857.24803000
2026-07-31T17:00:00+00:00,1785517200000,62870.87000000,63301.68000000,62800.00000000,63245.44000000,856.72938000
2026-07-31T18:00:00+00:00,1785520800000,63245.44000000,63302.00000000,62966.00000000,63097.57000000,753.45664000
2026-07-31T19:00:00+00:00,1785524400000,63097.57000000,63158.00000000,62936.29000000,62972.00000000,304.88916000
2026-07-31T20:00:00+00:00,1785528000000,62972.00000000,63034.00000000,62928.35000000,62953.70000000,318.42027000
2026-07-31T21:00:00+00:00,1785531600000,62953.70000000,63062.47000000,62846.00000000,62947.78000000,334.75985000
2026-07-31T22:00:00+00:00,1785535200000,62947.77000000,63020.00000000,62870.01000000,62950.00000000,440.99494000
2026-07-31T23:00:00+00:00,1785538800000,62950.01000000,63013.52000000,62860.64000000,62887.88000000,186.49459000
2026-08-01T00:00:00+00:00,1785542400000,62887.88000000,63024.04000000,62887.87000000,62938.01000000,517.26897000
2026-08-01T01:00:00+00:00,1785546000000,62938.01000000,62990.00000000,62923.47000000,62975.01000000,386.71985000
2026-08-01T02:00:00+00:00,1785549600000,62975.00000000,63106.55000000,62975.00000000,63075.07000000,348.67082000
2026-08-01T03:00:00+00:00,1785553200000,63075.08000000,63075.08000000,62970.65000000,63004.48000000,388.95582000
2026-08-01T04:00:00+00:00,1785556800000,63004.47000000,63115.37000000,62993.20000000,63115.01000000,223.92941000
2026-08-01T05:00:00+00:00,1785560400000,63115.00000000,63142.85000000,63000.85000000,63020.00000000,458.27671000
2026-08-01T06:00:00+00:00,1785564000000,63020.00000000,63086.65000000,62992.82000000,63080.64000000,434.87477000
2026-08-01T07:00:00+00:00,1785567600000,63080.65000000,63110.89000000,63034.00000000,63050.46000000,150.69173000
2026-08-01T08:00:00+00:00,1785571200000,63050.45000000,63150.00000000,63050.45000000,63126.25000000,106.02817000
2026-08-01T09:00:00+00:00,1785574800000,63126.25000000,63139.54000000,63046.33000000,63053.17000000,228.45152000
2026-08-01T10:00:00+00:00,1785578400000,63053.17000000,63111.09000000,62986.31000000,63056.00000000,321.04349000
2026-08-01T11:00:00+00:00,1785582000000,63055.99000000,63091.97000000,63037.72000000,63076.00000000,179.08594000
2026-08-01T12:00:00+00:00,1785585600000,63076.00000000,63119.40000000,63076.00000000,63103.68000000,320.18632000
2026-08-01T13:00:00+00:00,1785589200000,63103.68000000,63106.83000000,63051.00000000,63069.32000000,187.46878000
2026-08-01T14:00:00+00:00,1785592800000,63069.31000000,63127.07000000,63069.31000000,63126.52000000,385.79335000
2026-08-01T15:00:00+00:00,1785596400000,63126.53000000,63126.53000000,63007.05000000,63007.06000000,164.42533000
2026-08-01T16:00:00+00:00,1785600000000,63007.06000000,63027.65000000,62874.00000000,62932.32000000,327.87182000
2026-08-01T17:00:00+00:00,1785603600000,62932.32000000,62996.00000000,62666.00000000,62708.07000000,359.17517000
2026-08-01T18:00:00+00:00,1785607200000,62708.06000000,62734.00000000,62275.00000000,62580.56000000,931.42897000
2026-08-01T19:00:00+00:00,1785610800000,62580.55000000,62624.00000000,62461.17000000,62529.82000000,312.52626000
2026-08-01T20:00:00+00:00,1785614400000,62529.81000000,62674.98000000,62482.99000000,62662.13000000,183.46966000
2026-08-01T21:00:00+00:00,1785618000000,62662.14000000,62864.00000000,62662.13000000,62812.75000000,229.38386000
2026-08-01T22:00:00+00:00,1785621600000,62812.76000000,62866.62000000,62794.17000000,62831.28000000,129.54917000
2026-08-01T23:00:00+00:00,1785625200000,62831.29000000,62862.80000000,62769.97000000,62823.64000000,287.81315000
2026-08-02T00:00:00+00:00,1785628800000,62823.65000000,62979.99000000,62806.58000000,62833.99000000,397.27424000
2026-08-02T01:00:00+00:00,1785632400000,62834.00000000,63088.00000000,62834.00000000,62981.87000000,215.77694000
2026-08-02T02:00:00+00:00,1785636000000,62981.87000000,63547.70000000,62958.54000000,63451.58000000,1068.41906000
2026-08-02T03:00:00+00:00,1785639600000,63451.58000000,63550.00000000,63380.00000000,63461.95000000,388.55462000
2026-08-02T04:00:00+00:00,1785643200000,63461.95000000,63612.00000000,63461.95000000,63590.00000000,302.37117000
2026-08-02T05:00:00+00:00,1785646800000,63590.00000000,63634.00000000,63415.26000000,63453.27000000,261.31562000
2026-08-02T06:00:00+00:00,1785650400000,63453.27000000,63498.15000000,63435.99000000,63482.49000000,160.39885000
2026-08-02T07:00:00+00:00,1785654000000,63482.49000000,63544.51000000,63480.00000000,63506.24000000,412.11258000
2026-08-02T08:00:00+00:00,1785657600000,63506.23000000,63530.00000000,63172.00000000,63193.99000000,542.79786000
2026-08-02T09:00:00+00:00,1785661200000,63194.00000000,63320.00000000,63094.00000000,63273.94000000,277.11141000
2026-08-02T10:00:00+00:00,1785664800000,63273.94000000,63273.94000000,63125.06000000,63205.03000000,200.27510000
2026-08-02T11:00:00+00:00,1785668400000,63205.03000000,63206.00000000,62982.38000000,63031.99000000,373.06149000
2026-08-02T12:00:00+00:00,1785672000000,63031.99000000,63231.67000000,63031.99000000,63125.49000000,247.99863000
2026-08-02T13:00:00+00:00,1785675600000,63125.49000000,63146.89000000,63010.00000000,63126.92000000,262.12825000
2026-08-02T14:00:00+00:00,1785679200000,63126.92000000,63186.00000000,63062.00000000,63069.37000000,314.22912000
2026-08-02T15:00:00+00:00,1785682800000,63069.37000000,63186.00000000,63050.00000000,63109.14000000,191.05332000
2026-08-02T16:00:00+00:00,1785686400000,63109.13000000,63273.49000000,63064.01000000,63180.36000000,267.96361000
2026-08-02T17:00:00+00:00,1785690000000,63180.36000000,63342.00000000,63152.00000000,63300.28000000,318.39177000
2026-08-02T18:00:00+00:00,1785693600000,63300.00000000,63610.01000000,63290.00000000,63382.01000000,518.81545000
2026-08-02T19:00:00+00:00,1785697200000,63382.01000000,63479.85000000,63323.89000000,63456.01000000,247.35839000
2026-08-02T20:00:00+00:00,1785700800000,63456.00000000,63501.48000000,63404.69000000,63494.52000000,140.51262000
2026-08-02T21:00:00+00:00,1785704400000,63494.51000000,63785.00000000,63479.45000000,63578.00000000,457.27756000
2026-08-02T22:00:00+00:00,1785708000000,63578.01000000,63796.33000000,63376.71000000,63424.58000000,484.14090000
2026-08-02T23:00:00+00:00,1785711600000,63424.58000000,63596.00000000,63344.00000000,63570.00000000,337.67298000
2026-08-03T00:00:00+00:00,1785715200000,63570.01000000,63596.00000000,63208.30000000,63317.60000000,357.32342000
2026-08-03T01:00:00+00:00,1785718800000,63317.61000000,63350.00000000,63111.10000000,63212.16000000,372.31318000
2026-08-03T02:00:00+00:00,1785722400000,63212.16000000,63286.00000000,63100.00000000,63141.40000000,334.18959000
2026-08-03T03:00:00+00:00,1785726000000,63141.39000000,63168.44000000,62786.04000000,62870.49000000,516.46423000
2026-08-03T04:00:00+00:00,1785729600000,62870.48000000,63001.77000000,62770.37000000,62790.00000000,320.41763000
2026-08-03T05:00:00+00:00,1785733200000,62790.00000000,62875.02000000,62751.30000000,62827.17000000,546.69206000
2026-08-03T06:00:00+00:00,1785736800000,62827.17000000,62872.58000000,62613.00000000,62623.60000000,396.31841000
2026-08-03T07:00:00+00:00,1785740400000,62623.60000000,62700.00000000,62552.04000000,62621.10000000,1264.72827000
2026-08-03T08:00:00+00:00,1785744000000,62621.10000000,62647.69000000,62300.00000000,62541.50000000,657.33122000
2026-08-03T09:00:00+00:00,1785747600000,62541.50000000,62863.10000000,62520.00000000,62837.40000000,585.41075000
2026-08-03T10:00:00+00:00,1785751200000,62837.40000000,62860.00000000,62615.11000000,62742.01000000,443.80935000
2026-08-03T11:00:00+00:00,1785754800000,62742.01000000,62778.92000000,62540.95000000,62560.01000000,282.26451000
2026-08-03T12:00:00+00:00,1785758400000,62560.01000000,62799.30000000,62445.26000000,62700.00000000,437.23263000
2026-08-03T13:00:00+00:00,1785762000000,62700.01000000,63390.00000000,62562.42000000,63351.09000000,1121.39133000
2026-08-03T14:00:00+00:00,1785765600000,63351.09000000,63992.71000000,63136.00000000,63967.19000000,2387.82383000
2026-08-03T15:00:00+00:00,1785769200000,63967.19000000,63989.75000000,63646.59000000,63694.91000000,1368.53804000
2026-08-03T16:00:00+00:00,1785772800000,63694.90000000,63939.99000000,63664.00000000,63776.46000000,800.07950000
2026-08-03T17:00:00+00:00,1785776400000,63776.46000000,64059.75000000,63714.55000000,63906.00000000,628.10660000
2026-08-03T18:00:00+00:00,1785780000000,63905.99000000,64000.00000000,63768.00000000,63870.87000000,368.04477000
2026-08-03T19:00:00+00:00,1785783600000,63870.87000000,64080.00000000,63846.00000000,63869.38000000,545.18183000
2026-08-03T20:00:00+00:00,1785787200000,63869.38000000,64023.61000000,63769.92000000,63775.43000000,498.99360000
2026-08-03T21:00:00+00:00,1785790800000,63775.43000000,63791.98000000,63548.00000000,63590.15000000,427.95014000
2026-08-03T22:00:00+00:00,1785794400000,63590.15000000,63680.00000000,63392.01000000,63618.00000000,422.48287000
2026-08-03T23:00:00+00:00,1785798000000,63618.01000000,63621.35000000,63465.43000000,63520.00000000,460.20967000
2026-08-04T00:00:00+00:00,1785801600000,63520.00000000,63585.09000000,63322.01000000,63361.99000000,536.23408000
2026-08-04T01:00:00+00:00,1785805200000,63362.00000000,63927.99000000,63361.99000000,63847.93000000,808.63269000
2026-08-04T02:00:00+00:00,1785808800000,63847.92000000,63972.00000000,63686.44000000,63822.44000000,596.20908000
2026-08-04T03:00:00+00:00,1785812400000,63822.45000000,63860.00000000,63649.00000000,63800.01000000,343.13285000
2026-08-04T04:00:00+00:00,1785816000000,63800.01000000,64243.81000000,63762.00000000,64029.00000000,795.09044000
2026-08-04T05:00:00+00:00,1785819600000,64029.01000000,64056.00000000,63788.23000000,63818.48000000,306.74636000
2026-08-04T06:00:00+00:00,1785823200000,63818.47000000,63859.71000000,63654.16000000,63670.00000000,321.82249000
2026-08-04T07:00:00+00:00,1785826800000,63670.00000000,63763.63000000,63506.78000000,63685.74000000,779.79552000
2026-08-04T08:00:00+00:00,1785830400000,63685.73000000,63748.22000000,63564.99000000,63588.94000000,412.14854000
2026-08-04T09:00:00+00:00,1785834000000,63589.04000000,63610.00000000,63516.43000000,63603.73000000,356.68509000
2026-08-04T10:00:00+00:00,1785837600000,63603.73000000,63842.00000000,63451.80000000,63764.00000000,613.83340000
2026-08-04T11:00:00+00:00,1785841200000,63763.99000000,63950.00000000,63712.00000000,63926.00000000,457.77198000
2026-08-04T12:00:00+00:00,1785844800000,63926.00000000,64062.46000000,63788.00000000,63906.41000000,546.54537000
2026-08-04T13:00:00+00:00,1785848400000,63906.41000000,64097.74000000,63656.00000000,63683.94000000,1052.90355000
2026-08-04T14:00:00+00:00,1785852000000,63683.95000000,64193.54000000,63615.38000000,64128.72000000,879.92592000
2026-08-04T15:00:00+00:00,1785855600000,64128.73000000,64238.00000000,63814.29000000,64125.14000000,876.11780000
2026-08-04T16:00:00+00:00,1785859200000,64125.14000000,64130.00000000,63897.22000000,63950.93000000,546.40306000
2026-08-04T17:00:00+00:00,1785862800000,63950.94000000,64184.00000000,63892.00000000,63972.09000000,719.77508000
2026-08-04T18:00:00+00:00,1785866400000,63972.09000000,64400.00000000,63965.73000000,64305.99000000,693.34672000
2026-08-04T19:00:00+00:00,1785870000000,64305.99000000,64413.21000000,64193.57000000,64233.36000000,534.82384000
2026-08-04T20:00:00+00:00,1785873600000,64233.35000000,64420.00000000,64001.68000000,64341.00000000,558.35238000
2026-08-04T21:00:00+00:00,1785877200000,64341.00000000,64341.99000000,64175.52000000,64194.00000000,220.73608000
2026-08-04T22:00:00+00:00,1785880800000,64193.99000000,64293.91000000,64140.00000000,64270.61000000,181.53234000
2026-08-04T23:00:00+00:00,1785884400000,64270.62000000,64549.16000000,64081.26000000,64106.56000000,551.91443000
2026-08-05T00:00:00+00:00,1785888000000,64106.55000000,64193.25000000,63978.44000000,63988.00000000,649.78599000
2026-08-05T01:00:00+00:00,1785891600000,63988.00000000,64346.00000000,63950.00000000,64333.84000000,393.02738000
2026-08-05T02:00:00+00:00,1785895200000,64333.85000000,64504.00000000,64322.59000000,64368.26000000,562.72054000
2026-08-05T03:00:00+00:00,1785898800000,64368.27000000,64446.00000000,64046.00000000,64183.27000000,445.73851000
2026-08-05T04:00:00+00:00,1785902400000,64183.27000000,64218.00000000,64088.01000000,64176.70000000,184.21473000
2026-08-05T05:00:00+00:00,1785906000000,64176.69000000,64525.97000000,64163.36000000,64330.87000000,480.37923000
2026-08-05T06:00:00+00:00,1785909600000,64330.86000000,64373.31000000,64229.34000000,64253.58000000,396.58374000
2026-08-05T07:00:00+00:00,1785913200000,64253.59000000,64272.00000000,63995.89000000,64163.99000000,577.00898000
2026-08-05T08:00:00+00:00,1785916800000,64164.00000000,64280.00000000,64098.00000000,64120.81000000,335.28683000
2026-08-05T09:00:00+00:00,1785920400000,64120.81000000,64210.83000000,64102.95000000,64155.05000000,184.00109000
2026-08-05T10:00:00+00:00,1785924000000,64155.06000000,64242.93000000,64020.00000000,64062.23000000,387.90421000
2026-08-05T11:00:00+00:00,1785927600000,64062.23000000,64150.00000000,64044.50000000,64075.28000000,258.58817000
2026-08-05T12:00:00+00:00,1785931200000,64075.28000000,64581.43000000,64050.00000000,64332.43000000,1037.97436000
2026-08-05T13:00:00+00:00,1785934800000,64332.43000000,64412.00000000,63880.00000000,64407.99000000,1022.29322000
2026-08-05T14:00:00+00:00,1785938400000,64407.99000000,64578.00000000,64300.00000000,64476.39000000,1047.50709000
2026-08-05T15:00:00+00:00,1785942000000,64476.40000000,64744.00000000,64385.49000000,64388.01000000,986.83874000
2026-08-05T16:00:00+00:00,1785945600000,64388.01000000,64760.99000000,64388.00000000,64661.99000000,538.93440000
2026-08-05T17:00:00+00:00,1785949200000,64661.99000000,64804.00000000,64541.71000000,64770.00000000,480.07544000
2026-08-05T18:00:00+00:00,1785952800000,64770.00000000,64844.99000000,64670.01000000,64799.10000000,509.17226000
2026-08-05T19:00:00+00:00,1785956400000,64799.10000000,64936.18000000,64781.79000000,64840.28000000,466.98679000
2026-08-05T20:00:00+00:00,1785960000000,64840.27000000,65025.22000000,64806.46000000,64822.89000000,498.38900000
2026-08-05T21:00:00+00:00,1785963600000,64822.88000000,64825.78000000,64657.69000000,64733.13000000,467.37291000
2026-08-05T22:00:00+00:00,1785967200000,64733.13000000,64783.84000000,64629.81000000,64636.00000000,271.07045000
2026-08-05T23:00:00+00:00,1785970800000,64636.00000000,64749.99000000,64579.15000000,64665.23000000,561.00122000
2026-08-06T00:00:00+00:00,1785974400000,64665.24000000,64724.38000000,64572.00000000,64644.99000000,476.99340000
2026-08-06T01:00:00+00:00,1785978000000,64644.92000000,64659.65000000,64498.00000000,64580.07000000,393.93990000
2026-08-06T02:00:00+00:00,1785981600000,64580.08000000,64650.62000000,64439.34000000,64579.36000000,432.25507000
2026-08-06T03:00:00+00:00,1785985200000,64579.36000000,64583.63000000,64493.20000000,64531.03000000,197.99261000
2026-08-06T04:00:00+00:00,1785988800000,64531.03000000,64755.72000000,64496.27000000,64734.65000000,354.38235000
2026-08-06T05:00:00+00:00,1785992400000,64734.65000000,64996.00000000,64730.26000000,64908.09000000,515.23827000
2026-08-06T06:00:00+00:00,1785996000000,64908.10000000,64908.10000000,64745.69000000,64860.00000000,233.29381000
2026-08-06T07:00:00+00:00,1785999600000,64860.00000000,64965.66000000,64776.00000000,64809.70000000,679.84082000
2026-08-06T08:00:00+00:00,1786003200000,64809.70000000,64999.00000000,64760.00000000,64941.99000000,323.50568000
2026-08-06T09:00:00+00:00,1786006800000,64942.00000000,64944.00000000,64630.00000000,64683.62000000,404.08385000
2026-08-06T10:00:00+00:00,1786010400000,64683.62000000,64685.05000000,64581.21000000,64615.95000000,207.88310000
2026-08-06T11:00:00+00:00,1786014000000,64615.95000000,64661.26000000,64503.54000000,64622.09000000,372.14171000
2026-08-06T12:00:00+00:00,1786017600000,64622.08000000,64637.68000000,64381.96000000,64424.00000000,336.45805000
2026-08-06T13:00:00+00:00,1786021200000,64424.01000000,64524.21000000,64172.00000000,64434.01000000,870.19548000
2026-08-06T14:00:00+00:00,1786024800000,64434.01000000,64850.00000000,64362.00000000,64778.00000000,781.12724000
2026-08-06T15:00:00+00:00,1786028400000,64778.01000000,64987.26000000,64624.29000000,64631.87000000,772.83402000
2026-08-06T16:00:00+00:00,1786032000000,64631.88000000,64778.00000000,64592.37000000,64757.99000000,370.31723000
2026-08-06T17:00:00+00:00,1786035600000,64758.00000000,64834.00000000,64548.81000000,64621.69000000,293.75208000
2026-08-06T18:00:00+00:00,1786039200000,64621.68000000,64621.69000000,64378.67000000,64418.47000000,347.29306000
2026-08-06T19:00:00+00:00,1786042800000,64418.48000000,64474.71000000,64365.00000000,64446.00000000,449.59357000
2026-08-06T20:00:00+00:00,1786046400000,64446.01000000,64536.32000000,64439.70000000,64439.70000000,195.47529000
2026-08-06T21:00:00+00:00,1786050000000,64439.71000000,64513.99000000,64404.74000000,64440.74000000,249.73283000
2026-08-06T22:00:00+00:00,1786053600000,64440.74000000,64450.00000000,64330.40000000,64351.49000000,210.70667000
2026-08-06T23:00:00+00:00,1786057200000,64351.48000000,64360.01000000,64200.00000000,64323.61000000,395.39675000
2026-08-07T00:00:00+00:00,1786060800000,64323.61000000,64410.00000000,64230.59000000,64317.99000000,285.45231000
2026-08-07T01:00:00+00:00,1786064400000,64318.00000000,64476.78000000,64300.00000000,64422.55000000,351.02167000
2026-08-07T02:00:00+00:00,1786068000000,64422.54000000,64544.00000000,64252.09000000,64399.87000000,388.69448000
2026-08-07T03:00:00+00:00,1786071600000,64399.88000000,64407.73000000,64260.00000000,64289.99000000,199.96303000
2026-08-07T04:00:00+00:00,1786075200000,64289.99000000,64364.08000000,64166.00000000,64255.13000000,222.89749000
2026-08-07T05:00:00+00:00,1786078800000,64255.14000000,64400.00000000,64177.62000000,64336.43000000,321.20596000
2026-08-07T06:00:00+00:00,1786082400000,64336.42000000,64463.75000000,64283.91000000,64304.12000000,452.26837000
2026-08-07T07:00:00+00:00,1786086000000,64304.12000000,64436.13000000,64264.00000000,64319.84000000,382.39149000
2026-08-07T08:00:00+00:00,1786089600000,64319.84000000,64672.10000000,64304.22000000,64600.00000000,433.22408000
2026-08-07T09:00:00+00:00,1786093200000,64600.00000000,64965.00000000,64599.99000000,64839.32000000,917.15159000
2026-08-07T10:00:00+00:00,1786096800000,64839.32000000,64916.00000000,64802.00000000,64893.98000000,362.71626000
2026-08-07T11:00:00+00:00,1786100400000,64893.99000000,65213.33000000,64893.64000000,65029.98000000,652.67441000
2026-08-07T12:00:00+00:00,1786104000000,65029.98000000,65390.99000000,64986.26000000,65292.32000000,1412.76360000
2026-08-07T13:00:00+00:00,1786107600000,65292.31000000,65338.00000000,64984.68000000,65009.24000000,1271.25225000
2026-08-07T14:00:00+00:00,1786111200000,65009.23000000,65275.03000000,64788.00000000,64957.98000000,982.58571000
2026-08-07T15:00:00+00:00,1786114800000,64957.98000000,65136.17000000,64894.83000000,64912.72000000,468.02790000
2026-08-07T16:00:00+00:00,1786118400000,64912.71000000,65072.31000000,64814.00000000,64814.00000000,485.33624000
2026-08-07T17:00:00+00:00,1786122000000,64814.01000000,64828.82000000,64525.00000000,64764.33000000,603.65716000
2026-08-07T18:00:00+00:00,1786125600000,64764.33000000,64881.13000000,64676.00000000,64735.51000000,225.44204000
2026-08-07T19:00:00+00:00,1786129200000,64735.52000000,65039.42000000,64735.52000000,64960.47000000,398.55222000
2026-08-07T20:00:00+00:00,1786132800000,64960.46000000,65053.56000000,64948.00000000,64972.00000000,238.49651000
2026-08-07T21:00:00+00:00,1786136400000,64972.00000000,65102.00000000,64928.00000000,64928.01000000,187.58406000
2026-08-07T22:00:00+00:00,1786140000000,64928.02000000,64947.70000000,64846.00000000,64888.00000000,304.11479000
2026-08-07T23:00:00+00:00,1786143600000,64888.00000000,64923.20000000,64869.99000000,64923.19000000,259.93041000
2026-08-08T00:00:00+00:00,1786147200000,64923.20000000,64954.00000000,64784.19000000,64929.01000000,432.59470000
2026-08-08T01:00:00+00:00,1786150800000,64929.01000000,64965.00000000,64908.97000000,64911.79000000,283.12303000
2026-08-08T02:00:00+00:00,1786154400000,64911.80000000,64957.47000000,64894.49000000,64923.97000000,317.46111000
2026-08-08T03:00:00+00:00,1786158000000,64923.98000000,65074.18000000,64918.28000000,65033.00000000,277.39242000
2026-08-08T04:00:00+00:00,1786161600000,65033.00000000,65071.15000000,64971.18000000,65013.58000000,199.83614000
2026-08-08T05:00:00+00:00,1786165200000,65013.58000000,65018.64000000,64976.00000000,64995.39000000,118.91329000
2026-08-08T06:00:00+00:00,1786168800000,64995.39000000,65014.00000000,64959.81000000,65006.61000000,298.35674000
2026-08-08T07:00:00+00:00,1786172400000,65006.61000000,65006.61000000,64951.34000000,64960.00000000,169.03379000
2026-08-08T08:00:00+00:00,1786176000000,64959.99000000,65020.50000000,64948.56000000,64993.87000000,150.80437000
2026-08-08T09:00:00+00:00,1786179600000,64993.88000000,65050.00000000,64992.98000000,64994.31000000,303.53576000
2026-08-08T10:00:00+00:00,1786183200000,64994.31000000,65022.43000000,64994.31000000,65005.87000000,144.30853000
2026-08-08T11:00:00+00:00,1786186800000,65005.88000000,65024.10000000,64957.00000000,64967.35000000,178.16146000
2026-08-08T12:00:00+00:00,1786190400000,64967.36000000,65050.55000000,64924.00000000,65008.34000000,234.45077000
2026-08-08T13:00:00+00:00,1786194000000,65008.33000000,65018.00000000,65000.00000000,65015.27000000,187.85749000
2026-08-08T14:00:00+00:00,1786197600000,65015.27000000,65192.54000000,65015.27000000,65129.02000000,356.35929000
2026-08-08T15:00:00+00:00,1786201200000,65129.01000000,65149.57000000,65061.31000000,65080.82000000,186.58480000
2026-08-08T16:00:00+00:00,1786204800000,65080.83000000,65116.82000000,65039.00000000,65086.45000000,128.83529000
2026-08-08T17:00:00+00:00,1786208400000,65086.46000000,65150.00000000,65075.46000000,65119.75000000,187.72596000
2026-08-08T18:00:00+00:00,1786212000000,65119.75000000,65119.75000000,65025.54000000,65044.07000000,168.52013000
2026-08-08T19:00:00+00:00,1786215600000,65044.08000000,65093.70000000,65017.39000000,65075.41000000,205.39734000
2026-08-08T20:00:00+00:00,1786219200000,65075.40000000,65100.61000000,65060.00000000,65082.41000000,382.31735000
2026-08-08T21:00:00+00:00,1786222800000,65082.42000000,65082.42000000,65000.53000000,65012.96000000,216.53129000
2026-08-08T22:00:00+00:00,1786226400000,65012.95000000,65038.00000000,64948.17000000,64950.61000000,427.30382000
2026-08-08T23:00:00+00:00,1786230000000,64950.62000000,64975.99000000,64936.01000000,64962.60000000,204.73811000
2026-08-09T00:00:00+00:00,1786233600000,64962.60000000,64991.93000000,64958.17000000,64973.65000000,214.05253000
2026-08-09T01:00:00+00:00,1786237200000,64973.65000000,65002.00000000,64838.33000000,64861.46000000,330.74593000
2026-08-09T02:00:00+00:00,1786240800000,64861.46000000,64863.16000000,64777.92000000,64820.01000000,255.40052000
2026-08-09T03:00:00+00:00,1786244400000,64820.01000000,64820.01000000,64730.08000000,64788.80000000,153.75776000
2026-08-09T04:00:00+00:00,1786248000000,64788.80000000,64826.13000000,64785.00000000,64785.00000000,156.31772000
2026-08-09T05:00:00+00:00,1786251600000,64785.01000000,64801.58000000,64777.00000000,64801.58000000,194.39306000
2026-08-09T06:00:00+00:00,1786255200000,64801.57000000,64867.11000000,64801.57000000,64849.99000000,216.36529000
2026-08-09T07:00:00+00:00,1786258800000,64850.00000000,64860.01000000,64826.14000000,64826.14000000,338.38864000
2026-08-09T08:00:00+00:00,1786262400000,64826.15000000,64960.06000000,64792.10000000,64824.16000000,328.93534000
2026-08-09T09:00:00+00:00,1786266000000,64824.17000000,64877.86000000,64809.68000000,64877.85000000,149.22124000
2026-08-09T10:00:00+00:00,1786269600000,64877.86000000,64994.07000000,64877.85000000,64959.86000000,249.48898000
2026-08-09T11:00:00+00:00,1786273200000,64959.87000000,65000.00000000,64950.00000000,64950.00000000,150.77221000
2026-08-09T12:00:00+00:00,1786276800000,64950.01000000,64962.41000000,64914.73000000,64960.11000000,166.88575000
2026-08-09T13:00:00+00:00,1786280400000,64960.12000000,65266.00000000,64960.11000000,65219.78000000,406.90586000
2026-08-09T14:00:00+00:00,1786284000000,65219.78000000,65300.00000000,65150.95000000,65260.01000000,280.80750000
2026-08-09T15:00:00+00:00,1786287600000,65260.01000000,65264.00000000,65214.00000000,65228.68000000,364.18640000
2026-08-09T16:00:00+00:00,1786291200000,65228.68000000,65266.06000000,65182.36000000,65232.14000000,289.41282000
2026-08-09T17:00:00+00:00,1786294800000,65232.15000000,65239.18000000,65198.68000000,65198.68000000,130.05099000
2026-08-09T18:00:00+00:00,1786298400000,65198.68000000,65220.00000000,65192.00000000,65199.68000000,83.21999000
2026-08-09T19:00:00+00:00,1786302000000,65199.69000000,65210.00000000,65179.72000000,65180.66000000,257.63120000
2026-08-09T20:00:00+00:00,1786305600000,65180.66000000,65181.99000000,65046.25000000,65137.96000000,465.99754000
2026-08-09T21:00:00+00:00,1786309200000,65137.96000000,65250.00000000,65115.05000000,65192.99000000,485.32235000
2026-08-09T22:00:00+00:00,1786312800000,65192.99000000,65474.46000000,64971.41000000,65077.13000000,941.55321000
2026-08-09T23:00:00+00:00,1786316400000,65077.13000000,65108.00000000,64842.59000000,64901.59000000,421.42323000
2026-08-10T00:00:00+00:00,1786320000000,64901.59000000,65322.58000000,64826.78000000,64968.01000000,556.44925000
2026-08-10T01:00:00+00:00,1786323600000,64968.21000000,65391.14000000,64900.00000000,65189.99000000,410.26148000
2026-08-10T02:00:00+00:00,1786327200000,65190.00000000,65220.00000000,64903.54000000,65099.99000000,432.71320000
2026-08-10T03:00:00+00:00,1786330800000,65099.99000000,65172.00000000,64904.99000000,64982.01000000,335.63049000
2026-08-10T04:00:00+00:00,1786334400000,64982.00000000,65100.00000000,64924.00000000,65006.73000000,333.49313000
2026-08-10T05:00:00+00:00,1786338000000,65006.74000000,65159.25000000,64979.88000000,65134.00000000,299.63603000
2026-08-10T06:00:00+00:00,1786341600000,65134.00000000,65339.70000000,65130.01000000,65299.40000000,433.93661000
2026-08-10T07:00:00+00:00,1786345200000,65299.40000000,65379.13000000,65196.53000000,65202.73000000,554.01187000
2026-08-10T08:00:00+00:00,1786348800000,65202.72000000,65328.73000000,65192.00000000,65245.58000000,316.81156000
2026-08-10T09:00:00+00:00,1786352400000,65245.59000000,65245.59000000,64958.87000000,64967.24000000,389.34609000
2026-08-10T10:00:00+00:00,1786356000000,64967.25000000,65074.61000000,64967.24000000,65013.06000000,428.49610000
2026-08-10T11:00:00+00:00,1786359600000,65013.07000000,65130.16000000,64977.93000000,65125.98000000,160.33730000
2026-08-10T12:00:00+00:00,1786363200000,65125.99000000,65237.80000000,64850.00000000,64870.75000000,596.12387000
2026-08-10T13:00:00+00:00,1786366800000,64870.74000000,64973.72000000,64518.01000000,64561.98000000,1297.24239000
2026-08-10T14:00:00+00:00,1786370400000,64561.98000000,64888.32000000,64544.01000000,64625.77000000,650.29814000
2026-08-10T15:00:00+00:00,1786374000000,64625.77000000,64711.43000000,64203.15000000,64299.99000000,1096.33991000
2026-08-10T16:00:00+00:00,1786377600000,64299.99000000,64354.00000000,63830.57000000,63904.65000000,1498.06925000
2026-08-10T17:00:00+00:00,1786381200000,63904.65000000,64027.12000000,63832.00000000,63953.04000000,1290.55418000
2026-08-10T18:00:00+00:00,1786384800000,63953.04000000,64020.64000000,63806.27000000,63889.39000000,944.06538000
2026-08-10T19:00:00+00:00,1786388400000,63889.39000000,64101.34000000,63888.01000000,64045.70000000,543.26284000
2026-08-10T20:00:00+00:00,1786392000000,64045.70000000,64215.21000000,64023.06000000,64158.50000000,286.34235000
2026-08-10T21:00:00+00:00,1786395600000,64158.49000000,64158.50000000,63987.00000000,63987.00000000,239.68387000
2026-08-10T22:00:00+00:00,1786399200000,63987.00000000,64055.95000000,63944.00000000,64016.00000000,216.96727000
2026-08-10T23:00:00+00:00,1786402800000,64015.99000000,64020.00000000,63920.69000000,63970.01000000,328.33621000
2026-08-11T00:00:00+00:00,1786406400000,63970.01000000,64058.00000000,63895.64000000,64040.00000000,690.26826000
2026-08-11T01:00:00+00:00,1786410000000,64040.01000000,64080.10000000,63958.20000000,64060.80000000,355.07512000
2026-08-11T02:00:00+00:00,1786413600000,64060.80000000,64086.00000000,64030.00000000,64044.59000000,263.24469000
2026-08-11T03:00:00+00:00,1786417200000,64044.60000000,64176.00000000,64044.59000000,64155.01000000,524.13513000
2026-08-11T04:00:00+00:00,1786420800000,64155.00000000,64159.65000000,64021.02000000,64023.51000000,360.17249000
2026-08-11T05:00:00+00:00,1786424400000,64023.51000000,64051.93000000,63964.00000000,64000.00000000,217.31247000
2026-08-11T06:00:00+00:00,1786428000000,64000.00000000,64050.43000000,63852.00000000,63969.28000000,681.87714000
2026-08-11T07:00:00+00:00,1786431600000,63969.29000000,64108.00000000,63911.09000000,64065.99000000,380.83043000
2026-08-11T08:00:00+00:00,1786435200000,64066.00000000,64148.78000000,64044.72000000,64136.41000000,168.66039000
2026-08-11T09:00:00+00:00,1786438800000,64136.41000000,64300.00000000,64121.51000000,64300.00000000,453.24003000
2026-08-11T10:00:00+00:00,1786442400000,64300.00000000,64312.70000000,64200.00000000,64233.23000000,408.12036000
2026-08-11T11:00:00+00:00,1786446000000,64233.23000000,64400.00000000,64233.23000000,64389.57000000,538.09782000
2026-08-11T12:00:00+00:00,1786449600000,64389.58000000,64515.43000000,64274.57000000,64330.01000000,714.43565000
2026-08-11T13:00:00+00:00,1786453200000,64330.00000000,64368.42000000,64050.00000000,64200.28000000,1390.74790000
2026-08-11T14:00:00+00:00,1786456800000,64200.29000000,64263.83000000,63714.75000000,63770.03000000,985.02313000
2026-08-11T15:00:00+00:00,1786460400000,63770.03000000,63868.00000000,63451.00000000,63609.87000000,1286.57237000
2026-08-11T16:00:00+00:00,1786464000000,63609.86000000,63660.00000000,63459.54000000,63512.59000000,740.82749000
2026-08-11T17:00:00+00:00,1786467600000,63512.59000000,63632.94000000,63461.88000000,63607.88000000,482.84238000
2026-08-11T18:00:00+00:00,1786471200000,63607.87000000,63626.03000000,63251.59000000,63373.07000000,749.01907000
2026-08-11T19:00:00+00:00,1786474800000,63373.07000000,63536.00000000,63238.00000000,63536.00000000,452.04779000
2026-08-11T20:00:00+00:00,1786478400000,63536.00000000,63748.37000000,63536.00000000,63740.00000000,321.55720000
2026-08-11T21:00:00+00:00,1786482000000,63740.00000000,63768.58000000,63622.00000000,63672.73000000,269.41700000
2026-08-11T22:00:00+00:00,1786485600000,63672.73000000,63768.00000000,63626.25000000,63668.49000000,253.27935000
2026-08-11T23:00:00+00:00,1786489200000,63668.50000000,63668.50000000,63543.55000000,63600.00000000,204.82882000
2026-08-12T00:00:00+00:00,1786492800000,63600.01000000,63745.53000000,63534.01000000,63742.07000000,247.42097000
2026-08-12T01:00:00+00:00,1786496400000,63742.07000000,63855.50000000,63698.18000000,63813.80000000,499.92358000
2026-08-12T02:00:00+00:00,1786500000000,63813.80000000,63908.01000000,63730.72000000,63749.76000000,612.29132000
2026-08-12T03:00:00+00:00,1786503600000,63749.77000000,63845.91000000,63709.85000000,63835.59000000,538.85374000
2026-08-12T04:00:00+00:00,1786507200000,63835.58000000,63891.42000000,63739.99000000,63769.58000000,568.35931000
2026-08-12T05:00:00+00:00,1786510800000,63769.58000000,63869.56000000,63724.25000000,63849.94000000,540.46560000
2026-08-12T06:00:00+00:00,1786514400000,63849.94000000,63849.94000000,63606.15000000,63711.97000000,563.28705000
2026-08-12T07:00:00+00:00,1786518000000,63711.97000000,63838.00000000,63644.10000000,63837.99000000,458.43036000
2026-08-12T08:00:00+00:00,1786521600000,63838.00000000,63867.20000000,63773.98000000,63794.94000000,303.11959000
2026-08-12T09:00:00+00:00,1786525200000,63794.95000000,64130.47000000,63768.01000000,64108.81000000,553.52986000
2026-08-12T10:00:00+00:00,1786528800000,64108.82000000,64218.00000000,64059.99000000,64143.36000000,996.13758000
2026-08-12T11:00:00+00:00,1786532400000,64143.36000000,64249.50000000,64113.50000000,64240.04000000,414.30431000
2026-08-12T12:00:00+00:00,1786536000000,64240.04000000,64500.00000000,63976.37000000,64119.71000000,1297.05947000
2026-08-12T13:00:00+00:00,1786539600000,64119.72000000,64159.36000000,63840.00000000,63840.00000000,727.44098000
2026-08-12T14:00:00+00:00,1786543200000,63840.00000000,63926.13000000,63362.74000000,63363.39000000,1163.88428000
2026-08-12T15:00:00+00:00,1786546800000,63363.39000000,63570.01000000,63316.00000000,63441.47000000,771.05562000
2026-08-12T16:00:00+00:00,1786550400000,63441.48000000,63578.00000000,63368.35000000,63492.12000000,487.79219000
2026-08-12T17:00:00+00:00,1786554000000,63492.12000000,63556.00000000,63416.40000000,63471.00000000,292.36777000
2026-08-12T18:00:00+00:00,1786557600000,63470.99000000,63522.56000000,63373.97000000,63386.59000000,396.92257000
2026-08-12T19:00:00+00:00,1786561200000,63386.58000000,63465.13000000,63310.34000000,63421.11000000,381.53313000
2026-08-12T20:00:00+00:00,1786564800000,63421.11000000,63600.00000000,63421.11000000,63599.99000000,307.26199000
2026-08-12T21:00:00+00:00,1786568400000,63600.00000000,63661.24000000,63421.61000000,63469.83000000,267.57645000
2026-08-12T22:00:00+00:00,1786572000000,63469.84000000,63536.00000000,63370.00000000,63432.28000000,240.00896000
2026-08-12T23:00:00+00:00,1786575600000,63432.28000000,63482.89000000,63378.23000000,63479.99000000,998.04154000
2026-08-13T00:00:00+00:00,1786579200000,63479.99000000,63717.31000000,63460.32000000,63556.92000000,406.77009000
2026-08-13T01:00:00+00:00,1786582800000,63556.91000000,63631.67000000,63382.45000000,63456.11000000,317.88444000
2026-08-13T02:00:00+00:00,1786586400000,63456.10000000,63582.00000000,63380.00000000,63550.01000000,458.16490000
2026-08-13T03:00:00+00:00,1786590000000,63550.01000000,63686.40000000,63514.21000000,63646.99000000,401.71819000
2026-08-13T04:00:00+00:00,1786593600000,63647.00000000,63778.00000000,63591.56000000,63693.74000000,223.42484000
2026-08-13T05:00:00+00:00,1786597200000,63693.73000000,64010.00000000,63671.64000000,63878.00000000,500.10882000
2026-08-13T06:00:00+00:00,1786600800000,63878.01000000,63942.36000000,63757.47000000,63942.35000000,256.03719000
2026-08-13T07:00:00+00:00,1786604400000,63942.36000000,63947.09000000,63856.13000000,63865.84000000,533.09585000
2026-08-13T08:00:00+00:00,1786608000000,63865.84000000,63915.00000000,63742.00000000,63766.80000000,439.81868000
2026-08-13T09:00:00+00:00,1786611600000,63766.80000000,63786.49000000,63587.99000000,63782.64000000,337.82326000
2026-08-13T10:00:00+00:00,1786615200000,63782.65000000,63818.16000000,63586.00000000,63651.19000000,317.79982000
2026-08-13T11:00:00+00:00,1786618800000,63651.20000000,63660.76000000,63350.00000000,63484.30000000,355.63538000
2026-08-13T12:00:00+00:00,1786622400000,63484.31000000,63710.00000000,63450.00000000,63697.76000000,384.47294000
2026-08-13T13:00:00+00:00,1786626000000,63697.76000000,63850.00000000,63566.00000000,63724.00000000,561.86509000
2026-08-13T14:00:00+00:00,1786629600000,63723.99000000,63999.00000000,63686.00000000,63859.45000000,669.38212000
2026-08-13T15:00:00+00:00,1786633200000,63859.46000000,63940.08000000,63420.00000000,63420.01000000,505.15868000
2026-08-13T16:00:00+00:00,1786636800000,63420.01000000,63568.97000000,62802.27000000,63160.13000000,1752.37181000
2026-08-13T17:00:00+00:00,1786640400000,63160.13000000,63294.61000000,63074.44000000,63144.38000000,644.48394000
2026-08-13T18:00:00+00:00,1786644000000,63144.37000000,63369.63000000,63105.44000000,63310.00000000,325.89181000
2026-08-13T19:00:00+00:00,1786647600000,63310.00000000,63519.39000000,63310.00000000,63407.99000000,349.14796000
2026-08-13T20:00:00+00:00,1786651200000,63408.00000000,63474.34000000,63368.00000000,63415.55000000,239.68311000
2026-08-13T21:00:00+00:00,1786654800000,63415.56000000,63500.00000000,63390.00000000,63474.00000000,188.33344000
2026-08-13T22:00:00+00:00,1786658400000,63474.00000000,63640.00000000,63473.99000000,63530.01000000,226.97651000
2026-08-13T23:00:00+00:00,1786662000000,63530.01000000,63539.03000000,63400.00000000,63490.86000000,397.80966000
2026-08-14T00:00:00+00:00,1786665600000,63490.86000000,63552.99000000,63410.00000000,63541.45000000,377.80366000
2026-08-14T01:00:00+00:00,1786669200000,63541.45000000,63585.92000000,63458.00000000,63575.86000000,310.91391000
2026-08-14T02:00:00+00:00,1786672800000,63575.86000000,63617.45000000,63465.38000000,63465.39000000,489.39475000
2026-08-14T03:00:00+00:00,1786676400000,63465.39000000,63576.00000000,63301.58000000,63310.00000000,296.84163000
2026-08-14T04:00:00+00:00,1786680000000,63310.00000000,63472.50000000,63276.00000000,63372.56000000,530.66039000
2026-08-14T05:00:00+00:00,1786683600000,63372.56000000,63400.30000000,63286.67000000,63379.83000000,201.71573000
2026-08-14T06:00:00+00:00,1786687200000,63379.83000000,63379.83000000,62942.00000000,62974.14000000,627.73261000
2026-08-14T07:00:00+00:00,1786690800000,62974.14000000,63110.00000000,62920.00000000,62920.78000000,730.23378000
2026-08-14T08:00:00+00:00,1786694400000,62920.78000000,62997.83000000,62700.00000000,62940.01000000,892.48443000
2026-08-14T09:00:00+00:00,1786698000000,62940.01000000,62940.01000000,62744.00000000,62792.75000000,501.14919000
2026-08-14T10:00:00+00:00,1786701600000,62792.75000000,62946.00000000,62739.98000000,62814.14000000,598.55074000
2026-08-14T11:00:00+00:00,1786705200000,62814.14000000,62936.82000000,62814.00000000,62868.83000000,444.92265000
2026-08-14T12:00:00+00:00,1786708800000,62868.83000000,62913.30000000,62726.26000000,62741.69000000,486.51649000
2026-08-14T13:00:00+00:00,1786712400000,62741.68000000,62822.33000000,62605.00000000,62668.00000000,987.78817000
2026-08-14T14:00:00+00:00,1786716000000,62668.00000000,62797.88000000,62535.24000000,62620.01000000,998.23888000
2026-08-14T15:00:00+00:00,1786719600000,62620.01000000,63089.18000000,62612.00000000,62990.95000000,988.09918000
2026-08-14T16:00:00+00:00,1786723200000,62990.94000000,63215.58000000,62966.86000000,63133.48000000,566.22185000
2026-08-14T17:00:00+00:00,1786726800000,63133.49000000,63247.05000000,63000.00000000,63013.69000000,454.05828000
2026-08-14T18:00:00+00:00,1786730400000,63013.70000000,63088.21000000,62894.85000000,62930.01000000,367.77038000
2026-08-14T19:00:00+00:00,1786734000000,62930.01000000,62996.00000000,62830.00000000,62968.05000000,394.98545000
2026-08-14T20:00:00+00:00,1786737600000,62968.06000000,63020.74000000,62896.85000000,62907.59000000,359.43765000
2026-08-14T21:00:00+00:00,1786741200000,62907.59000000,62937.22000000,62873.25000000,62928.49000000,179.64600000
2026-08-14T22:00:00+00:00,1786744800000,62928.49000000,62957.28000000,62800.00000000,62886.88000000,226.57205000
2026-08-14T23:00:00+00:00,1786748400000,62886.87000000,63066.13000000,62865.03000000,63043.56000000,329.09114000
2026-08-15T00:00:00+00:00,1786752000000,63043.56000000,63059.50000000,62992.91000000,63019.88000000,208.64233000
2026-08-15T01:00:00+00:00,1786755600000,63019.89000000,63051.78000000,62993.57000000,63045.13000000,485.23532000
2026-08-15T02:00:00+00:00,1786759200000,63045.14000000,63134.82000000,63035.95000000,63134.41000000,243.54429000
2026-08-15T03:00:00+00:00,1786762800000,63134.41000000,63187.98000000,63039.99000000,63051.25000000,184.46775000
2026-08-15T04:00:00+00:00,1786766400000,63051.25000000,63151.65000000,63051.25000000,63122.00000000,172.30243000
2026-08-15T05:00:00+00:00,1786770000000,63122.01000000,63155.76000000,63039.99000000,63089.00000000,213.28052000
2026-08-15T06:00:00+00:00,1786773600000,63089.00000000,63134.84000000,63027.89000000,63114.68000000,373.75318000
2026-08-15T07:00:00+00:00,1786777200000,63114.68000000,63134.83000000,63042.00000000,63075.43000000,688.73174000
2026-08-15T08:00:00+00:00,1786780800000,63075.43000000,63085.80000000,62933.71000000,62935.72000000,177.99645000
2026-08-15T09:00:00+00:00,1786784400000,62935.72000000,63045.83000000,62920.00000000,63030.38000000,183.99371000
2026-08-15T10:00:00+00:00,1786788000000,63030.39000000,63051.74000000,63002.12000000,63046.10000000,79.58111000
2026-08-15T11:00:00+00:00,1786791600000,63046.10000000,63054.69000000,62996.85000000,63022.01000000,175.71191000
2026-08-15T12:00:00+00:00,1786795200000,63022.01000000,63055.36000000,62946.58000000,63050.13000000,109.73402000
2026-08-15T13:00:00+00:00,1786798800000,63050.12000000,63080.88000000,63028.11000000,63060.35000000,132.29680000
2026-08-15T14:00:00+00:00,1786802400000,63060.34000000,63060.35000000,62996.77000000,63040.00000000,244.03751000
2026-08-15T15:00:00+00:00,1786806000000,63040.01000000,63120.09000000,63032.00000000,63100.55000000,214.37562000
2026-08-15T16:00:00+00:00,1786809600000,63100.55000000,63124.99000000,63066.73000000,63096.63000000,202.83972000
2026-08-15T17:00:00+00:00,1786813200000,63096.62000000,63100.69000000,63066.21000000,63070.50000000,96.56413000
2026-08-15T18:00:00+00:00,1786816800000,63070.49000000,63115.58000000,63044.37000000,63057.58000000,294.79086000
2026-08-15T19:00:00+00:00,1786820400000,63057.58000000,63127.40000000,63057.57000000,63126.08000000,516.06271000
2026-08-15T20:00:00+00:00,1786824000000,63126.07000000,63126.08000000,63076.96000000,63103.29000000,55.31906000
2026-08-15T21:00:00+00:00,1786827600000,63103.29000000,63168.95000000,63103.29000000,63159.04000000,170.99952000
2026-08-15T22:00:00+00:00,1786831200000,63159.04000000,63175.00000000,63135.52000000,63135.52000000,95.56932000
2026-08-15T23:00:00+00:00,1786834800000,63135.52000000,63139.96000000,63086.00000000,63086.01000000,85.33037000
2026-08-16T00:00:00+00:00,1786838400000,63086.01000000,63086.01000000,63061.47000000,63085.82000000,94.57372000
2026-08-16T01:00:00+00:00,1786842000000,63085.81000000,63085.82000000,63012.00000000,63084.78000000,180.55557000
2026-08-16T02:00:00+00:00,1786845600000,63084.78000000,63151.59000000,63024.22000000,63121.91000000,245.34897000
2026-08-16T03:00:00+00:00,1786849200000,63121.92000000,63130.01000000,63115.61000000,63130.00000000,105.94774000
2026-08-16T04:00:00+00:00,1786852800000,63130.01000000,63158.80000000,63090.00000000,63090.01000000,130.32114000
2026-08-16T05:00:00+00:00,1786856400000,63090.00000000,63094.00000000,63040.00000000,63069.43000000,235.12057000
2026-08-16T06:00:00+00:00,1786860000000,63069.43000000,63083.79000000,63043.21000000,63069.31000000,280.31849000
2026-08-16T07:00:00+00:00,1786863600000,63069.32000000,63069.32000000,63054.34000000,63061.02000000,146.93998000
2026-08-16T08:00:00+00:00,1786867200000,63061.03000000,63079.76000000,63061.02000000,63072.42000000,108.92210000
2026-08-16T09:00:00+00:00,1786870800000,63072.43000000,63072.43000000,62968.45000000,62992.69000000,290.93169000
2026-08-16T10:00:00+00:00,1786874400000,62992.68000000,63013.62000000,62968.45000000,63008.57000000,133.29459000
2026-08-16T11:00:00+00:00,1786878000000,63008.56000000,63013.66000000,62981.93000000,63013.66000000,213.61707000
2026-08-16T12:00:00+00:00,1786881600000,63013.66000000,63025.42000000,62997.77000000,63021.98000000,78.74312000
2026-08-16T13:00:00+00:00,1786885200000,63021.99000000,63070.05000000,63021.98000000,63060.01000000,146.76198000
2026-08-16T14:00:00+00:00,1786888800000,63060.01000000,63102.86000000,63060.00000000,63102.85000000,159.23473000
2026-08-16T15:00:00+00:00,1786892400000,63102.86000000,63146.40000000,63102.86000000,63146.39000000,173.39340000
2026-08-16T16:00:00+00:00,1786896000000,63146.39000000,63390.00000000,63137.35000000,63260.01000000,394.04188000
2026-08-16T17:00:00+00:00,1786899600000,63260.00000000,63276.61000000,63120.22000000,63159.30000000,190.81967000
2026-08-16T18:00:00+00:00,1786903200000,63159.31000000,63173.71000000,63120.00000000,63140.06000000,89.92171000
2026-08-16T19:00:00+00:00,1786906800000,63140.05000000,63230.00000000,63100.89000000,63108.81000000,186.29170000
2026-08-16T20:00:00+00:00,1786910400000,63108.80000000,63140.00000000,63027.60000000,63067.79000000,122.98382000
2026-08-16T21:00:00+00:00,1786914000000,63067.79000000,63085.15000000,62754.00000000,62929.61000000,328.59983000
2026-08-16T22:00:00+00:00,1786917600000,62929.61000000,62954.00000000,62716.00000000,62913.70000000,453.88740000
2026-08-16T23:00:00+00:00,1786921200000,62913.70000000,62993.77000000,62830.00000000,62900.00000000,246.66048000
2026-08-17T00:00:00+00:00,1786924800000,62900.00000000,62956.00000000,62751.10000000,62917.54000000,577.24276000
2026-08-17T01:00:00+00:00,1786928400000,62917.54000000,63246.91000000,62896.00000000,63116.12000000,495.52019000
2026-08-17T02:00:00+00:00,1786932000000,63116.12000000,63500.00000000,63037.09000000,63403.34000000,459.80516000
2026-08-17T03:00:00+00:00,1786935600000,63403.33000000,63520.00000000,63339.78000000,63429.21000000,637.65934000
2026-08-17T04:00:00+00:00,1786939200000,63429.21000000,63580.00000000,63429.21000000,63532.44000000,714.19197000
2026-08-17T05:00:00+00:00,1786942800000,63532.43000000,63594.76000000,63446.59000000,63520.18000000,770.70619000
2026-08-17T06:00:00+00:00,1786946400000,63520.18000000,63717.17000000,63477.95000000,63667.99000000,312.69187000
2026-08-17T07:00:00+00:00,1786950000000,63668.00000000,63668.00000000,63500.00000000,63514.45000000,696.41924000
2026-08-17T08:00:00+00:00,1786953600000,63514.45000000,63545.08000000,63350.00000000,63380.84000000,520.36494000
2026-08-17T09:00:00+00:00,1786957200000,63380.83000000,63428.00000000,63295.00000000,63323.96000000,311.26926000
2026-08-17T10:00:00+00:00,1786960800000,63323.97000000,63694.26000000,63300.25000000,63692.21000000,683.00101000
2026-08-17T11:00:00+00:00,1786964400000,63692.20000000,63781.69000000,63587.05000000,63631.10000000,428.28018000
2026-08-17T12:00:00+00:00,1786968000000,63631.11000000,63680.00000000,63533.06000000,63554.69000000,405.66003000
2026-08-17T13:00:00+00:00,1786971600000,63554.70000000,63799.64000000,63444.17000000,63672.36000000,585.29579000
2026-08-17T14:00:00+00:00,1786975200000,63672.37000000,63904.76000000,63588.00000000,63902.63000000,583.47166000
2026-08-17T15:00:00+00:00,1786978800000,63902.63000000,64227.27000000,63812.35000000,64200.00000000,1356.14350000
2026-08-17T16:00:00+00:00,1786982400000,64200.00000000,64216.42000000,64058.00000000,64115.76000000,671.84426000
2026-08-17T17:00:00+00:00,1786986000000,64115.76000000,64425.00000000,63979.30000000,64325.99000000,1418.98310000
2026-08-17T18:00:00+00:00,1786989600000,64325.99000000,64610.01000000,64280.49000000,64428.87000000,1040.45275000
2026-08-17T19:00:00+00:00,1786993200000,64428.88000000,64428.88000000,64288.35000000,64309.96000000,452.68874000
2026-08-17T20:00:00+00:00,1786996800000,64309.95000000,64434.00000000,64266.00000000,64392.73000000,244.13801000
2026-08-17T21:00:00+00:00,1787000400000,64392.72000000,64434.76000000,64296.00000000,64382.02000000,218.14648000
2026-08-17T22:00:00+00:00,1787004000000,64382.02000000,64416.00000000,64283.49000000,64291.25000000,321.62233000
2026-08-17T23:00:00+00:00,1787007600000,64291.26000000,64578.00000000,64288.24000000,64532.10000000,350.04837000
2026-08-18T00:00:00+00:00,1787011200000,64532.11000000,64568.46000000,64367.27000000,64383.71000000,332.90310000
2026-08-18T01:00:00+00:00,1787014800000,64383.72000000,64387.71000000,64156.00000000,64200.06000000,378.48537000
2026-08-18T02:00:00+00:00,1787018400000,64200.06000000,64272.00000000,64048.00000000,64103.22000000,442.34864000
2026-08-18T03:00:00+00:00,1787022000000,64103.22000000,64195.45000000,64047.73000000,64185.01000000,577.49413000
2026-08-18T04:00:00+00:00,1787025600000,64185.00000000,64250.69000000,64090.00000000,64210.32000000,739.25374000
2026-08-18T05:00:00+00:00,1787029200000,64210.33000000,64276.00000000,64140.00000000,64242.76000000,1323.90812000
2026-08-18T06:00:00+00:00,1787032800000,64242.76000000,64446.00000000,64170.00000000,64318.03000000,694.76570000
2026-08-18T07:00:00+00:00,1787036400000,64318.03000000,64350.00000000,64164.00000000,64198.97000000,394.05527000
2026-08-18T08:00:00+00:00,1787040000000,64198.97000000,64336.00000000,64087.98000000,64296.02000000,402.40674000
2026-08-18T09:00:00+00:00,1787043600000,64296.01000000,64296.01000000,64140.00000000,64171.95000000,269.49893000
2026-08-18T10:00:00+00:00,1787047200000,64171.95000000,64216.00000000,64123.42000000,64202.80000000,219.75251000
2026-08-18T11:00:00+00:00,1787050800000,64202.81000000,64402.35000000,64192.42000000,64351.19000000,310.52659000
2026-08-18T12:00:00+00:00,1787054400000,64351.18000000,64355.64000000,64218.45000000,64230.02000000,236.94493000
2026-08-18T13:00:00+00:00,1787058000000,64230.02000000,64284.00000000,64027.85000000,64219.99000000,1179.78725000
2026-08-18T14:00:00+00:00,1787061600000,64219.99000000,65058.81000000,64219.99000000,64714.16000000,1757.31459000
2026-08-18T15:00:00+00:00,1787065200000,64714.16000000,64888.00000000,64652.00000000,64855.06000000,513.17463000
2026-08-18T16:00:00+00:00,1787068800000,64855.06000000,64891.81000000,64675.50000000,64840.00000000,419.07089000
2026-08-18T17:00:00+00:00,1787072400000,64840.00000000,64840.01000000,64670.02000000,64670.02000000,400.18777000
2026-08-18T18:00:00+00:00,1787076000000,64670.02000000,64822.00000000,64656.00000000,64772.00000000,219.38960000
2026-08-18T19:00:00+00:00,1787079600000,64771.99000000,64796.00000000,64642.36000000,64643.26000000,185.09854000
2026-08-18T20:00:00+00:00,1787083200000,64643.27000000,64654.87000000,64568.00000000,64582.39000000,191.92081000
2026-08-18T21:00:00+00:00,1787086800000,64582.38000000,64653.97000000,64571.48000000,64604.58000000,187.67225000
2026-08-18T22:00:00+00:00,1787090400000,64604.58000000,64648.00000000,64562.25000000,64634.00000000,200.09422000
2026-08-18T23:00:00+00:00,1787094000000,64634.00000000,64780.00000000,64631.15000000,64725.42000000,213.85880000
2026-08-19T00:00:00+00:00,1787097600000,64725.42000000,64736.27000000,64488.00000000,64488.00000000,247.80518000
2026-08-19T01:00:00+00:00,1787101200000,64488.00000000,64551.47000000,64389.27000000,64400.48000000,314.28140000
2026-08-19T02:00:00+00:00,1787104800000,64400.47000000,64414.65000000,64350.00000000,64351.90000000,547.93834000
2026-08-19T03:00:00+00:00,1787108400000,64351.86000000,64414.00000000,64278.00000000,64330.71000000,258.70445000
2026-08-19T04:00:00+00:00,1787112000000,64330.70000000,64391.80000000,64293.43000000,64316.22000000,402.06932000
2026-08-19T05:00:00+00:00,1787115600000,64316.22000000,64409.93000000,64236.00000000,64236.01000000,258.31718000
2026-08-19T06:00:00+00:00,1787119200000,64236.01000000,64344.00000000,64166.00000000,64339.80000000,531.39508000
2026-08-19T07:00:00+00:00,1787122800000,64339.80000000,64395.78000000,64271.78000000,64296.00000000,630.66386000
2026-08-19T08:00:00+00:00,1787126400000,64296.01000000,64510.95000000,64255.00000000,64413.95000000,381.23164000
2026-08-19T09:00:00+00:00,1787130000000,64413.95000000,64470.66000000,64360.70000000,64427.06000000,228.19510000
2026-08-19T10:00:00+00:00,1787133600000,64427.07000000,64456.71000000,64373.24000000,64456.71000000,262.84871000
2026-08-19T11:00:00+00:00,1787137200000,64456.71000000,64539.05000000,64454.99000000,64515.63000000,286.02228000
2026-08-19T12:00:00+00:00,1787140800000,64515.62000000,64988.00000000,64474.86000000,64882.15000000,785.09851000
2026-08-19T13:00:00+00:00,1787144400000,64882.15000000,65217.86000000,64793.29000000,65012.12000000,1619.46727000
2026-08-19T14:00:00+00:00,1787148000000,65012.12000000,65970.00000000,65012.11000000,65923.21000000,2365.56793000
2026-08-19T15:00:00+00:00,1787151600000,65923.21000000,69500.00000000,65892.00000000,68554.00000000,9262.86965000
2026-08-19T16:00:00+00:00,1787155200000,68554.00000000,68997.00000000,68416.36000000,68465.27000000,2013.58518000
2026-08-19T17:00:00+00:00,1787158800000,68465.26000000,68546.22000000,67825.03000000,68197.29000000,1708.46485000
2026-08-19T18:00:00+00:00,1787162400000,68197.30000000,68453.43000000,68042.00000000,68395.99000000,626.01288000
2026-08-19T19:00:00+00:00,1787166000000,68396.00000000,68483.52000000,68103.71000000,68429.44000000,730.52396000
2026-08-19T20:00:00+00:00,1787169600000,68429.44000000,69579.99000000,68390.00000000,69048.06000000,1419.23549000
2026-08-19T21:00:00+00:00,1787173200000,69048.06000000,70000.00000000,68984.78000000,69709.46000000,2102.52662000
2026-08-19T22:00:00+00:00,1787176800000,69709.47000000,69833.99000000,68980.00000000,69258.90000000,1240.65644000
2026-08-19T23:00:00+00:00,1787180400000,69258.90000000,69453.88000000,69160.00000000,69334.79000000,830.81844000
2026-08-20T00:00:00+00:00,1787184000000,69334.78000000,69793.21000000,69314.01000000,69420.00000000,1392.50902000
2026-08-20T01:00:00+00:00,1787187600000,69420.00000000,69894.50000000,69283.25000000,69721.92000000,864.23959000
2026-08-20T02:00:00+00:00,1787191200000,69721.92000000,69824.00000000,69268.00000000,69301.27000000,929.59108000
2026-08-20T03:00:00+00:00,1787194800000,69301.27000000,69340.00000000,68902.22000000,69195.64000000,941.77624000
2026-08-20T04:00:00+00:00,1787198400000,69195.64000000,69599.01000000,69166.00000000,69492.01000000,712.36152000
2026-08-20T05:00:00+00:00,1787202000000,69492.00000000,69668.00000000,69349.16000000,69406.54000000,1261.47615000
2026-08-20T06:00:00+00:00,1787205600000,69406.53000000,69927.97000000,69336.97000000,69851.99000000,1346.47743000
2026-08-20T07:00:00+00:00,1787209200000,69851.99000000,70022.00000000,69506.91000000,69816.45000000,2107.14536000
2026-08-20T08:00:00+00:00,1787212800000,69816.45000000,71826.26000000,69772.36000000,71592.10000000,4173.84476000
2026-08-20T09:00:00+00:00,1787216400000,71592.11000000,72067.46000000,71500.00000000,71789.97000000,3166.23325000
2026-08-20T10:00:00+00:00,1787220000000,71789.97000000,72490.00000000,71686.58000000,71995.99000000,2350.96460000
2026-08-20T11:00:00+00:00,1787223600000,71995.99000000,72322.00000000,71820.00000000,71927.07000000,1357.58479000
2026-08-20T12:00:00+00:00,1787227200000,71927.07000000,72015.42000000,71501.00000000,71952.04000000,1576.86402000
2026-08-20T13:00:00+00:00,1787230800000,71952.04000000,72108.80000000,71132.00000000,71691.99000000,2151.90860000
2026-08-20T14:00:00+00:00,1787234400000,71692.00000000,71990.09000000,71364.01000000,71826.85000000,1441.04171000
2026-08-20T15:00:00+00:00,1787238000000,71826.85000000,72830.00000000,71789.01000000,72470.83000000,2926.73520000
2026-08-20T16:00:00+00:00,1787241600000,72470.84000000,72905.00000000,72205.88000000,72837.15000000,1324.40386000
2026-08-20T17:00:00+00:00,1787245200000,72837.15000000,72966.00000000,72534.71000000,72737.50000000,1268.41951000
2026-08-20T18:00:00+00:00,1787248800000,72737.51000000,72810.00000000,72394.00000000,72431.36000000,968.00662000
2026-08-20T19:00:00+00:00,1787252400000,72431.35000000,72774.00000000,72330.00000000,72690.76000000,818.65084000
2026-08-20T20:00:00+00:00,1787256000000,72690.76000000,73110.70000000,72594.00000000,72671.75000000,871.61952000
2026-08-20T21:00:00+00:00,1787259600000,72671.76000000,72848.00000000,72557.00000000,72741.81000000,501.87504000
2026-08-20T22:00:00+00:00,1787263200000,72741.81000000,72878.00000000,72498.00000000,72676.22000000,520.26326000
2026-08-20T23:00:00+00:00,1787266800000,72676.23000000,73400.00000000,72664.56000000,73025.15000000,930.80090000
2026-08-21T00:00:00+00:00,1787270400000,73027.02000000,73990.00000000,73027.02000000,73708.02000000,1919.94005000
2026-08-21T01:00:00+00:00,1787274000000,73707.82000000,75785.82000000,73668.00000000,75129.23000000,3173.32947000
2026-08-21T02:00:00+00:00,1787277600000,75129.23000000,75197.08000000,74384.63000000,74439.74000000,1716.15486000
2026-08-21T03:00:00+00:00,1787281200000,74439.75000000,74882.24000000,74247.46000000,74510.77000000,1039.80072000
2026-08-21T04:00:00+00:00,1787284800000,74510.77000000,75054.46000000,74510.77000000,75026.00000000,825.51685000
2026-08-21T05:00:00+00:00,1787288400000,75026.00000000,75500.00000000,74918.79000000,75472.73000000,1138.68225000
2026-08-21T06:00:00+00:00,1787292000000,75472.73000000,75753.00000000,75104.00000000,75646.21000000,1382.10073000
2026-08-21T07:00:00+00:00,1787295600000,75646.20000000,76916.95000000,75620.00000000,76308.65000000,3775.56433000
2026-08-21T08:00:00+00:00,1787299200000,76308.66000000,79500.00000000,76235.76000000,79258.03000000,4366.47306000
2026-08-21T09:00:00+00:00,1787302800000,79258.02000000,79363.79000000,77251.00000000,77910.71000000,4167.07817000
2026-08-21T10:00:00+00:00,1787306400000,77910.71000000,78250.00000000,77621.80000000,77810.02000000,1604.18384000
2026-08-21T11:00:00+00:00,1787310000000,77810.01000000,77855.78000000,76411.38000000,76722.32000000,2387.74046000
2026-08-21T12:00:00+00:00,1787313600000,76722.31000000,77477.24000000,76538.00000000,77223.66000000,2680.17653000
2026-08-21T13:00:00+00:00,1787317200000,77223.66000000,77700.00000000,76243.04000000,77266.87000000,2022.51306000
2026-08-21T14:00:00+00:00,1787320800000,77266.88000000,77448.26000000,76552.74000000,77384.68000000,1855.76373000
2026-08-21T15:00:00+00:00,1787324400000,77384.69000000,77871.33000000,77170.00000000,77221.98000000,1316.36575000
2026-08-21T16:00:00+00:00,1787328000000,77221.98000000,77563.53000000,76784.81000000,77486.01000000,1368.21973000
2026-08-21T17:00:00+00:00,1787331600000,77486.01000000,77722.12000000,77189.95000000,77392.68000000,1099.33856000
2026-08-21T18:00:00+00:00,1787335200000,77392.69000000,77550.00000000,76643.72000000,77146.00000000,1247.39698000
2026-08-21T19:00:00+00:00,1787338800000,77145.99000000,77360.00000000,76856.20000000,77028.94000000,1151.33799000
2026-08-21T20:00:00+00:00,1787342400000,77028.94000000,77548.99000000,76863.56000000,77520.19000000,905.49008000
2026-08-21T21:00:00+00:00,1787346000000,77520.19000000,78675.10000000,77388.00000000,78505.15000000,1351.97974000
2026-08-21T22:00:00+00:00,1787349600000,78505.14000000,78760.68000000,78081.80000000,78460.14000000,1022.82210000
2026-08-21T23:00:00+00:00,1787353200000,78460.13000000,78720.00000000,78100.26000000,78338.03000000,821.59664000
2026-08-22T00:00:00+00:00,1787356800000,78338.03000000,78500.00000000,77683.37000000,77953.30000000,822.10615000
2026-08-22T01:00:00+00:00,1787360400000,77953.30000000,78234.00000000,77816.66000000,77830.01000000,612.96043000
2026-08-22T02:00:00+00:00,1787364000000,77830.01000000,78563.83000000,77791.19000000,78470.00000000,965.16893000
2026-08-22T03:00:00+00:00,1787367600000,78470.00000000,78828.15000000,78372.00000000,78410.98000000,734.80310000
2026-08-22T04:00:00+00:00,1787371200000,78410.98000000,78818.00000000,78207.61000000,78470.00000000,738.35305000
2026-08-22T05:00:00+00:00,1787374800000,78470.00000000,78584.00000000,76500.00000000,77380.75000000,3816.35200000
2026-08-22T06:00:00+00:00,1787378400000,77380.75000000,77572.16000000,76985.14000000,77486.09000000,838.31259000
2026-08-22T07:00:00+00:00,1787382000000,77486.09000000,77669.28000000,77220.00000000,77289.18000000,634.34953000
2026-08-22T08:00:00+00:00,1787385600000,77289.18000000,77445.60000000,77037.42000000,77210.55000000,870.47609000
2026-08-22T09:00:00+00:00,1787389200000,77210.55000000,77395.04000000,76851.25000000,77061.99000000,1089.30988000
2026-08-22T10:00:00+00:00,1787392800000,77062.00000000,77187.46000000,76533.87000000,76976.00000000,1058.83574000
2026-08-22T11:00:00+00:00,1787396400000,76976.01000000,77204.68000000,76772.05000000,77130.02000000,729.38003000
2026-08-22T12:00:00+00:00,1787400000000,77130.01000000,77387.99000000,77073.86000000,77300.27000000,529.84412000
2026-08-22T13:00:00+00:00,1787403600000,77300.27000000,77362.03000000,77116.00000000,77288.62000000,471.58740000
2026-08-22T14:00:00+00:00,1787407200000,77288.62000000,77305.14000000,76930.00000000,77003.62000000,534.05012000
2026-08-22T15:00:00+00:00,1787410800000,77003.62000000,77100.77000000,76880.00000000,76978.83000000,465.28762000
2026-08-22T16:00:00+00:00,1787414400000,76978.83000000,77547.96000000,76956.36000000,77288.01000000,537.52059000
2026-08-22T17:00:00+00:00,1787418000000,77288.01000000,77369.99000000,77066.66000000,77278.01000000,367.89271000
2026-08-22T18:00:00+00:00,1787421600000,77278.01000000,77360.92000000,77138.00000000,77257.86000000,246.33381000
2026-08-22T19:00:00+00:00,1787425200000,77257.87000000,77469.64000000,77206.53000000,77418.25000000,260.41653000
2026-08-22T20:00:00+00:00,1787428800000,77418.26000000,77467.53000000,77258.00000000,77311.69000000,351.69043000
2026-08-22T21:00:00+00:00,1787432400000,77311.69000000,77311.69000000,76828.78000000,76856.01000000,472.54194000
2026-08-22T22:00:00+00:00,1787436000000,76856.00000000,77155.46000000,76772.00000000,76997.76000000,933.98314000
2026-08-22T23:00:00+00:00,1787439600000,76997.77000000,77126.53000000,76900.00000000,77074.93000000,442.95254000
2026-08-23T00:00:00+00:00,1787443200000,77074.94000000,77359.53000000,77042.91000000,77302.65000000,422.64795000
2026-08-23T01:00:00+00:00,1787446800000,77302.65000000,77400.00000000,77158.00000000,77190.29000000,315.93460000
2026-08-23T02:00:00+00:00,1787450400000,77190.29000000,77232.55000000,77005.88000000,77079.46000000,272.44621000
2026-08-23T03:00:00+00:00,1787454000000,77079.46000000,77136.78000000,76837.00000000,76927.87000000,542.03792000
2026-08-23T04:00:00+00:00,1787457600000,76927.87000000,77036.58000000,76477.04000000,76602.00000000,1142.31377000
2026-08-23T05:00:00+00:00,1787461200000,76602.00000000,76730.99000000,75545.67000000,76053.37000000,2021.52468000
2026-08-23T06:00:00+00:00,1787464800000,76053.38000000,76357.51000000,75872.89000000,76096.95000000,788.44492000
2026-08-23T07:00:00+00:00,1787468400000,76096.96000000,76345.31000000,75907.82000000,76007.13000000,498.42122000
2026-08-23T08:00:00+00:00,1787472000000,76007.12000000,76654.78000000,75952.09000000,76486.49000000,773.49224000
2026-08-23T09:00:00+00:00,1787475600000,76486.49000000,76640.21000000,76467.00000000,76549.98000000,346.37256000
2026-08-23T10:00:00+00:00,1787479200000,76549.99000000,76924.29000000,76542.00000000,76790.35000000,533.71157000
2026-08-23T11:00:00+00:00,1787482800000,76790.35000000,77400.00000000,76744.94000000,77311.02000000,784.82342000
2026-08-23T12:00:00+00:00,1787486400000,77311.02000000,77311.99000000,76975.63000000,77206.00000000,446.59889000
2026-08-23T13:00:00+00:00,1787490000000,77206.01000000,77765.80000000,77192.21000000,77487.62000000,955.92825000
2026-08-23T14:00:00+00:00,1787493600000,77487.62000000,77640.58000000,76802.00000000,77186.00000000,1015.68445000
2026-08-23T15:00:00+00:00,1787497200000,77186.00000000,77336.93000000,76913.49000000,77156.13000000,562.15936000
2026-08-23T16:00:00+00:00,1787500800000,77156.14000000,77475.00000000,77156.13000000,77429.88000000,303.23960000
2026-08-23T17:00:00+00:00,1787504400000,77429.87000000,77443.95000000,77148.20000000,77176.41000000,396.15987000
2026-08-23T18:00:00+00:00,1787508000000,77176.41000000,77415.33000000,77116.00000000,77341.98000000,670.17194000
2026-08-23T19:00:00+00:00,1787511600000,77341.99000000,77487.04000000,77255.99000000,77346.01000000,294.93858000
2026-08-23T20:00:00+00:00,1787515200000,77346.00000000,77460.00000000,77200.03000000,77401.60000000,169.97755000
2026-08-23T21:00:00+00:00,1787518800000,77401.59000000,78052.85000000,77401.59000000,77833.23000000,861.63202000
2026-08-23T22:00:00+00:00,1787522400000,77833.23000000,77979.00000000,77560.02000000,77598.88000000,587.36494000
2026-08-23T23:00:00+00:00,1787526000000,77598.87000000,77829.70000000,77290.22000000,77734.00000000,661.20534000
2026-08-24T00:00:00+00:00,1787529600000,77734.00000000,77742.00000000,77142.85000000,77679.50000000,630.62998000
2026-08-24T01:00:00+00:00,1787533200000,77679.51000000,77717.28000000,76918.00000000,76922.10000000,853.47221000
2026-08-24T02:00:00+00:00,1787536800000,76922.11000000,77545.08000000,76883.61000000,77478.69000000,732.44390000
2026-08-24T03:00:00+00:00,1787540400000,77478.70000000,77532.37000000,76933.00000000,76933.02000000,1447.49069000
2026-08-24T04:00:00+00:00,1787544000000,76933.02000000,77247.12000000,76670.01000000,76897.44000000,1191.36747000
2026-08-24T05:00:00+00:00,1787547600000,76897.44000000,77226.93000000,76842.72000000,77149.40000000,884.51745000
2026-08-24T06:00:00+00:00,1787551200000,77149.39000000,77525.09000000,77071.00000000,77464.33000000,745.98390000
2026-08-24T07:00:00+00:00,1787554800000,77464.33000000,77790.19000000,77281.68000000,77307.15000000,681.33125000
2026-08-24T08:00:00+00:00,1787558400000,77307.14000000,77414.88000000,76838.00000000,77041.47000000,921.46444000
2026-08-24T09:00:00+00:00,1787562000000,77041.46000000,77602.80000000,77028.00000000,77554.08000000,523.00977000
2026-08-24T10:00:00+00:00,1787565600000,77554.08000000,78017.00000000,77534.09000000,77617.22000000,1113.08488000
2026-08-24T11:00:00+00:00,1787569200000,77617.23000000,78600.00000000,77450.00000000,78443.65000000,1324.46087000
2026-08-24T12:00:00+00:00,1787572800000,78443.65000000,79326.48000000,77982.00000000,79159.99000000,1858.84351000
2026-08-24T13:00:00+00:00,1787576400000,79159.98000000,79450.00000000,77851.90000000,78597.99000000,3300.58408000
2026-08-24T14:00:00+00:00,1787580000000,78597.99000000,79841.12000000,78597.99000000,79510.92000000,3230.14333000
2026-08-24T15:00:00+00:00,1787583600000,79510.93000000,80000.00000000,78824.78000000,79100.01000000,3666.17565000
2026-08-24T16:00:00+00:00,1787587200000,79100.01000000,79877.87000000,78901.10000000,79047.60000000,1877.28842000
2026-08-24T17:00:00+00:00,1787590800000,79047.61000000,79198.00000000,78468.61000000,78761.14000000,1637.93002000
2026-08-24T18:00:00+00:00,1787594400000,78761.14000000,79084.22000000,78718.01000000,78928.35000000,783.83103000
2026-08-24T19:00:00+00:00,1787598000000,78928.35000000,79118.42000000,78600.00000000,78758.00000000,1063.06502000
2026-08-24T20:00:00+00:00,1787601600000,78757.99000000,78996.00000000,78560.00000000,78932.33000000,421.20967000
2026-08-24T21:00:00+00:00,1787605200000,78932.33000000,79049.40000000,78853.43000000,78984.23000000,302.47665000
2026-08-24T22:00:00+00:00,1787608800000,78984.23000000,78988.00000000,78692.00000000,78740.00000000,351.77026000
2026-08-24T23:00:00+00:00,1787612400000,78740.00000000,79017.76000000,78622.13000000,78992.75000000,636.71946000
2026-08-25T00:00:00+00:00,1787616000000,78992.76000000,79888.00000000,78715.63000000,79739.99000000,1133.49463000
2026-08-25T01:00:00+00:00,1787619600000,79739.99000000,79985.41000000,79478.00000000,79828.00000000,1067.23419000
2026-08-25T02:00:00+00:00,1787623200000,79828.00000000,81272.62000000,79742.00000000,80649.63000000,3314.90532000
2026-08-25T03:00:00+00:00,1787626800000,80649.62000000,80956.00000000,80314.31000000,80488.01000000,1359.49076000
2026-08-25T04:00:00+00:00,1787630400000,80488.01000000,80608.00000000,80150.00000000,80363.73000000,898.81211000
2026-08-25T05:00:00+00:00,1787634000000,80363.74000000,80821.53000000,80322.00000000,80731.90000000,994.03992000
2026-08-25T06:00:00+00:00,1787637600000,80731.90000000,80923.69000000,80420.00000000,80574.09000000,745.39881000
2026-08-25T07:00:00+00:00,1787641200000,80574.09000000,80819.67000000,79369.17000000,79705.79000000,1307.68383000
2026-08-25T08:00:00+00:00,1787644800000,79705.79000000,80249.00000000,79622.00000000,79930.77000000,788.31559000
2026-08-25T09:00:00+00:00,1787648400000,79930.76000000,79958.00000000,78888.00000000,79187.20000000,1475.28510000
2026-08-25T10:00:00+00:00,1787652000000,79187.20000000,79484.01000000,78992.00000000,79309.63000000,836.94668000
2026-08-25T11:00:00+00:00,1787655600000,79309.63000000,79463.59000000,79044.18000000,79117.99000000,617.29432000
2026-08-25T12:00:00+00:00,1787659200000,79118.00000000,79171.88000000,78640.00000000,78980.00000000,1007.34070000
2026-08-25T13:00:00+00:00,1787662800000,78980.01000000,79222.00000000,78120.74000000,78647.99000000,1734.12220000
2026-08-25T14:00:00+00:00,1787666400000,78648.00000000,79386.94000000,78531.55000000,79235.99000000,1216.06528000
2026-08-25T15:00:00+00:00,1787670000000,79236.00000000,79527.09000000,79020.04000000,79502.01000000,794.08262000
2026-08-25T16:00:00+00:00,1787673600000,79502.01000000,79563.71000000,79067.72000000,79156.02000000,676.17870000
2026-08-25T17:00:00+00:00,1787677200000,79156.02000000,79256.08000000,78752.06000000,79240.01000000,747.28203000
2026-08-25T18:00:00+00:00,1787680800000,79240.02000000,79380.00000000,79048.44000000,79128.00000000,469.50082000
2026-08-25T19:00:00+00:00,1787684400000,79128.01000000,79233.57000000,78728.35000000,78925.95000000,702.86873000
2026-08-25T20:00:00+00:00,1787688000000,78925.96000000,78976.00000000,78165.27000000,78206.13000000,777.55096000
2026-08-25T21:00:00+00:00,1787691600000,78206.14000000,78664.00000000,77851.00000000,78570.00000000,840.88883000
2026-08-25T22:00:00+00:00,1787695200000,78569.99000000,79000.00000000,78569.99000000,78889.51000000,577.33833000
2026-08-25T23:00:00+00:00,1787698800000,78889.51000000,78977.49000000,78396.88000000,78539.14000000,690.39348000
2026-08-26T00:00:00+00:00,1787702400000,78539.13000000,78721.48000000,78312.00000000,78631.79000000,680.65038000
2026-08-26T01:00:00+00:00,1787706000000,78631.70000000,78960.00000000,78607.29000000,78815.13000000,572.39774000
2026-08-26T02:00:00+00:00,1787709600000,78815.13000000,79251.60000000,78748.56000000,79108.00000000,505.52805000
2026-08-26T03:00:00+00:00,1787713200000,79108.01000000,79184.00000000,78900.00000000,79088.62000000,453.50631000
2026-08-26T04:00:00+00:00,1787716800000,79088.61000000,79200.00000000,78790.68000000,78826.00000000,482.93427000
2026-08-26T05:00:00+00:00,1787720400000,78826.00000000,79143.62000000,78638.00000000,79085.98000000,515.23689000
2026-08-26T06:00:00+00:00,1787724000000,79085.98000000,79206.00000000,78816.00000000,78947.92000000,459.35770000
2026-08-26T07:00:00+00:00,1787727600000,78947.92000000,79096.00000000,78867.00000000,78925.56000000,516.24118000
2026-08-26T08:00:00+00:00,1787731200000,78925.57000000,79119.37000000,78600.00000000,78707.59000000,995.42693000
2026-08-26T09:00:00+00:00,1787734800000,78707.59000000,78877.02000000,78244.83000000,78444.49000000,553.36821000
2026-08-26T10:00:00+00:00,1787738400000,78444.50000000,78879.75000000,78291.09000000,78727.45000000,367.28381000
2026-08-26T11:00:00+00:00,1787742000000,78727.46000000,78782.00000000,78317.00000000,78487.26000000,413.44093000
2026-08-26T12:00:00+00:00,1787745600000,78487.26000000,78713.79000000,77918.25000000,78319.59000000,1022.94925000
2026-08-26T13:00:00+00:00,1787749200000,78319.58000000,78554.00000000,77913.19000000,78448.66000000,943.22287000
2026-08-26T14:00:00+00:00,1787752800000,78448.66000000,78603.41000000,77774.00000000,77790.48000000,1051.14695000
2026-08-26T15:00:00+00:00,1787756400000,77790.48000000,78167.26000000,77632.58000000,78011.65000000,712.24119000
2026-08-26T16:00:00+00:00,1787760000000,78011.64000000,78161.73000000,77858.00000000,77991.30000000,600.54786000
2026-08-26T17:00:00+00:00,1787763600000,77991.29000000,78603.00000000,77991.29000000,78442.83000000,585.12324000
2026-08-26T18:00:00+00:00,1787767200000,78442.84000000,78650.26000000,78280.01000000,78472.41000000,337.24489000
2026-08-26T19:00:00+00:00,1787770800000,78472.41000000,78572.00000000,78292.00000000,78475.49000000,466.85134000
2026-08-26T20:00:00+00:00,1787774400000,78475.49000000,78521.70000000,78200.00000000,78452.04000000,322.22426000
2026-08-26T21:00:00+00:00,1787778000000,78452.04000000,78845.06000000,78392.19000000,78724.01000000,428.48439000
2026-08-26T22:00:00+00:00,1787781600000,78724.00000000,78975.85000000,78554.00000000,78700.00000000,931.26213000
2026-08-26T23:00:00+00:00,1787785200000,78700.00000000,79174.12000000,78654.00000000,79023.75000000,697.08810000
2026-08-27T00:00:00+00:00,1787788800000,79023.75000000,79028.49000000,78690.01000000,78690.01000000,527.82725000
2026-08-27T01:00:00+00:00,1787792400000,78690.02000000,79017.99000000,78546.13000000,78898.67000000,520.71745000
2026-08-27T02:00:00+00:00,1787796000000,78898.68000000,78978.00000000,78704.62000000,78717.76000000,429.02181000
2026-08-27T03:00:00+00:00,1787799600000,78717.76000000,78990.00000000,78643.23000000,78830.68000000,357.29079000
2026-08-27T04:00:00+00:00,1787803200000,78830.68000000,78900.00000000,78684.18000000,78783.99000000,181.61392000
2026-08-27T05:00:00+00:00,1787806800000,78783.99000000,78928.00000000,78600.00000000,78912.55000000,297.32854000
2026-08-27T06:00:00+00:00,1787810400000,78912.54000000,78912.55000000,78604.78000000,78817.49000000,399.15003000
2026-08-27T07:00:00+00:00,1787814000000,78817.50000000,79095.99000000,78754.00000000,79082.17000000,345.94116000
2026-08-27T08:00:00+00:00,1787817600000,79082.18000000,80022.00000000,79048.00000000,79755.99000000,1705.62217000
2026-08-27T09:00:00+00:00,1787821200000,79756.00000000,80520.00000000,79683.09000000,79986.00000000,1131.87984000
2026-08-27T10:00:00+00:00,1787824800000,79986.00000000,80158.15000000,79342.00000000,79626.00000000,684.67175000
2026-08-27T11:00:00+00:00,1787828400000,79625.99000000,79766.30000000,79172.65000000,79477.67000000,621.11446000
2026-08-27T12:00:00+00:00,1787832000000,79477.66000000,79596.00000000,79266.00000000,79282.31000000,505.96518000
2026-08-27T13:00:00+00:00,1787835600000,79282.31000000,79568.00000000,78920.00000000,79533.15000000,1143.32188000
2026-08-27T14:00:00+00:00,1787839200000,79533.16000000,80388.00000000,79354.47000000,80204.05000000,1464.19180000
2026-08-27T15:00:00+00:00,1787842800000,80204.06000000,80799.91000000,80094.00000000,80302.32000000,1415.34964000
2026-08-27T16:00:00+00:00,1787846400000,80302.32000000,80624.00000000,80189.39000000,80374.00000000,957.98058000
2026-08-27T17:00:00+00:00,1787850000000,80374.00000000,80848.74000000,80230.00000000,80442.46000000,973.76075000
2026-08-27T18:00:00+00:00,1787853600000,80442.47000000,80442.47000000,79749.70000000,80150.69000000,662.82544000
2026-08-27T19:00:00+00:00,1787857200000,80150.69000000,80294.11000000,79886.00000000,79910.19000000,514.60852000
2026-08-27T20:00:00+00:00,1787860800000,79910.19000000,80120.00000000,79882.86000000,80096.00000000,282.87253000
2026-08-27T21:00:00+00:00,1787864400000,80096.00000000,80184.00000000,79975.74000000,80184.00000000,278.41542000
2026-08-27T22:00:00+00:00,1787868000000,80184.00000000,80432.36000000,80150.00000000,80303.21000000,534.24073000
2026-08-27T23:00:00+00:00,1787871600000,80303.21000000,80393.60000000,80134.00000000,80249.58000000,329.82531000
2026-08-28T00:00:00+00:00,1787875200000,80249.59000000,80705.37000000,80153.99000000,80576.00000000,516.59696000
2026-08-28T01:00:00+00:00,1787878800000,80575.99000000,81478.87000000,80434.15000000,80500.38000000,1463.05089000
2026-08-28T02:00:00+00:00,1787882400000,80500.38000000,80500.38000000,79723.02000000,79926.11000000,1190.20509000
2026-08-28T03:00:00+00:00,1787886000000,79926.11000000,80060.01000000,79775.61000000,79810.49000000,530.69453000
2026-08-28T04:00:00+00:00,1787889600000,79810.48000000,79970.50000000,79603.81000000,79643.81000000,562.86792000
2026-08-28T05:00:00+00:00,1787893200000,79643.80000000,79872.60000000,79558.11000000,79686.00000000,326.58104000
2026-08-28T06:00:00+00:00,1787896800000,79686.00000000,79999.00000000,79685.99000000,79904.21000000,359.13230000
2026-08-28T07:00:00+00:00,1787900400000,79904.21000000,79904.21000000,79573.36000000,79660.00000000,1018.10642000
2026-08-28T08:00:00+00:00,1787904000000,79660.00000000,79840.00000000,79480.00000000,79516.78000000,526.20796000
2026-08-28T09:00:00+00:00,1787907600000,79516.77000000,79516.78000000,79259.43000000,79285.19000000,541.74443000
2026-08-28T10:00:00+00:00,1787911200000,79285.19000000,79571.99000000,79001.01000000,79565.89000000,548.77151000
2026-08-28T11:00:00+00:00,1787914800000,79565.90000000,79770.29000000,79555.22000000,79604.13000000,394.07937000
2026-08-28T12:00:00+00:00,1787918400000,79604.12000000,79727.36000000,79306.11000000,79421.05000000,400.05317000
2026-08-28T13:00:00+00:00,1787922000000,79421.04000000,79635.01000000,79034.56000000,79330.75000000,843.22470000
2026-08-28T14:00:00+00:00,1787925600000,79330.34000000,79706.64000000,78423.03000000,79542.44000000,2930.13002000
2026-08-28T15:00:00+00:00,1787929200000,79542.44000000,79838.73000000,78312.64000000,78331.13000000,1255.01594000
2026-08-28T16:00:00+00:00,1787932800000,78331.13000000,78404.00000000,76888.00000000,77788.46000000,2955.61638000
2026-08-28T17:00:00+00:00,1787936400000,77788.45000000,78131.86000000,77642.78000000,77904.00000000,722.76014000
2026-08-28T18:00:00+00:00,1787940000000,77904.00000000,77935.50000000,77270.00000000,77554.00000000,575.36359000
2026-08-28T19:00:00+00:00,1787943600000,77554.00000000,77797.35000000,77376.00000000,77580.03000000,501.05200000
2026-08-28T20:00:00+00:00,1787947200000,77580.03000000,77609.83000000,77310.24000000,77407.34000000,264.10726000
2026-08-28T21:00:00+00:00,1787950800000,77407.34000000,77537.33000000,77255.69000000,77364.00000000,392.38715000
2026-08-28T22:00:00+00:00,1787954400000,77364.00000000,77773.20000000,77342.00000000,77758.69000000,339.14252000
2026-08-28T23:00:00+00:00,1787958000000,77758.69000000,77846.72000000,77640.74000000,77845.87000000,599.54517000
2026-08-29T00:00:00+00:00,1787961600000,77845.88000000,77963.92000000,77722.00000000,77733.63000000,321.80979000
2026-08-29T01:00:00+00:00,1787965200000,77733.63000000,77849.29000000,77631.28000000,77794.11000000,235.06968000
2026-08-29T02:00:00+00:00,1787968800000,77794.11000000,77829.72000000,77584.53000000,77671.18000000,367.62079000
2026-08-29T03:00:00+00:00,1787972400000,77671.18000000,77731.43000000,77507.16000000,77507.17000000,238.89187000
2026-08-29T04:00:00+00:00,1787976000000,77507.17000000,77678.67000000,77507.17000000,77648.91000000,229.90598000
2026-08-29T05:00:00+00:00,1787979600000,77648.91000000,77716.12000000,77604.06000000,77632.53000000,195.32253000
2026-08-29T06:00:00+00:00,1787983200000,77632.52000000,77632.53000000,77382.37000000,77466.82000000,305.02922000
2026-08-29T07:00:00+00:00,1787986800000,77466.83000000,77672.00000000,77438.01000000,77626.01000000,933.89852000
2026-08-29T08:00:00+00:00,1787990400000,77626.01000000,77634.00000000,77487.73000000,77633.99000000,281.67849000
2026-08-29T09:00:00+00:00,1787994000000,77634.00000000,77754.23000000,77566.01000000,77650.03000000,212.52791000
2026-08-29T10:00:00+00:00,1787997600000,77650.02000000,77732.00000000,77526.00000000,77635.17000000,228.16206000
2026-08-29T11:00:00+00:00,1788001200000,77635.17000000,77724.99000000,77573.32000000,77584.67000000,269.60514000
2026-08-29T12:00:00+00:00,1788004800000,77584.66000000,77657.99000000,77506.63000000,77583.74000000,316.37633000
2026-08-29T13:00:00+00:00,1788008400000,77583.74000000,77722.00000000,77559.45000000,77704.32000000,195.58499000
2026-08-29T14:00:00+00:00,1788012000000,77704.32000000,78150.00000000,77663.83000000,78014.37000000,456.42164000
2026-08-29T15:00:00+00:00,1788015600000,78014.37000000,78014.37000000,77806.90000000,77865.36000000,314.87544000
2026-08-29T16:00:00+00:00,1788019200000,77865.36000000,78130.43000000,77858.29000000,78027.17000000,330.48346000
2026-08-29T17:00:00+00:00,1788022800000,78027.17000000,78100.00000000,77896.00000000,78100.00000000,210.10626000
2026-08-29T18:00:00+00:00,1788026400000,78099.99000000,78250.00000000,78018.02000000,78158.01000000,252.93546000
2026-08-29T19:00:00+00:00,1788030000000,78158.01000000,78330.00000000,78138.87000000,78182.00000000,231.34566000
2026-08-29T20:00:00+00:00,1788033600000,78181.99000000,78298.00000000,78117.95000000,78129.92000000,132.29288000
2026-08-29T21:00:00+00:00,1788037200000,78129.92000000,78198.00000000,78062.00000000,78161.63000000,132.03751000
2026-08-29T22:00:00+00:00,1788040800000,78161.62000000,78239.40000000,78086.00000000,78228.34000000,298.22816000
2026-08-29T23:00:00+00:00,1788044400000,78228.33000000,78283.70000000,78190.00000000,78230.00000000,326.09280000
2026-08-30T00:00:00+00:00,1788048000000,78230.00000000,78330.00000000,78147.17000000,78179.86000000,185.20224000
2026-08-30T01:00:00+00:00,1788051600000,78179.86000000,78190.00000000,77994.02000000,78081.50000000,257.05271000
2026-08-30T02:00:00+00:00,1788055200000,78081.49000000,78178.02000000,78014.74000000,78106.01000000,119.64466000
2026-08-30T03:00:00+00:00,1788058800000,78106.00000000,78233.70000000,78065.99000000,78144.68000000,254.40453000
2026-08-30T04:00:00+00:00,1788062400000,78144.68000000,78220.00000000,77990.00000000,78109.75000000,215.53426000
2026-08-30T05:00:00+00:00,1788066000000,78109.74000000,78214.00000000,78109.74000000,78127.71000000,161.29313000
2026-08-30T06:00:00+00:00,1788069600000,78127.72000000,78310.71000000,78106.07000000,78280.34000000,208.68022000
2026-08-30T07:00:00+00:00,1788073200000,78280.34000000,78291.27000000,78118.00000000,78118.00000000,137.50550000
2026-08-30T08:00:00+00:00,1788076800000,78118.00000000,78207.22000000,78034.00000000,78074.01000000,143.67594000
2026-08-30T09:00:00+00:00,1788080400000,78074.01000000,78118.87000000,77986.00000000,78000.01000000,165.26795000
2026-08-30T10:00:00+00:00,1788084000000,78000.01000000,78145.29000000,77962.49000000,78145.29000000,168.30514000
2026-08-30T11:00:00+00:00,1788087600000,78145.29000000,78242.00000000,78117.11000000,78166.00000000,172.04094000
2026-08-30T12:00:00+00:00,1788091200000,78165.99000000,78850.81000000,78165.99000000,78785.06000000,814.10982000
2026-08-30T13:00:00+00:00,1788094800000,78785.06000000,78966.76000000,78590.14000000,78860.00000000,488.82020000
2026-08-30T14:00:00+00:00,1788098400000,78860.01000000,78945.94000000,78722.00000000,78783.71000000,439.32977000
2026-08-30T15:00:00+00:00,1788102000000,78783.70000000,78912.94000000,78626.00000000,78823.63000000,553.82108000
2026-08-30T16:00:00+00:00,1788105600000,78823.62000000,79400.00000000,78750.00000000,79337.93000000,667.56388000
2026-08-30T17:00:00+00:00,1788109200000,79337.93000000,79337.93000000,78774.85000000,79021.02000000,460.72685000
2026-08-30T18:00:00+00:00,1788112800000,79021.02000000,79181.99000000,78776.00000000,79036.69000000,293.77870000
2026-08-30T19:00:00+00:00,1788116400000,79036.68000000,79041.96000000,78721.98000000,78856.39000000,232.19118000
2026-08-30T20:00:00+00:00,1788120000000,78856.39000000,78931.49000000,78438.23000000,78597.33000000,294.21340000
2026-08-30T21:00:00+00:00,1788123600000,78597.32000000,78733.77000000,78229.82000000,78653.00000000,461.41088000
2026-08-30T22:00:00+00:00,1788127200000,78653.00000000,78804.00000000,78280.00000000,78422.01000000,390.42367000
2026-08-30T23:00:00+00:00,1788130800000,78422.01000000,78454.00000000,77000.00000000,77682.00000000,1800.42740000
2026-08-31T00:00:00+00:00,1788134400000,77682.00000000,78185.89000000,77436.40000000,77937.04000000,711.43379000
2026-08-31T01:00:00+00:00,1788138000000,77937.03000000,77993.03000000,77565.08000000,77640.94000000,567.26058000
2026-08-31T02:00:00+00:00,1788141600000,77640.93000000,78000.00000000,77392.00000000,77473.99000000,573.39934000
2026-08-31T03:00:00+00:00,1788145200000,77474.00000000,77872.00000000,77394.00000000,77756.71000000,278.92536000
2026-08-31T04:00:00+00:00,1788148800000,77756.70000000,77769.11000000,77458.83000000,77622.28000000,550.02773000
2026-08-31T05:00:00+00:00,1788152400000,77622.29000000,78156.78000000,77514.00000000,78016.00000000,511.92091000
2026-08-31T06:00:00+00:00,1788156000000,78016.01000000,78156.77000000,77864.16000000,78093.87000000,968.02210000
2026-08-31T07:00:00+00:00,1788159600000,78093.88000000,78322.56000000,78034.01000000,78196.01000000,716.03378000
2026-08-31T08:00:00+00:00,1788163200000,78196.01000000,78521.89000000,77982.00000000,78480.80000000,782.74546000
2026-08-31T09:00:00+00:00,1788166800000,78480.79000000,78802.00000000,78396.35000000,78511.03000000,624.76686000
2026-08-31T10:00:00+00:00,1788170400000,78511.03000000,78732.00000000,78316.91000000,78710.01000000,576.71834000
2026-08-31T11:00:00+00:00,1788174000000,78710.02000000,78710.02000000,78302.00000000,78315.43000000,482.35572000
2026-08-31T12:00:00+00:00,1788177600000,78315.43000000,78543.86000000,77675.04000000,77930.39000000,816.61258000
2026-08-31T13:00:00+00:00,1788181200000,77930.40000000,78282.00000000,77716.75000000,77867.39000000,1083.27160000
2026-08-31T14:00:00+00:00,1788184800000,77867.39000000,78686.94000000,77746.60000000,78600.14000000,1368.66274000
2026-08-31T15:00:00+00:00,1788188400000,78601.93000000,78777.90000000,78212.30000000,78580.42000000,1119.65651000
2026-08-31T16:00:00+00:00,1788192000000,78580.43000000,78884.48000000,78524.00000000,78639.57000000,576.26452000
2026-08-31T17:00:00+00:00,1788195600000,78639.57000000,79019.86000000,78494.00000000,78897.36000000,604.69852000
2026-08-31T18:00:00+00:00,1788199200000,78897.35000000,79212.00000000,78779.24000000,79016.00000000,473.51591000
2026-08-31T19:00:00+00:00,1788202800000,79016.01000000,79250.00000000,78851.93000000,78898.06000000,423.46335000
2026-08-31T20:00:00+00:00,1788206400000,78898.06000000,79172.00000000,78784.32000000,78864.72000000,366.68341000
2026-08-31T21:00:00+00:00,1788210000000,78864.73000000,79071.12000000,78732.22000000,78964.32000000,404.71113000
2026-08-31T22:00:00+00:00,1788213600000,78964.33000000,79015.83000000,78579.30000000,78593.15000000,346.21313000
2026-08-31T23:00:00+00:00,1788217200000,78593.15000000,78593.61000000,78405.01000000,78581.29000000,376.54265000
2026-09-01T00:00:00+00:00,1788220800000,78581.30000000,78900.01000000,78562.00000000,78652.00000000,522.70913000
2026-09-01T01:00:00+00:00,1788224400000,78652.00000000,78797.99000000,78375.83000000,78410.62000000,440.94430000
2026-09-01T02:00:00+00:00,1788228000000,78410.62000000,78457.55000000,78189.93000000,78449.99000000,524.89493000
2026-09-01T03:00:00+00:00,1788231600000,78449.99000000,78874.00000000,78400.18000000,78679.01000000,542.20640000
2026-09-01T04:00:00+00:00,1788235200000,78679.01000000,78915.09000000,78653.96000000,78727.11000000,444.12648000
2026-09-01T05:00:00+00:00,1788238800000,78727.11000000,79220.61000000,78727.11000000,79179.99000000,546.96321000
2026-09-01T06:00:00+00:00,1788242400000,79179.99000000,79179.99000000,78745.38000000,78745.39000000,464.70536000
2026-09-01T07:00:00+00:00,1788246000000,78745.39000000,78806.00000000,78500.00000000,78632.37000000,405.71300000
2026-09-01T08:00:00+00:00,1788249600000,78632.37000000,78658.01000000,77820.00000000,77883.28000000,939.11065000
2026-09-01T09:00:00+00:00,1788253200000,77883.28000000,78062.24000000,77786.18000000,77915.00000000,951.34245000
2026-09-01T10:00:00+00:00,1788256800000,77915.00000000,78196.00000000,77758.69000000,78029.67000000,423.94155000
2026-09-01T11:00:00+00:00,1788260400000,78029.67000000,78202.52000000,77890.00000000,78098.97000000,337.44732000
2026-09-01T12:00:00+00:00,1788264000000,78098.96000000,78156.00000000,77742.01000000,78004.00000000,474.45626000
2026-09-01T13:00:00+00:00,1788267600000,78004.01000000,78202.00000000,77510.00000000,78071.99000000,1285.21254000
2026-09-01T14:00:00+00:00,1788271200000,78072.00000000,78424.00000000,78052.00000000,78167.99000000,800.55583000
2026-09-01T15:00:00+00:00,1788274800000,78168.00000000,78169.69000000,77727.61000000,77919.06000000,560.10608000
2026-09-01T16:00:00+00:00,1788278400000,77919.07000000,77976.00000000,77318.00000000,77596.01000000,692.23833000
2026-09-01T17:00:00+00:00,1788282000000,77596.01000000,77721.26000000,77241.12000000,77265.79000000,484.76204000
2026-09-01T18:00:00+00:00,1788285600000,77265.79000000,77319.64000000,76420.00000000,77153.90000000,1485.89835000
2026-09-01T19:00:00+00:00,1788289200000,77153.89000000,77466.55000000,77112.00000000,77312.00000000,445.04268000
2026-09-01T20:00:00+00:00,1788292800000,77312.00000000,77471.90000000,77236.48000000,77448.45000000,266.37627000
2026-09-01T21:00:00+00:00,1788296400000,77448.46000000,77516.30000000,76920.36000000,77211.32000000,414.98710000
2026-09-01T22:00:00+00:00,1788300000000,77211.32000000,77364.01000000,77030.00000000,77274.02000000,335.29844000
2026-09-01T23:00:00+00:00,1788303600000,77274.02000000,77638.18000000,77218.00000000,77439.00000000,341.60079000
2026-09-02T00:00:00+00:00,1788307200000,77439.01000000,77512.00000000,77132.00000000,77213.25000000,352.51719000
2026-09-02T01:00:00+00:00,1788310800000,77213.24000000,77372.00000000,76718.48000000,77020.68000000,661.59711000
2026-09-02T02:00:00+00:00,1788314400000,77020.67000000,77343.74000000,76948.97000000,77329.20000000,437.17945000
2026-09-02T03:00:00+00:00,1788318000000,77329.20000000,77792.00000000,77314.51000000,77563.50000000,618.37453000
2026-09-02T04:00:00+00:00,1788321600000,77563.50000000,77612.84000000,77294.56000000,77561.82000000,299.92710000
2026-09-02T05:00:00+00:00,1788325200000,77561.82000000,77761.93000000,77438.00000000,77651.07000000,341.82850000
2026-09-02T06:00:00+00:00,1788328800000,77651.08000000,77724.00000000,77462.00000000,77611.54000000,397.05137000
2026-09-02T07:00:00+00:00,1788332400000,77611.53000000,77765.99000000,77473.84000000,77473.85000000,515.90710000
2026-09-02T08:00:00+00:00,1788336000000,77473.86000000,77546.00000000,76746.81000000,76854.11000000,705.11459000
2026-09-02T09:00:00+00:00,1788339600000,76854.11000000,77049.40000000,76484.64000000,76752.26000000,1036.05232000
2026-09-02T10:00:00+00:00,1788343200000,76752.26000000,76753.83000000,76264.00000000,76680.88000000,924.89427000
2026-09-02T11:00:00+00:00,1788346800000,76680.88000000,76848.73000000,76356.00000000,76828.76000000,641.75915000
2026-09-02T12:00:00+00:00,1788350400000,76828.75000000,77049.40000000,76611.67000000,76613.88000000,581.91449000
2026-09-02T13:00:00+00:00,1788354000000,76613.87000000,77443.61000000,76613.87000000,77146.00000000,812.83227000
2026-09-02T14:00:00+00:00,1788357600000,77146.00000000,77490.00000000,77010.24000000,77066.42000000,555.40079000
2026-09-02T15:00:00+00:00,1788361200000,77066.42000000,77386.00000000,76748.01000000,77288.98000000,824.93813000
2026-09-02T16:00:00+00:00,1788364800000,77288.97000000,77582.00000000,77171.50000000,77171.50000000,1179.92404000
2026-09-02T17:00:00+00:00,1788368400000,77171.51000000,77406.00000000,76950.56000000,77381.66000000,465.02159000
2026-09-02T18:00:00+00:00,1788372000000,77381.65000000,77524.00000000,77296.52000000,77377.76000000,374.99513000
2026-09-02T19:00:00+00:00,1788375600000,77377.76000000,77416.00000000,77124.00000000,77341.47000000,289.41380000
2026-09-02T20:00:00+00:00,1788379200000,77341.48000000,77520.00000000,77207.47000000,77406.01000000,382.13526000
2026-09-02T21:00:00+00:00,1788382800000,77406.00000000,77431.78000000,77242.00000000,77284.00000000,291.06451000
2026-09-02T22:00:00+00:00,1788386400000,77284.01000000,77284.01000000,77023.11000000,77034.03000000,188.20028000
2026-09-02T23:00:00+00:00,1788390000000,77034.03000000,77372.62000000,77007.36000000,77340.01000000,192.93523000
2026-09-03T00:00:00+00:00,1788393600000,77340.01000000,77394.00000000,76980.01000000,77068.01000000,327.32527000
2026-09-03T01:00:00+00:00,1788397200000,77068.00000000,77546.80000000,76968.00000000,77356.70000000,533.28645000
2026-09-03T02:00:00+00:00,1788400800000,77356.69000000,77900.00000000,77238.89000000,77816.01000000,563.52004000
2026-09-03T03:00:00+00:00,1788404400000,77816.02000000,77880.00000000,77642.09000000,77708.00000000,385.93335000
2026-09-03T04:00:00+00:00,1788408000000,77708.01000000,77833.10000000,77547.16000000,77776.00000000,336.15526000
2026-09-03T05:00:00+00:00,1788411600000,77775.99000000,77829.80000000,77101.01000000,77809.91000000,617.52986000
2026-09-03T06:00:00+00:00,1788415200000,77809.91000000,77856.16000000,77698.75000000,77835.19000000,408.13131000
2026-09-03T07:00:00+00:00,1788418800000,77835.20000000,78183.91000000,77600.00000000,77663.15000000,696.21966000
2026-09-03T08:00:00+00:00,1788422400000,77663.14000000,78066.00000000,77663.14000000,77843.34000000,363.22912000
2026-09-03T09:00:00+00:00,1788426000000,77843.34000000,77975.46000000,77608.00000000,77615.24000000,341.00857000
2026-09-03T10:00:00+00:00,1788429600000,77615.25000000,77773.26000000,77478.00000000,77735.88000000,406.39260000
2026-09-03T11:00:00+00:00,1788433200000,77735.88000000,78004.94000000,77709.52000000,77948.39000000,396.76900000
2026-09-03T12:00:00+00:00,1788436800000,77948.39000000,78782.75000000,77896.07000000,78652.38000000,979.94222000
2026-09-03T13:00:00+00:00,1788440400000,78652.37000000,79000.00000000,78450.25000000,78840.52000000,1052.74377000
2026-09-03T14:00:00+00:00,1788444000000,78840.52000000,80561.00000000,78704.00000000,80549.97000000,2513.50820000
2026-09-03T15:00:00+00:00,1788447600000,80549.97000000,81370.33000000,80354.65000000,81348.00000000,3056.18534000
2026-09-03T16:00:00+00:00,1788451200000,81348.00000000,81360.00000000,80613.52000000,80969.37000000,1239.78575000
2026-09-03T17:00:00+00:00,1788454800000,80969.37000000,81188.17000000,80886.00000000,81042.00000000,875.49534000
2026-09-03T18:00:00+00:00,1788458400000,81042.00000000,81333.33000000,80904.00000000,81254.32000000,595.62382000
2026-09-03T19:00:00+00:00,1788462000000,81254.31000000,81790.00000000,81171.98000000,81755.41000000,1102.96623000
2026-09-03T20:00:00+00:00,1788465600000,81755.41000000,81780.00000000,81392.74000000,81473.00000000,601.53572000
2026-09-03T21:00:00+00:00,1788469200000,81473.00000000,82300.00000000,81288.00000000,81590.00000000,1292.57121000
2026-09-03T22:00:00+00:00,1788472800000,81590.00000000,81604.65000000,80905.05000000,81140.00000000,712.57205000
2026-09-03T23:00:00+00:00,1788476400000,81140.00000000,81338.00000000,81078.00000000,81270.37000000,407.99233000
2026-09-04T00:00:00+00:00,1788480000000,81270.37000000,81427.75000000,80960.00000000,80972.12000000,643.20132000
2026-09-04T01:00:00+00:00,1788483600000,80972.11000000,81097.92000000,80759.52000000,80968.01000000,505.56595000
2026-09-04T02:00:00+00:00,1788487200000,80968.01000000,80968.01000000,80669.45000000,80831.99000000,433.77504000
2026-09-04T03:00:00+00:00,1788490800000,80832.00000000,81021.80000000,80806.00000000,80850.00000000,523.81704000
2026-09-04T04:00:00+00:00,1788494400000,80850.01000000,81288.00000000,80820.00000000,81070.54000000,602.46481000
2026-09-04T05:00:00+00:00,1788498000000,81070.54000000,81143.30000000,80863.03000000,80996.15000000,593.73244000
2026-09-04T06:00:00+00:00,1788501600000,80996.15000000,81090.00000000,80573.21000000,80797.39000000,435.61525000
2026-09-04T07:00:00+00:00,1788505200000,80797.40000000,80966.75000000,80641.65000000,80656.87000000,705.83482000
2026-09-04T08:00:00+00:00,1788508800000,80656.86000000,81237.00000000,80502.87000000,81147.16000000,754.04554000
2026-09-04T09:00:00+00:00,1788512400000,81147.16000000,81310.00000000,80934.24000000,81056.63000000,968.87345000
2026-09-04T10:00:00+00:00,1788516000000,81056.63000000,81194.00000000,80831.14000000,81179.63000000,483.39639000
2026-09-04T11:00:00+00:00,1788519600000,81179.64000000,81423.03000000,81080.01000000,81224.86000000,512.44736000
2026-09-04T12:00:00+00:00,1788523200000,81224.86000000,81350.00000000,79177.77000000,79453.96000000,3691.19669000
2026-09-04T13:00:00+00:00,1788526800000,79453.95000000,79704.00000000,79000.00000000,79378.67000000,1927.84184000
2026-09-04T14:00:00+00:00,1788530400000,79378.66000000,79572.00000000,78660.00000000,78915.71000000,1816.73349000
2026-09-04T15:00:00+00:00,1788534000000,78915.71000000,79555.32000000,78800.00000000,79429.33000000,942.77981000
2026-09-04T16:00:00+00:00,1788537600000,79429.33000000,79877.07000000,79378.19000000,79745.73000000,1059.83504000
2026-09-04T17:00:00+00:00,1788541200000,79745.72000000,79752.92000000,79383.00000000,79472.22000000,392.51492000
2026-09-04T18:00:00+00:00,1788544800000,79472.22000000,79655.86000000,79472.22000000,79618.15000000,263.34116000
2026-09-04T19:00:00+00:00,1788548400000,79618.15000000,79819.99000000,79618.14000000,79793.34000000,391.97239000
2026-09-04T20:00:00+00:00,1788552000000,79793.35000000,79862.15000000,79667.99000000,79697.04000000,252.17194000
2026-09-04T21:00:00+00:00,1788555600000,79697.03000000,79819.30000000,79512.00000000,79624.00000000,645.54178000
2026-09-04T22:00:00+00:00,1788559200000,79624.00000000,79716.00000000,79604.00000000,79636.09000000,498.99738000
2026-09-04T23:00:00+00:00,1788562800000,79636.09000000,79758.00000000,79600.89000000,79660.77000000,152.92964000
2026-09-05T00:00:00+00:00,1788566400000,79660.77000000,79721.57000000,79562.00000000,79573.36000000,179.53978000
2026-09-05T01:00:00+00:00,1788570000000,79573.37000000,79710.00000000,79533.34000000,79533.34000000,251.27651000
2026-09-05T02:00:00+00:00,1788573600000,79533.34000000,79622.00000000,79472.22000000,79569.09000000,226.54938000
2026-09-05T03:00:00+00:00,1788577200000,79569.09000000,79630.74000000,79510.93000000,79582.00000000,222.17902000
2026-09-05T04:00:00+00:00,1788580800000,79581.99000000,79589.84000000,79500.00000000,79500.01000000,283.95874000
2026-09-05T05:00:00+00:00,1788584400000,79500.01000000,79600.01000000,79442.00000000,79577.53000000,486.56078000
2026-09-05T06:00:00+00:00,1788588000000,79577.53000000,79715.72000000,79576.00000000,79644.01000000,255.76484000
2026-09-05T07:00:00+00:00,1788591600000,79644.01000000,79763.41000000,79639.22000000,79709.96000000,273.27755000
2026-09-05T08:00:00+00:00,1788595200000,79709.96000000,79727.95000000,79568.00000000,79650.00000000,377.92884000
2026-09-05T09:00:00+00:00,1788598800000,79650.01000000,79735.97000000,79612.00000000,79631.28000000,391.22508000
2026-09-05T10:00:00+00:00,1788602400000,79631.29000000,79664.00000000,79593.92000000,79618.01000000,324.09358000
2026-09-05T11:00:00+00:00,1788606000000,79618.00000000,79674.33000000,79608.00000000,79609.28000000,224.00252000
2026-09-05T12:00:00+00:00,1788609600000,79609.29000000,79774.00000000,79609.28000000,79704.14000000,350.25887000
2026-09-05T13:00:00+00:00,1788613200000,79704.13000000,79762.00000000,79545.96000000,79613.67000000,488.89817000
2026-09-05T14:00:00+00:00,1788616800000,79613.67000000,79756.32000000,79613.67000000,79719.76000000,292.28201000
2026-09-05T15:00:00+00:00,1788620400000,79719.75000000,79816.00000000,79678.62000000,79806.01000000,383.76927000
2026-09-05T16:00:00+00:00,1788624000000,79806.00000000,80200.00000000,79754.00000000,80042.00000000,716.52557000
2026-09-05T17:00:00+00:00,1788627600000,80041.99000000,80162.29000000,79973.85000000,80058.60000000,894.70031000
2026-09-05T18:00:00+00:00,1788631200000,80058.60000000,80078.00000000,79930.00000000,79999.98000000,332.81067000
2026-09-05T19:00:00+00:00,1788634800000,79999.99000000,79999.99000000,79712.86000000,79754.00000000,243.22911000
2026-09-05T20:00:00+00:00,1788638400000,79753.99000000,79840.25000000,79694.00000000,79737.83000000,651.64016000
2026-09-05T21:00:00+00:00,1788642000000,79737.83000000,79938.00000000,79724.87000000,79906.02000000,164.28133000
2026-09-05T22:00:00+00:00,1788645600000,79906.02000000,79947.99000000,79749.41000000,79783.99000000,517.56847000
2026-09-05T23:00:00+00:00,1788649200000,79783.99000000,79912.83000000,79706.04000000,79831.75000000,584.91964000
2026-09-06T00:00:00+00:00,1788652800000,79831.75000000,79940.68000000,79829.98000000,79868.00000000,147.80921000
2026-09-06T01:00:00+00:00,1788656400000,79868.01000000,80067.45000000,79868.01000000,79951.39000000,305.00919000
2026-09-06T02:00:00+00:00,1788660000000,79951.38000000,80019.11000000,79876.00000000,79907.28000000,258.24501000
2026-09-06T03:00:00+00:00,1788663600000,79907.28000000,80107.99000000,79893.86000000,80028.01000000,248.71269000
2026-09-06T04:00:00+00:00,1788667200000,80028.01000000,80028.01000000,79854.00000000,79866.01000000,362.36734000
2026-09-06T05:00:00+00:00,1788670800000,79866.01000000,80107.99000000,79794.04000000,79989.13000000,642.22052000
2026-09-06T06:00:00+00:00,1788674400000,79989.12000000,79989.13000000,79676.66000000,79784.65000000,290.41612000
2026-09-06T07:00:00+00:00,1788678000000,79784.65000000,79865.89000000,79577.00000000,79805.00000000,339.23106000
2026-09-06T08:00:00+00:00,1788681600000,79804.68000000,79889.99000000,79752.70000000,79837.17000000,578.27369000
2026-09-06T09:00:00+00:00,1788685200000,79837.17000000,79990.00000000,79806.01000000,79885.77000000,684.16607000
2026-09-06T10:00:00+00:00,1788688800000,79885.78000000,80020.00000000,79885.77000000,80003.93000000,223.38098000
2026-09-06T11:00:00+00:00,1788692400000,80003.92000000,80003.93000000,79890.00000000,79919.17000000,224.08052000
2026-09-06T12:00:00+00:00,1788696000000,79919.17000000,80010.00000000,79858.10000000,79922.04000000,269.79443000
2026-09-06T13:00:00+00:00,1788699600000,79922.04000000,79968.00000000,79760.39000000,79829.98000000,380.28916000
2026-09-06T14:00:00+00:00,1788703200000,79829.99000000,79840.25000000,79233.00000000,79543.06000000,699.69504000
2026-09-06T15:00:00+00:00,1788706800000,79543.07000000,79734.59000000,79383.32000000,79716.50000000,342.10102000
2026-09-06T16:00:00+00:00,1788710400000,79716.51000000,79786.00000000,79606.04000000,79682.00000000,222.29132000
2026-09-06T17:00:00+00:00,1788714000000,79682.00000000,79773.88000000,79584.73000000,79745.34000000,205.07571000
2026-09-06T18:00:00+00:00,1788717600000,79745.34000000,79970.00000000,79745.34000000,79955.34000000,218.34399000
2026-09-06T19:00:00+00:00,1788721200000,79955.34000000,79955.34000000,79799.52000000,79829.99000000,213.50154000
2026-09-06T20:00:00+00:00,1788724800000,79830.00000000,79973.56000000,79776.59000000,79912.00000000,235.83849000
2026-09-06T21:00:00+00:00,1788728400000,79912.00000000,80034.00000000,79875.24000000,79944.38000000,381.14031000
2026-09-06T22:00:00+00:00,1788732000000,79944.39000000,80093.79000000,79647.04000000,80055.17000000,486.73578000
2026-09-06T23:00:00+00:00,1788735600000,80055.18000000,80559.99000000,80010.00000000,80341.83000000,896.09908000
2026-09-07T00:00:00+00:00,1788739200000,80341.83000000,80443.99000000,80059.11000000,80160.01000000,473.23720000
2026-09-07T01:00:00+00:00,1788742800000,80160.01000000,80243.81000000,79826.28000000,79926.14000000,429.22190000
2026-09-07T02:00:00+00:00,1788746400000,79926.14000000,80426.00000000,79800.00000000,79874.24000000,411.23362000
2026-09-07T03:00:00+00:00,1788750000000,79874.25000000,79986.02000000,79568.60000000,79596.39000000,424.23144000
2026-09-07T04:00:00+00:00,1788753600000,79596.38000000,79732.15000000,79540.38000000,79724.00000000,680.36024000
2026-09-07T05:00:00+00:00,1788757200000,79724.01000000,79926.04000000,79666.79000000,79759.47000000,625.29002000
2026-09-07T06:00:00+00:00,1788760800000,79759.47000000,79825.70000000,79644.55000000,79659.27000000,564.03546000
2026-09-07T07:00:00+00:00,1788764400000,79659.28000000,79691.06000000,79001.10000000,79397.83000000,867.88528000
2026-09-07T08:00:00+00:00,1788768000000,79397.83000000,79530.47000000,79397.83000000,79437.38000000,367.39664000
2026-09-07T09:00:00+00:00,1788771600000,79437.39000000,79550.00000000,79291.15000000,79313.85000000,384.36999000
2026-09-07T10:00:00+00:00,1788775200000,79313.85000000,79459.50000000,79313.85000000,79360.00000000,340.14563000
2026-09-07T11:00:00+00:00,1788778800000,79360.00000000,79487.01000000,79282.00000000,79420.16000000,322.16899000
2026-09-07T12:00:00+00:00,1788782400000,79420.16000000,79627.43000000,79400.48000000,79606.84000000,278.61012000
2026-09-07T13:00:00+00:00,1788786000000,79606.84000000,79643.50000000,79318.92000000,79352.01000000,537.87474000
2026-09-07T14:00:00+00:00,1788789600000,79352.00000000,79396.36000000,78956.94000000,79191.95000000,729.96261000
2026-09-07T15:00:00+00:00,1788793200000,79191.96000000,79191.96000000,78680.00000000,78821.99000000,790.15811000
2026-09-07T16:00:00+00:00,1788796800000,78822.00000000,79035.23000000,78807.69000000,79028.87000000,428.99902000
2026-09-07T17:00:00+00:00,1788800400000,79028.88000000,79223.53000000,79018.00000000,79185.73000000,251.37537000
2026-09-07T18:00:00+00:00,1788804000000,79185.74000000,79244.00000000,79096.00000000,79196.16000000,308.24543000
2026-09-07T19:00:00+00:00,1788807600000,79196.15000000,79419.17000000,79150.00000000,79365.82000000,230.49171000
2026-09-07T20:00:00+00:00,1788811200000,79365.81000000,79394.92000000,79168.01000000,79238.00000000,212.62445000
2026-09-07T21:00:00+00:00,1788814800000,79238.00000000,79278.00000000,79164.00000000,79164.00000000,163.69203000
2026-09-07T22:00:00+00:00,1788818400000,79164.01000000,79218.18000000,78781.07000000,78952.19000000,458.00504000
2026-09-07T23:00:00+00:00,1788822000000,78952.18000000,79210.00000000,78938.38000000,79112.01000000,292.83991000
2026-09-08T00:00:00+00:00,1788825600000,79112.00000000,79313.09000000,78972.51000000,79313.08000000,445.07914000
2026-09-08T01:00:00+00:00,1788829200000,79313.09000000,79463.06000000,79266.48000000,79441.99000000,454.81703000
2026-09-08T02:00:00+00:00,1788832800000,79441.98000000,79485.00000000,78930.00000000,78930.01000000,601.51271000
2026-09-08T03:00:00+00:00,1788836400000,78930.01000000,79002.00000000,78725.10000000,78906.28000000,813.22360000
2026-09-08T04:00:00+00:00,1788840000000,78906.27000000,78929.24000000,78678.70000000,78678.71000000,558.10183000
2026-09-08T05:00:00+00:00,1788843600000,78678.70000000,78882.00000000,78555.00000000,78578.00000000,847.29044000
2026-09-08T06:00:00+00:00,1788847200000,78577.99000000,78632.00000000,78261.61000000,78323.59000000,1913.91469000
2026-09-08T07:00:00+00:00,1788850800000,78323.59000000,78609.99000000,78179.98000000,78482.00000000,3433.75725000
2026-09-08T08:00:00+00:00,1788854400000,78482.00000000,78581.80000000,78281.30000000,78418.00000000,855.40310000
2026-09-08T09:00:00+00:00,1788858000000,78418.00000000,78800.00000000,78317.03000000,78761.99000000,641.52148000
2026-09-08T10:00:00+00:00,1788861600000,78762.00000000,78994.50000000,78568.00000000,78568.00000000,435.62963000
2026-09-08T11:00:00+00:00,1788865200000,78568.01000000,78576.00000000,78271.63000000,78430.01000000,682.36626000
2026-09-08T12:00:00+00:00,1788868800000,78430.00000000,78483.42000000,78215.36000000,78449.99000000,839.62079000
2026-09-08T13:00:00+00:00,1788872400000,78450.00000000,78545.46000000,77620.01000000,77961.66000000,2274.11248000
2026-09-08T14:00:00+00:00,1788876000000,77961.66000000,78630.81000000,77854.00000000,78567.52000000,885.70593000
2026-09-08T15:00:00+00:00,1788879600000,78567.52000000,78910.88000000,78451.39000000,78904.00000000,668.56307000
2026-09-08T16:00:00+00:00,1788883200000,78904.00000000,78978.39000000,78581.33000000,78735.89000000,339.80818000
2026-09-08T17:00:00+00:00,1788886800000,78735.88000000,78892.00000000,78500.00000000,78504.38000000,376.83451000
2026-09-08T18:00:00+00:00,1788890400000,78504.38000000,78822.47000000,78271.49000000,78436.00000000,310.67894000
2026-09-08T19:00:00+00:00,1788894000000,78436.01000000,78528.00000000,78325.39000000,78446.00000000,457.27833000
2026-09-08T20:00:00+00:00,1788897600000,78445.99000000,78621.77000000,78410.05000000,78487.99000000,286.88980000
2026-09-08T21:00:00+00:00,1788901200000,78487.99000000,78623.21000000,78406.00000000,78492.18000000,346.32180000
2026-09-08T22:00:00+00:00,1788904800000,78492.19000000,78662.75000000,78458.00000000,78562.44000000,344.45436000
2026-09-08T23:00:00+00:00,1788908400000,78562.43000000,78575.31000000,78408.64000000,78455.80000000,422.18070000
2026-09-09T00:00:00+00:00,1788912000000,78455.80000000,78796.97000000,78455.79000000,78774.65000000,263.81065000
2026-09-09T01:00:00+00:00,1788915600000,78774.66000000,78891.50000000,78633.53000000,78891.50000000,737.84364000
2026-09-09T02:00:00+00:00,1788919200000,78891.49000000,78928.65000000,78686.46000000,78726.01000000,338.69714000
2026-09-09T03:00:00+00:00,1788922800000,78726.01000000,78726.01000000,78548.46000000,78638.01000000,269.38216000
2026-09-09T04:00:00+00:00,1788926400000,78638.01000000,79215.83000000,78638.00000000,79171.50000000,659.48495000
2026-09-09T05:00:00+00:00,1788930000000,79171.50000000,79370.01000000,78840.59000000,78923.43000000,571.99145000
2026-09-09T06:00:00+00:00,1788933600000,78923.43000000,79290.63000000,78865.71000000,79159.03000000,306.40396000
2026-09-09T07:00:00+00:00,1788937200000,79159.03000000,79400.00000000,79151.34000000,79277.43000000,435.40632000
2026-09-09T08:00:00+00:00,1788940800000,79277.44000000,79760.00000000,79264.00000000,79698.02000000,838.18454000
2026-09-09T09:00:00+00:00,1788944400000,79698.02000000,79716.00000000,78900.00000000,78952.01000000,524.33216000
2026-09-09T10:00:00+00:00,1788948000000,78952.01000000,79183.91000000,78878.11000000,78920.01000000,419.34722000
2026-09-09T11:00:00+00:00,1788951600000,78920.01000000,79379.28000000,78725.29000000,79324.75000000,742.09582000
2026-09-09T12:00:00+00:00,1788955200000,79324.75000000,79662.56000000,79281.51000000,79606.14000000,1136.20636000
2026-09-09T13:00:00+00:00,1788958800000,79606.15000000,79678.84000000,79103.19000000,79140.69000000,700.93720000
2026-09-09T14:00:00+00:00,1788962400000,79140.69000000,79413.74000000,78877.36000000,78958.01000000,1034.69116000
2026-09-09T15:00:00+00:00,1788966000000,78958.01000000,79394.99000000,78060.03000000,78596.70000000,1730.66758000
2026-09-09T16:00:00+00:00,1788969600000,78596.70000000,78938.55000000,78460.34000000,78804.90000000,548.53711000
2026-09-09T17:00:00+00:00,1788973200000,78804.90000000,78934.40000000,78674.00000000,78776.01000000,424.82404000
2026-09-09T18:00:00+00:00,1788976800000,78776.00000000,78792.25000000,78403.36000000,78414.42000000,291.49177000
2026-09-09T19:00:00+00:00,1788980400000,78414.42000000,78575.32000000,78150.00000000,78234.94000000,474.58363000
2026-09-09T20:00:00+00:00,1788984000000,78234.94000000,78340.01000000,77917.09000000,78324.07000000,550.88264000
2026-09-09T21:00:00+00:00,1788987600000,78324.07000000,78339.56000000,77994.15000000,78145.02000000,316.14499000
2026-09-09T22:00:00+00:00,1788991200000,78145.02000000,78196.00000000,77770.00000000,77924.06000000,513.88945000
2026-09-09T23:00:00+00:00,1788994800000,77924.00000000,78321.09000000,77920.56000000,78306.43000000,300.08433000
2026-09-10T00:00:00+00:00,1788998400000,78306.43000000,78382.35000000,78073.80000000,78180.70000000,826.01999000
